--
-- PostgreSQL database dump
--

\restrict vuQUEL0yvSNe1df201WcI3HpdDjlzrpHWzgBvq9izl9hLiHyzBE7kXgwsOnjfpj

-- Dumped from database version 18.3 (Debian 18.3-1.pgdg12+1)
-- Dumped by pg_dump version 18.3

SET statement_timeout = 0;
SET lock_timeout = 0;
SET idle_in_transaction_session_timeout = 0;
SET transaction_timeout = 0;
SET client_encoding = 'UTF8';
SET standard_conforming_strings = on;
SELECT pg_catalog.set_config('search_path', '', false);
SET check_function_bodies = false;
SET xmloption = content;
SET client_min_messages = warning;
SET row_security = off;

--
-- Name: public; Type: SCHEMA; Schema: -; Owner: jarddigital_db_user
--

-- *not* creating schema, since initdb creates it


ALTER SCHEMA public OWNER TO jarddigital_db_user;

SET default_tablespace = '';

SET default_table_access_method = heap;

--
-- Name: asistencia; Type: TABLE; Schema: public; Owner: jarddigital_db_user
--

CREATE TABLE public.asistencia (
    id bigint NOT NULL,
    fecha date NOT NULL,
    asistio boolean NOT NULL,
    activo boolean NOT NULL,
    id_sucursal bigint NOT NULL,
    id_usuario bigint NOT NULL
);


ALTER TABLE public.asistencia OWNER TO jarddigital_db_user;

--
-- Name: asistencia_id_seq; Type: SEQUENCE; Schema: public; Owner: jarddigital_db_user
--

ALTER TABLE public.asistencia ALTER COLUMN id ADD GENERATED BY DEFAULT AS IDENTITY (
    SEQUENCE NAME public.asistencia_id_seq
    START WITH 1
    INCREMENT BY 1
    NO MINVALUE
    NO MAXVALUE
    CACHE 1
);


--
-- Name: audios_venta; Type: TABLE; Schema: public; Owner: jarddigital_db_user
--

CREATE TABLE public.audios_venta (
    id bigint NOT NULL,
    nombre_etiqueta character varying(100) NOT NULL,
    url_audio character varying(255) NOT NULL,
    fecha_subida timestamp with time zone NOT NULL,
    activo boolean NOT NULL,
    id_venta bigint NOT NULL,
    conforme boolean,
    motivo character varying(255),
    corregido boolean NOT NULL
);


ALTER TABLE public.audios_venta OWNER TO jarddigital_db_user;

--
-- Name: audios_venta_id_seq; Type: SEQUENCE; Schema: public; Owner: jarddigital_db_user
--

ALTER TABLE public.audios_venta ALTER COLUMN id ADD GENERATED BY DEFAULT AS IDENTITY (
    SEQUENCE NAME public.audios_venta_id_seq
    START WITH 1
    INCREMENT BY 1
    NO MINVALUE
    NO MAXVALUE
    CACHE 1
);


--
-- Name: auth_group; Type: TABLE; Schema: public; Owner: jarddigital_db_user
--

CREATE TABLE public.auth_group (
    id integer NOT NULL,
    name character varying(150) NOT NULL
);


ALTER TABLE public.auth_group OWNER TO jarddigital_db_user;

--
-- Name: auth_group_id_seq; Type: SEQUENCE; Schema: public; Owner: jarddigital_db_user
--

ALTER TABLE public.auth_group ALTER COLUMN id ADD GENERATED BY DEFAULT AS IDENTITY (
    SEQUENCE NAME public.auth_group_id_seq
    START WITH 1
    INCREMENT BY 1
    NO MINVALUE
    NO MAXVALUE
    CACHE 1
);


--
-- Name: auth_group_permissions; Type: TABLE; Schema: public; Owner: jarddigital_db_user
--

CREATE TABLE public.auth_group_permissions (
    id bigint NOT NULL,
    group_id integer NOT NULL,
    permission_id integer NOT NULL
);


ALTER TABLE public.auth_group_permissions OWNER TO jarddigital_db_user;

--
-- Name: auth_group_permissions_id_seq; Type: SEQUENCE; Schema: public; Owner: jarddigital_db_user
--

ALTER TABLE public.auth_group_permissions ALTER COLUMN id ADD GENERATED BY DEFAULT AS IDENTITY (
    SEQUENCE NAME public.auth_group_permissions_id_seq
    START WITH 1
    INCREMENT BY 1
    NO MINVALUE
    NO MAXVALUE
    CACHE 1
);


--
-- Name: auth_permission; Type: TABLE; Schema: public; Owner: jarddigital_db_user
--

CREATE TABLE public.auth_permission (
    id integer NOT NULL,
    name character varying(255) NOT NULL,
    content_type_id integer NOT NULL,
    codename character varying(100) NOT NULL
);


ALTER TABLE public.auth_permission OWNER TO jarddigital_db_user;

--
-- Name: auth_permission_id_seq; Type: SEQUENCE; Schema: public; Owner: jarddigital_db_user
--

ALTER TABLE public.auth_permission ALTER COLUMN id ADD GENERATED BY DEFAULT AS IDENTITY (
    SEQUENCE NAME public.auth_permission_id_seq
    START WITH 1
    INCREMENT BY 1
    NO MINVALUE
    NO MAXVALUE
    CACHE 1
);


--
-- Name: bolsa_comisiones; Type: TABLE; Schema: public; Owner: jarddigital_db_user
--

CREATE TABLE public.bolsa_comisiones (
    id bigint NOT NULL,
    mes_origen integer NOT NULL,
    anio_origen integer NOT NULL,
    total_ventas_pagadas integer NOT NULL,
    monto_bruto_generado numeric(10,2) NOT NULL,
    factor_aplicado numeric(3,2) NOT NULL,
    monto_neto_guardado numeric(10,2) NOT NULL,
    pagado boolean NOT NULL,
    id_usuario bigint NOT NULL,
    id_regla_aplicada bigint NOT NULL
);


ALTER TABLE public.bolsa_comisiones OWNER TO jarddigital_db_user;

--
-- Name: bolsa_comisiones_id_seq; Type: SEQUENCE; Schema: public; Owner: jarddigital_db_user
--

ALTER TABLE public.bolsa_comisiones ALTER COLUMN id ADD GENERATED BY DEFAULT AS IDENTITY (
    SEQUENCE NAME public.bolsa_comisiones_id_seq
    START WITH 1
    INCREMENT BY 1
    NO MINVALUE
    NO MAXVALUE
    CACHE 1
);


--
-- Name: departamentos; Type: TABLE; Schema: public; Owner: jarddigital_db_user
--

CREATE TABLE public.departamentos (
    id bigint NOT NULL,
    codigo_ubigeo character varying(2) NOT NULL,
    nombre character varying(100) NOT NULL
);


ALTER TABLE public.departamentos OWNER TO jarddigital_db_user;

--
-- Name: departamentos_id_seq; Type: SEQUENCE; Schema: public; Owner: jarddigital_db_user
--

ALTER TABLE public.departamentos ALTER COLUMN id ADD GENERATED BY DEFAULT AS IDENTITY (
    SEQUENCE NAME public.departamentos_id_seq
    START WITH 1
    INCREMENT BY 1
    NO MINVALUE
    NO MAXVALUE
    CACHE 1
);


--
-- Name: distritos; Type: TABLE; Schema: public; Owner: jarddigital_db_user
--

CREATE TABLE public.distritos (
    id bigint NOT NULL,
    codigo_ubigeo character varying(6) NOT NULL,
    nombre character varying(100) NOT NULL,
    id_provincia_id bigint NOT NULL
);


ALTER TABLE public.distritos OWNER TO jarddigital_db_user;

--
-- Name: distritos_id_seq; Type: SEQUENCE; Schema: public; Owner: jarddigital_db_user
--

ALTER TABLE public.distritos ALTER COLUMN id ADD GENERATED BY DEFAULT AS IDENTITY (
    SEQUENCE NAME public.distritos_id_seq
    START WITH 1
    INCREMENT BY 1
    NO MINVALUE
    NO MAXVALUE
    CACHE 1
);


--
-- Name: django_admin_log; Type: TABLE; Schema: public; Owner: jarddigital_db_user
--

CREATE TABLE public.django_admin_log (
    id integer NOT NULL,
    action_time timestamp with time zone NOT NULL,
    object_id text,
    object_repr character varying(200) NOT NULL,
    action_flag smallint NOT NULL,
    change_message text NOT NULL,
    content_type_id integer,
    user_id bigint NOT NULL,
    CONSTRAINT django_admin_log_action_flag_check CHECK ((action_flag >= 0))
);


ALTER TABLE public.django_admin_log OWNER TO jarddigital_db_user;

--
-- Name: django_admin_log_id_seq; Type: SEQUENCE; Schema: public; Owner: jarddigital_db_user
--

ALTER TABLE public.django_admin_log ALTER COLUMN id ADD GENERATED BY DEFAULT AS IDENTITY (
    SEQUENCE NAME public.django_admin_log_id_seq
    START WITH 1
    INCREMENT BY 1
    NO MINVALUE
    NO MAXVALUE
    CACHE 1
);


--
-- Name: django_content_type; Type: TABLE; Schema: public; Owner: jarddigital_db_user
--

CREATE TABLE public.django_content_type (
    id integer NOT NULL,
    app_label character varying(100) NOT NULL,
    model character varying(100) NOT NULL
);


ALTER TABLE public.django_content_type OWNER TO jarddigital_db_user;

--
-- Name: django_content_type_id_seq; Type: SEQUENCE; Schema: public; Owner: jarddigital_db_user
--

ALTER TABLE public.django_content_type ALTER COLUMN id ADD GENERATED BY DEFAULT AS IDENTITY (
    SEQUENCE NAME public.django_content_type_id_seq
    START WITH 1
    INCREMENT BY 1
    NO MINVALUE
    NO MAXVALUE
    CACHE 1
);


--
-- Name: django_migrations; Type: TABLE; Schema: public; Owner: jarddigital_db_user
--

CREATE TABLE public.django_migrations (
    id bigint NOT NULL,
    app character varying(255) NOT NULL,
    name character varying(255) NOT NULL,
    applied timestamp with time zone NOT NULL
);


ALTER TABLE public.django_migrations OWNER TO jarddigital_db_user;

--
-- Name: django_migrations_id_seq; Type: SEQUENCE; Schema: public; Owner: jarddigital_db_user
--

ALTER TABLE public.django_migrations ALTER COLUMN id ADD GENERATED BY DEFAULT AS IDENTITY (
    SEQUENCE NAME public.django_migrations_id_seq
    START WITH 1
    INCREMENT BY 1
    NO MINVALUE
    NO MAXVALUE
    CACHE 1
);


--
-- Name: django_session; Type: TABLE; Schema: public; Owner: jarddigital_db_user
--

CREATE TABLE public.django_session (
    session_key character varying(40) NOT NULL,
    session_data text NOT NULL,
    expire_date timestamp with time zone NOT NULL
);


ALTER TABLE public.django_session OWNER TO jarddigital_db_user;

--
-- Name: estados_audios; Type: TABLE; Schema: public; Owner: jarddigital_db_user
--

CREATE TABLE public.estados_audios (
    id bigint NOT NULL,
    codigo character varying(20) NOT NULL,
    nombre character varying(100) NOT NULL,
    activo boolean NOT NULL
);


ALTER TABLE public.estados_audios OWNER TO jarddigital_db_user;

--
-- Name: estados_audios_id_seq; Type: SEQUENCE; Schema: public; Owner: jarddigital_db_user
--

ALTER TABLE public.estados_audios ALTER COLUMN id ADD GENERATED BY DEFAULT AS IDENTITY (
    SEQUENCE NAME public.estados_audios_id_seq
    START WITH 1
    INCREMENT BY 1
    NO MINVALUE
    NO MAXVALUE
    CACHE 1
);


--
-- Name: estados_sot; Type: TABLE; Schema: public; Owner: jarddigital_db_user
--

CREATE TABLE public.estados_sot (
    id bigint NOT NULL,
    codigo character varying(20) NOT NULL,
    nombre character varying(100) NOT NULL,
    orden integer,
    es_final boolean NOT NULL,
    color_hex character varying(7) NOT NULL,
    activo boolean NOT NULL
);


ALTER TABLE public.estados_sot OWNER TO jarddigital_db_user;

--
-- Name: estados_sot_id_seq; Type: SEQUENCE; Schema: public; Owner: jarddigital_db_user
--

ALTER TABLE public.estados_sot ALTER COLUMN id ADD GENERATED BY DEFAULT AS IDENTITY (
    SEQUENCE NAME public.estados_sot_id_seq
    START WITH 1
    INCREMENT BY 1
    NO MINVALUE
    NO MAXVALUE
    CACHE 1
);


--
-- Name: grabadores_audio; Type: TABLE; Schema: public; Owner: jarddigital_db_user
--

CREATE TABLE public.grabadores_audio (
    id bigint NOT NULL,
    nombre_completo character varying(255) NOT NULL,
    activo boolean NOT NULL,
    id_usuario_id bigint
);


ALTER TABLE public.grabadores_audio OWNER TO jarddigital_db_user;

--
-- Name: grabadores_audio_id_seq; Type: SEQUENCE; Schema: public; Owner: jarddigital_db_user
--

ALTER TABLE public.grabadores_audio ALTER COLUMN id ADD GENERATED BY DEFAULT AS IDENTITY (
    SEQUENCE NAME public.grabadores_audio_id_seq
    START WITH 1
    INCREMENT BY 1
    NO MINVALUE
    NO MAXVALUE
    CACHE 1
);


--
-- Name: historial_agenda_sot; Type: TABLE; Schema: public; Owner: jarddigital_db_user
--

CREATE TABLE public.historial_agenda_sot (
    id bigint NOT NULL,
    fecha_anterior date,
    fecha_nueva date NOT NULL,
    creado_en timestamp with time zone NOT NULL,
    usuario_responsable bigint NOT NULL,
    id_sub_estado_motivo bigint NOT NULL,
    id_venta bigint NOT NULL
);


ALTER TABLE public.historial_agenda_sot OWNER TO jarddigital_db_user;

--
-- Name: historial_agenda_sot_id_seq; Type: SEQUENCE; Schema: public; Owner: jarddigital_db_user
--

ALTER TABLE public.historial_agenda_sot ALTER COLUMN id ADD GENERATED BY DEFAULT AS IDENTITY (
    SEQUENCE NAME public.historial_agenda_sot_id_seq
    START WITH 1
    INCREMENT BY 1
    NO MINVALUE
    NO MAXVALUE
    CACHE 1
);


--
-- Name: liquidacion_mensual_asesor; Type: TABLE; Schema: public; Owner: jarddigital_db_user
--

CREATE TABLE public.liquidacion_mensual_asesor (
    id bigint NOT NULL,
    mes integer NOT NULL,
    anio integer NOT NULL,
    total_instaladas_mes integer NOT NULL,
    sueldo_base_calculado numeric(10,2) NOT NULL,
    monto_comisiones_pagado numeric(10,2) NOT NULL,
    monto_descuento_inasistencias numeric(10,2) CONSTRAINT liquidacion_mensual_asesor_monto_descuento_inasistenci_not_null NOT NULL,
    monto_final_pago numeric(10,2) NOT NULL,
    fecha_calculo timestamp with time zone NOT NULL,
    id_bolsa_pagada bigint,
    id_usuario bigint NOT NULL
);


ALTER TABLE public.liquidacion_mensual_asesor OWNER TO jarddigital_db_user;

--
-- Name: liquidacion_mensual_asesor_id_seq; Type: SEQUENCE; Schema: public; Owner: jarddigital_db_user
--

ALTER TABLE public.liquidacion_mensual_asesor ALTER COLUMN id ADD GENERATED BY DEFAULT AS IDENTITY (
    SEQUENCE NAME public.liquidacion_mensual_asesor_id_seq
    START WITH 1
    INCREMENT BY 1
    NO MINVALUE
    NO MAXVALUE
    CACHE 1
);


--
-- Name: modalidades; Type: TABLE; Schema: public; Owner: jarddigital_db_user
--

CREATE TABLE public.modalidades (
    id bigint NOT NULL,
    nombre character varying(50) NOT NULL,
    activo boolean NOT NULL
);


ALTER TABLE public.modalidades OWNER TO jarddigital_db_user;

--
-- Name: modalidades_id_seq; Type: SEQUENCE; Schema: public; Owner: jarddigital_db_user
--

ALTER TABLE public.modalidades ALTER COLUMN id ADD GENERATED BY DEFAULT AS IDENTITY (
    SEQUENCE NAME public.modalidades_id_seq
    START WITH 1
    INCREMENT BY 1
    NO MINVALUE
    NO MAXVALUE
    CACHE 1
);


--
-- Name: modalidades_sede; Type: TABLE; Schema: public; Owner: jarddigital_db_user
--

CREATE TABLE public.modalidades_sede (
    id bigint NOT NULL,
    activo boolean NOT NULL,
    id_modalidad bigint NOT NULL,
    id_sucursal bigint NOT NULL
);


ALTER TABLE public.modalidades_sede OWNER TO jarddigital_db_user;

--
-- Name: modalidades_sede_id_seq; Type: SEQUENCE; Schema: public; Owner: jarddigital_db_user
--

ALTER TABLE public.modalidades_sede ALTER COLUMN id ADD GENERATED BY DEFAULT AS IDENTITY (
    SEQUENCE NAME public.modalidades_sede_id_seq
    START WITH 1
    INCREMENT BY 1
    NO MINVALUE
    NO MAXVALUE
    CACHE 1
);


--
-- Name: perfiles_laborales; Type: TABLE; Schema: public; Owner: jarddigital_db_user
--

CREATE TABLE public.perfiles_laborales (
    id bigint NOT NULL,
    sueldo_base_part_time numeric(10,2) NOT NULL,
    fecha_inicio_contrato date,
    id_usuario bigint NOT NULL
);


ALTER TABLE public.perfiles_laborales OWNER TO jarddigital_db_user;

--
-- Name: perfiles_laborales_id_seq; Type: SEQUENCE; Schema: public; Owner: jarddigital_db_user
--

ALTER TABLE public.perfiles_laborales ALTER COLUMN id ADD GENERATED BY DEFAULT AS IDENTITY (
    SEQUENCE NAME public.perfiles_laborales_id_seq
    START WITH 1
    INCREMENT BY 1
    NO MINVALUE
    NO MAXVALUE
    CACHE 1
);


--
-- Name: permisos_acceso; Type: TABLE; Schema: public; Owner: jarddigital_db_user
--

CREATE TABLE public.permisos_acceso (
    id bigint NOT NULL,
    id_modalidad_sede bigint NOT NULL,
    id_usuario bigint NOT NULL
);


ALTER TABLE public.permisos_acceso OWNER TO jarddigital_db_user;

--
-- Name: permisos_acceso_id_seq; Type: SEQUENCE; Schema: public; Owner: jarddigital_db_user
--

ALTER TABLE public.permisos_acceso ALTER COLUMN id ADD GENERATED BY DEFAULT AS IDENTITY (
    SEQUENCE NAME public.permisos_acceso_id_seq
    START WITH 1
    INCREMENT BY 1
    NO MINVALUE
    NO MAXVALUE
    CACHE 1
);


--
-- Name: productos; Type: TABLE; Schema: public; Owner: jarddigital_db_user
--

CREATE TABLE public.productos (
    id bigint NOT NULL,
    es_alto_valor boolean NOT NULL,
    costo_fijo_plan numeric(10,2) NOT NULL,
    comision_base numeric(10,2) NOT NULL,
    fecha_inicio_vigencia date NOT NULL,
    fecha_fin_vigencia date,
    activo boolean NOT NULL,
    nombre_campana character varying(150) NOT NULL,
    nombre_paquete character varying(200) NOT NULL,
    tipo_solucion character varying(50) NOT NULL
);


ALTER TABLE public.productos OWNER TO jarddigital_db_user;

--
-- Name: productos_id_seq; Type: SEQUENCE; Schema: public; Owner: jarddigital_db_user
--

ALTER TABLE public.productos ALTER COLUMN id ADD GENERATED BY DEFAULT AS IDENTITY (
    SEQUENCE NAME public.productos_id_seq
    START WITH 1
    INCREMENT BY 1
    NO MINVALUE
    NO MAXVALUE
    CACHE 1
);


--
-- Name: provincias; Type: TABLE; Schema: public; Owner: jarddigital_db_user
--

CREATE TABLE public.provincias (
    id bigint NOT NULL,
    codigo_ubigeo character varying(4) NOT NULL,
    nombre character varying(100) NOT NULL,
    id_departamento_id bigint NOT NULL
);


ALTER TABLE public.provincias OWNER TO jarddigital_db_user;

--
-- Name: provincias_id_seq; Type: SEQUENCE; Schema: public; Owner: jarddigital_db_user
--

ALTER TABLE public.provincias ALTER COLUMN id ADD GENERATED BY DEFAULT AS IDENTITY (
    SEQUENCE NAME public.provincias_id_seq
    START WITH 1
    INCREMENT BY 1
    NO MINVALUE
    NO MAXVALUE
    CACHE 1
);


--
-- Name: reglas_rendimiento_mensual; Type: TABLE; Schema: public; Owner: jarddigital_db_user
--

CREATE TABLE public.reglas_rendimiento_mensual (
    id bigint NOT NULL,
    nombre character varying(150) NOT NULL,
    anio integer NOT NULL,
    mes integer NOT NULL,
    min_instaladas integer NOT NULL,
    max_instaladas integer NOT NULL,
    activa_sueldo_ft boolean NOT NULL,
    monto_sueldo_ft numeric(10,2) NOT NULL,
    factor_comision_futura numeric(3,2) NOT NULL,
    activo boolean NOT NULL
);


ALTER TABLE public.reglas_rendimiento_mensual OWNER TO jarddigital_db_user;

--
-- Name: reglas_rendimiento_mensual_id_seq; Type: SEQUENCE; Schema: public; Owner: jarddigital_db_user
--

ALTER TABLE public.reglas_rendimiento_mensual ALTER COLUMN id ADD GENERATED BY DEFAULT AS IDENTITY (
    SEQUENCE NAME public.reglas_rendimiento_mensual_id_seq
    START WITH 1
    INCREMENT BY 1
    NO MINVALUE
    NO MAXVALUE
    CACHE 1
);


--
-- Name: roles_sistema; Type: TABLE; Schema: public; Owner: jarddigital_db_user
--

CREATE TABLE public.roles_sistema (
    id bigint NOT NULL,
    codigo character varying(20) NOT NULL,
    nombre character varying(100) NOT NULL,
    descripcion text,
    nivel_jerarquia integer NOT NULL,
    activo boolean NOT NULL
);


ALTER TABLE public.roles_sistema OWNER TO jarddigital_db_user;

--
-- Name: roles_sistema_id_seq; Type: SEQUENCE; Schema: public; Owner: jarddigital_db_user
--

ALTER TABLE public.roles_sistema ALTER COLUMN id ADD GENERATED BY DEFAULT AS IDENTITY (
    SEQUENCE NAME public.roles_sistema_id_seq
    START WITH 1
    INCREMENT BY 1
    NO MINVALUE
    NO MAXVALUE
    CACHE 1
);


--
-- Name: seguimiento; Type: TABLE; Schema: public; Owner: jarddigital_db_user
--

CREATE TABLE public.seguimiento (
    id bigint NOT NULL,
    codigo_pago character varying(50),
    ciclo_facturacion character varying(20),
    fecha_inicio date,
    activo boolean NOT NULL,
    id_venta bigint NOT NULL
);


ALTER TABLE public.seguimiento OWNER TO jarddigital_db_user;

--
-- Name: seguimiento_id_seq; Type: SEQUENCE; Schema: public; Owner: jarddigital_db_user
--

ALTER TABLE public.seguimiento ALTER COLUMN id ADD GENERATED BY DEFAULT AS IDENTITY (
    SEQUENCE NAME public.seguimiento_id_seq
    START WITH 1
    INCREMENT BY 1
    NO MINVALUE
    NO MAXVALUE
    CACHE 1
);


--
-- Name: seguimiento_mensual; Type: TABLE; Schema: public; Owner: jarddigital_db_user
--

CREATE TABLE public.seguimiento_mensual (
    id bigint NOT NULL,
    mes_numero integer NOT NULL,
    pago_cliente_realizado boolean NOT NULL,
    fecha_validacion_pago date,
    observacion text,
    activo boolean NOT NULL,
    id_seguimiento bigint NOT NULL
);


ALTER TABLE public.seguimiento_mensual OWNER TO jarddigital_db_user;

--
-- Name: seguimiento_mensual_id_seq; Type: SEQUENCE; Schema: public; Owner: jarddigital_db_user
--

ALTER TABLE public.seguimiento_mensual ALTER COLUMN id ADD GENERATED BY DEFAULT AS IDENTITY (
    SEQUENCE NAME public.seguimiento_mensual_id_seq
    START WITH 1
    INCREMENT BY 1
    NO MINVALUE
    NO MAXVALUE
    CACHE 1
);


--
-- Name: sub_estados_sot; Type: TABLE; Schema: public; Owner: jarddigital_db_user
--

CREATE TABLE public.sub_estados_sot (
    id bigint NOT NULL,
    nombre character varying(100) NOT NULL,
    color_hex character varying(7) NOT NULL,
    requiere_nueva_fecha boolean NOT NULL,
    activo boolean NOT NULL
);


ALTER TABLE public.sub_estados_sot OWNER TO jarddigital_db_user;

--
-- Name: sub_estados_sot_id_seq; Type: SEQUENCE; Schema: public; Owner: jarddigital_db_user
--

ALTER TABLE public.sub_estados_sot ALTER COLUMN id ADD GENERATED BY DEFAULT AS IDENTITY (
    SEQUENCE NAME public.sub_estados_sot_id_seq
    START WITH 1
    INCREMENT BY 1
    NO MINVALUE
    NO MAXVALUE
    CACHE 1
);


--
-- Name: sucursales; Type: TABLE; Schema: public; Owner: jarddigital_db_user
--

CREATE TABLE public.sucursales (
    id bigint NOT NULL,
    nombre character varying(100) NOT NULL,
    direccion character varying(255) NOT NULL,
    activo boolean NOT NULL,
    creado_en timestamp with time zone NOT NULL
);


ALTER TABLE public.sucursales OWNER TO jarddigital_db_user;

--
-- Name: sucursales_id_seq; Type: SEQUENCE; Schema: public; Owner: jarddigital_db_user
--

ALTER TABLE public.sucursales ALTER COLUMN id ADD GENERATED BY DEFAULT AS IDENTITY (
    SEQUENCE NAME public.sucursales_id_seq
    START WITH 1
    INCREMENT BY 1
    NO MINVALUE
    NO MAXVALUE
    CACHE 1
);


--
-- Name: supervisor_asignacion; Type: TABLE; Schema: public; Owner: jarddigital_db_user
--

CREATE TABLE public.supervisor_asignacion (
    id bigint NOT NULL,
    fecha_inicio date NOT NULL,
    fecha_fin date,
    activo boolean NOT NULL,
    id_modalidad_sede bigint NOT NULL,
    id_supervisor bigint NOT NULL
);


ALTER TABLE public.supervisor_asignacion OWNER TO jarddigital_db_user;

--
-- Name: supervisor_asignacion_id_seq; Type: SEQUENCE; Schema: public; Owner: jarddigital_db_user
--

ALTER TABLE public.supervisor_asignacion ALTER COLUMN id ADD GENERATED BY DEFAULT AS IDENTITY (
    SEQUENCE NAME public.supervisor_asignacion_id_seq
    START WITH 1
    INCREMENT BY 1
    NO MINVALUE
    NO MAXVALUE
    CACHE 1
);


--
-- Name: tipos_documento; Type: TABLE; Schema: public; Owner: jarddigital_db_user
--

CREATE TABLE public.tipos_documento (
    id bigint NOT NULL,
    codigo character varying(10) NOT NULL,
    nombre character varying(50) NOT NULL,
    longitud_exacta integer,
    regex_validacion character varying(100),
    activo boolean NOT NULL
);


ALTER TABLE public.tipos_documento OWNER TO jarddigital_db_user;

--
-- Name: tipos_documento_id_seq; Type: SEQUENCE; Schema: public; Owner: jarddigital_db_user
--

ALTER TABLE public.tipos_documento ALTER COLUMN id ADD GENERATED BY DEFAULT AS IDENTITY (
    SEQUENCE NAME public.tipos_documento_id_seq
    START WITH 1
    INCREMENT BY 1
    NO MINVALUE
    NO MAXVALUE
    CACHE 1
);


--
-- Name: usuarios; Type: TABLE; Schema: public; Owner: jarddigital_db_user
--

CREATE TABLE public.usuarios (
    id bigint NOT NULL,
    password character varying(128) NOT NULL,
    last_login timestamp with time zone,
    is_superuser boolean NOT NULL,
    username character varying(150) NOT NULL,
    first_name character varying(150) NOT NULL,
    last_name character varying(150) NOT NULL,
    email character varying(254) NOT NULL,
    is_staff boolean NOT NULL,
    is_active boolean NOT NULL,
    date_joined timestamp with time zone NOT NULL,
    nombre_completo character varying(255) NOT NULL,
    activo boolean NOT NULL,
    creado_en timestamp with time zone NOT NULL,
    id_rol bigint,
    celular character varying(20),
    fecha_nacimiento date
);


ALTER TABLE public.usuarios OWNER TO jarddigital_db_user;

--
-- Name: usuarios_groups; Type: TABLE; Schema: public; Owner: jarddigital_db_user
--

CREATE TABLE public.usuarios_groups (
    id bigint NOT NULL,
    usuario_id bigint NOT NULL,
    group_id integer NOT NULL
);


ALTER TABLE public.usuarios_groups OWNER TO jarddigital_db_user;

--
-- Name: usuarios_groups_id_seq; Type: SEQUENCE; Schema: public; Owner: jarddigital_db_user
--

ALTER TABLE public.usuarios_groups ALTER COLUMN id ADD GENERATED BY DEFAULT AS IDENTITY (
    SEQUENCE NAME public.usuarios_groups_id_seq
    START WITH 1
    INCREMENT BY 1
    NO MINVALUE
    NO MAXVALUE
    CACHE 1
);


--
-- Name: usuarios_id_seq; Type: SEQUENCE; Schema: public; Owner: jarddigital_db_user
--

ALTER TABLE public.usuarios ALTER COLUMN id ADD GENERATED BY DEFAULT AS IDENTITY (
    SEQUENCE NAME public.usuarios_id_seq
    START WITH 1
    INCREMENT BY 1
    NO MINVALUE
    NO MAXVALUE
    CACHE 1
);


--
-- Name: usuarios_user_permissions; Type: TABLE; Schema: public; Owner: jarddigital_db_user
--

CREATE TABLE public.usuarios_user_permissions (
    id bigint NOT NULL,
    usuario_id bigint NOT NULL,
    permission_id integer NOT NULL
);


ALTER TABLE public.usuarios_user_permissions OWNER TO jarddigital_db_user;

--
-- Name: usuarios_user_permissions_id_seq; Type: SEQUENCE; Schema: public; Owner: jarddigital_db_user
--

ALTER TABLE public.usuarios_user_permissions ALTER COLUMN id ADD GENERATED BY DEFAULT AS IDENTITY (
    SEQUENCE NAME public.usuarios_user_permissions_id_seq
    START WITH 1
    INCREMENT BY 1
    NO MINVALUE
    NO MAXVALUE
    CACHE 1
);


--
-- Name: ventas; Type: TABLE; Schema: public; Owner: jarddigital_db_user
--

CREATE TABLE public.ventas (
    id bigint NOT NULL,
    tecnologia character varying(20) NOT NULL,
    cliente_numero_doc character varying(20) NOT NULL,
    cliente_nombre character varying(200) NOT NULL,
    cliente_telefono character varying(20) NOT NULL,
    cliente_email character varying(254),
    direccion_detalle character varying(255) NOT NULL,
    coordenadas_gps character varying(100),
    es_full_claro boolean NOT NULL,
    score_crediticio character varying(50),
    codigo_sec character varying(50),
    codigo_sot character varying(50),
    fecha_venta timestamp with time zone,
    fecha_visita_programada date,
    bloque_horario character varying(50),
    fecha_real_inst timestamp with time zone,
    fecha_rechazo timestamp with time zone,
    comentario_gestion text,
    audio_subido boolean NOT NULL,
    fecha_subida_audios timestamp with time zone,
    fecha_revision_audios timestamp with time zone,
    observacion_audios text,
    fecha_creacion timestamp with time zone NOT NULL,
    fecha_modificacion timestamp with time zone NOT NULL,
    activo boolean NOT NULL,
    id_asesor bigint NOT NULL,
    id_distrito_instalacion bigint NOT NULL,
    id_distrito_nacimiento bigint,
    id_estado_audios bigint,
    id_estado_sot bigint,
    id_grabador_audios bigint,
    id_origen_venta bigint NOT NULL,
    id_producto bigint NOT NULL,
    id_sub_estado_sot bigint,
    id_supervisor_vigente bigint NOT NULL,
    id_tipo_documento bigint NOT NULL,
    usuario_creacion bigint NOT NULL,
    usuario_modificacion bigint,
    usuario_revision_audios bigint,
    cliente_fecha_nacimiento timestamp with time zone NOT NULL,
    cliente_mama character varying(150) NOT NULL,
    cliente_papa character varying(150) NOT NULL,
    numero_instalacion character varying(50) NOT NULL,
    plano character varying(100) NOT NULL,
    referencias character varying(255),
    representante_legal_dni character varying(20),
    representante_legal_nombre character varying(200),
    solicitud_correccion boolean NOT NULL,
    tipo_venta character varying(20),
    cant_decos_adicionales integer NOT NULL,
    cant_repetidores_adicionales integer NOT NULL,
    venta_origen bigint,
    nombre_grabador_externo character varying(150),
    cliente_genero character varying(20) NOT NULL,
    permitir_reingreso boolean NOT NULL,
    CONSTRAINT ventas_cant_decos_adicionales_check CHECK ((cant_decos_adicionales >= 0)),
    CONSTRAINT ventas_cant_repetidores_adicionales_check CHECK ((cant_repetidores_adicionales >= 0))
);


ALTER TABLE public.ventas OWNER TO jarddigital_db_user;

--
-- Name: ventas_id_seq; Type: SEQUENCE; Schema: public; Owner: jarddigital_db_user
--

ALTER TABLE public.ventas ALTER COLUMN id ADD GENERATED BY DEFAULT AS IDENTITY (
    SEQUENCE NAME public.ventas_id_seq
    START WITH 1
    INCREMENT BY 1
    NO MINVALUE
    NO MAXVALUE
    CACHE 1
);


--
-- Data for Name: asistencia; Type: TABLE DATA; Schema: public; Owner: jarddigital_db_user
--

COPY public.asistencia (id, fecha, asistio, activo, id_sucursal, id_usuario) FROM stdin;
\.


--
-- Data for Name: audios_venta; Type: TABLE DATA; Schema: public; Owner: jarddigital_db_user
--

COPY public.audios_venta (id, nombre_etiqueta, url_audio, fecha_subida, activo, id_venta, conforme, motivo, corregido) FROM stdin;
139	1. Nombre completo del cliente	https://res.cloudinary.com/da2yochcc/video/upload/v1774638258/audios_ventas/flshupeowzri1dkhsuou.webm	2026-03-27 19:08:49.687855+00	t	13	t		f
147	9. SI (acepta contrato)	https://res.cloudinary.com/da2yochcc/video/upload/v1774638413/audios_ventas/kg70rmk8cviyytavqjki.webm	2026-03-27 19:08:49.693996+00	t	13	t		f
148	10. SI ACEPTO (términos)	https://res.cloudinary.com/da2yochcc/video/upload/v1774638419/audios_ventas/th4lgza0bjmgrgm0pyjc.webm	2026-03-27 19:08:49.694642+00	t	13	t		f
586	12. SI ACEPTO (conformidad final)	https://res.cloudinary.com/da2yochcc/video/upload/v1775074347/audios_ventas/v4rh5qbj93gfzswdhsuy.ogg	2026-04-01 20:13:46.09533+00	t	59	\N	\N	f
512	10. SI ACEPTO (términos)	https://res.cloudinary.com/da2yochcc/video/upload/v1774991800/audios_ventas/kljdwmbcz2kowsqm7mza.ogg	2026-03-31 21:18:48.590547+00	t	52	\N	\N	f
513	11. SI AUTORIZO (datos personales)	https://res.cloudinary.com/da2yochcc/video/upload/v1774991797/audios_ventas/xfiihbmmxajffwok44kj.ogg	2026-03-31 21:18:48.591272+00	t	52	\N	\N	f
514	12. SI ACEPTO (conformidad final)	https://res.cloudinary.com/da2yochcc/video/upload/v1774991794/audios_ventas/x92yocqzq0duc7pprhoe.ogg	2026-03-31 21:18:48.591933+00	t	52	\N	\N	f
157	7. Correo electrónico	https://res.cloudinary.com/da2yochcc/video/upload/v1774641327/audios_ventas/zqepyhpi46xhpgjqkfum.webm	2026-03-27 19:57:06.297624+00	t	14	t		f
158	8. NO (sin deudas)	https://res.cloudinary.com/da2yochcc/video/upload/v1774641342/audios_ventas/sqgck7jvxzuojdx6bjoj.webm	2026-03-27 19:57:06.372297+00	t	14	t		f
159	9. SI (acepta contrato)	https://res.cloudinary.com/da2yochcc/video/upload/v1774641352/audios_ventas/tmxomw1dey8xpcg2dpkp.webm	2026-03-27 19:57:06.373112+00	t	14	t		f
1	1. Nombre completo del cliente	https://res.cloudinary.com/da2yochcc/video/upload/v1774476295/audios_ventas/rjixnf6p8mc7zme3qdgi.ogg	2026-03-25 22:06:19.380244+00	t	1	\N	\N	f
2	2. Número de documento (DNI)	https://res.cloudinary.com/da2yochcc/video/upload/v1774476299/audios_ventas/xfrk6tf4djuesthzzkb4.ogg	2026-03-25 22:06:19.382652+00	t	1	\N	\N	f
18	6. Teléfono de contacto	https://res.cloudinary.com/da2yochcc/video/upload/v1774537941/audios_ventas/utkhxhslyjihus22jyti.ogg	2026-03-26 15:14:17.225822+00	t	2	t		f
19	7. Correo electrónico	https://res.cloudinary.com/da2yochcc/video/upload/v1774537995/audios_ventas/be1lzdhxov96q8damw9v.ogg	2026-03-26 15:14:17.226482+00	t	2	t		f
71	9. SI (acepta contrato)	https://res.cloudinary.com/da2yochcc/video/upload/v1774560666/audios_ventas/urwb3dd4qef7vtq6paao.ogg	2026-03-26 21:33:56.280259+00	t	5	\N	\N	f
72	10. SI ACEPTO (términos)	https://res.cloudinary.com/da2yochcc/video/upload/v1774560710/audios_ventas/hxu3nkozmgdlrqw6johu.ogg	2026-03-26 21:33:56.280859+00	t	5	\N	\N	f
73	11. SI AUTORIZO (datos personales)	https://res.cloudinary.com/da2yochcc/video/upload/v1774560742/audios_ventas/igzsaf5uqcrybhmu0x8v.ogg	2026-03-26 21:33:56.281811+00	t	5	\N	\N	f
74	12. SI ACEPTO (conformidad final)	https://res.cloudinary.com/da2yochcc/video/upload/v1774560744/audios_ventas/lkzzqdadstexc0pwflgh.ogg	2026-03-26 21:33:56.282465+00	t	5	\N	\N	f
153	3. Lugar y fecha de nacimiento	https://res.cloudinary.com/da2yochcc/video/upload/v1774641177/audios_ventas/blrs1wrxmaj3k0gwqcdv.webm	2026-03-27 19:57:06.29498+00	t	14	t		f
154	4. Dirección de instalación	https://res.cloudinary.com/da2yochcc/video/upload/v1774641255/audios_ventas/myxf7oxplnh518ltmuez.webm	2026-03-27 19:57:06.295558+00	t	14	t		f
155	5. Nombre del padre y madre	https://res.cloudinary.com/da2yochcc/video/upload/v1774641288/audios_ventas/id2lfukvtttwmgfgmpx1.webm	2026-03-27 19:57:06.296151+00	t	14	t		f
658	12. SI ACEPTO (conformidad final)	https://res.cloudinary.com/da2yochcc/video/upload/v1775153528/audios_ventas/fa2vldemfoyv3ijkadga.ogg	2026-04-02 18:12:55.394297+00	t	67	\N	\N	f
156	6. Teléfono de contacto	https://res.cloudinary.com/da2yochcc/video/upload/v1774641306/audios_ventas/cizbgmw2umvbd691aktj.webm	2026-03-27 19:57:06.297038+00	t	14	t		f
160	10. SI ACEPTO (términos)	https://res.cloudinary.com/da2yochcc/video/upload/v1774641363/audios_ventas/lkxjkatgxowilkdffcqp.webm	2026-03-27 19:57:06.373829+00	t	14	t		f
13	1. Nombre completo del cliente	https://res.cloudinary.com/da2yochcc/video/upload/v1774537679/audios_ventas/e7oaz6mowyoh2lfopue8.ogg	2026-03-26 15:14:17.216549+00	t	2	t		f
455	1. Nombre completo del cliente	https://res.cloudinary.com/da2yochcc/video/upload/v1774985074/audios_ventas/dnvu4qmzkrtalt0urxar.webm	2026-03-31 19:28:36.983552+00	t	47	\N	\N	f
14	2. Número de documento (DNI)	https://res.cloudinary.com/da2yochcc/video/upload/v1774538508/audios_ventas/bi0hnwynucvhopyjxrpi.ogg	2026-03-26 15:14:17.22073+00	t	2	t		f
456	2. Número de documento (DNI)	https://res.cloudinary.com/da2yochcc/video/upload/v1774985092/audios_ventas/rzqygh7xtbnvrc6btpgg.webm	2026-03-31 19:28:36.984526+00	t	47	\N	\N	f
25	1. Nombre completo del cliente	https://res.cloudinary.com/da2yochcc/video/upload/v1774556994/audios_ventas/vgozjrjcz3jp6qsoiqwi.ogg	2026-03-26 20:33:47.368417+00	t	7	\N	\N	f
26	2. Número de documento (DNI)	https://res.cloudinary.com/da2yochcc/video/upload/v1774557042/audios_ventas/w1szhwovekoskkgiuajp.ogg	2026-03-26 20:33:47.370053+00	t	7	\N	\N	f
27	3. Lugar y fecha de nacimiento	https://res.cloudinary.com/da2yochcc/video/upload/v1774557052/audios_ventas/tpcafjarbnxsf0gakc1c.ogg	2026-03-26 20:33:47.373166+00	t	7	\N	\N	f
32	8. NO (sin deudas)	https://res.cloudinary.com/da2yochcc/video/upload/v1774557094/audios_ventas/hntv0l0vuvnpb237zibs.ogg	2026-03-26 20:33:47.378878+00	t	7	\N	\N	f
457	3. Lugar y fecha de nacimiento	https://res.cloudinary.com/da2yochcc/video/upload/v1774985112/audios_ventas/fh2h2tokzgg9iaefucsf.webm	2026-03-31 19:28:36.985247+00	t	47	\N	\N	f
460	6. Teléfono de contacto	https://res.cloudinary.com/da2yochcc/video/upload/v1774985150/audios_ventas/z9lh2vmla4zzz1qy4sce.webm	2026-03-31 19:28:36.988052+00	t	47	\N	\N	f
695	1. Nombre completo del cliente	https://res.cloudinary.com/da2yochcc/video/upload/v1775163000/audios_ventas/rpmlb49sql8vaxlqflji.amr	2026-04-02 20:52:11.906518+00	t	70	f	FFFF	f
15	3. Lugar y fecha de nacimiento	https://res.cloudinary.com/da2yochcc/video/upload/v1774537867/audios_ventas/coijaxsmiamno0b4wlfx.ogg	2026-03-26 15:14:17.221467+00	t	2	t		f
16	4. Dirección de instalación	https://res.cloudinary.com/da2yochcc/video/upload/v1774537879/audios_ventas/xfrompgex5r4votshlnl.ogg	2026-03-26 15:14:17.22212+00	t	2	t		f
3	3. Lugar y fecha de nacimiento	https://res.cloudinary.com/da2yochcc/video/upload/v1774476303/audios_ventas/xzlqenpxp9xa1fxwfvah.ogg	2026-03-25 22:06:19.386079+00	t	1	\N	\N	f
4	4. Dirección de instalación	https://res.cloudinary.com/da2yochcc/video/upload/v1774476307/audios_ventas/m3xnw4fknbij4ha23gon.ogg	2026-03-25 22:06:19.388339+00	t	1	\N	\N	f
48	12. SI ACEPTO (conformidad final)	https://res.cloudinary.com/da2yochcc/video/upload/v1774558391/audios_ventas/zzlux4rxmpgebwiofmld.ogg	2026-03-26 20:56:07.275849+00	t	6	\N	\N	f
175	1. Nombre completo del cliente	https://res.cloudinary.com/da2yochcc/video/upload/v1774642024/audios_ventas/nhofmmkjtdpfpda17lus.webm	2026-03-27 20:11:36.001683+00	t	15	t		f
37	1. Nombre completo del cliente	https://res.cloudinary.com/da2yochcc/video/upload/v1774558365/audios_ventas/cqdsnvqn1fxm3xngpjxq.ogg	2026-03-26 20:56:07.187126+00	t	6	\N	\N	f
38	2. Número de documento (RUC)	https://res.cloudinary.com/da2yochcc/video/upload/v1774558811/audios_ventas/z14vzreb7deazlgdai0u.ogg	2026-03-26 20:56:07.268554+00	t	6	\N	\N	f
39	3. Lugar y fecha de nacimiento	https://res.cloudinary.com/da2yochcc/video/upload/v1774558369/audios_ventas/at6cmonrtdmndwmbgko0.ogg	2026-03-26 20:56:07.269436+00	t	6	\N	\N	f
40	4. Dirección de instalación	https://res.cloudinary.com/da2yochcc/video/upload/v1774558371/audios_ventas/ybven59gpv8aczthoeg4.ogg	2026-03-26 20:56:07.270108+00	t	6	\N	\N	f
41	5. Nombre del padre y madre	https://res.cloudinary.com/da2yochcc/video/upload/v1774558373/audios_ventas/icso1dpgiribtlji1vrc.ogg	2026-03-26 20:56:07.270806+00	t	6	\N	\N	f
42	6. Teléfono de contacto	https://res.cloudinary.com/da2yochcc/video/upload/v1774558376/audios_ventas/ewx910rqewb9aetuah7q.ogg	2026-03-26 20:56:07.271391+00	t	6	\N	\N	f
304	8. NO (sin deudas)	https://res.cloudinary.com/da2yochcc/video/upload/v1774727120/audios_ventas/kckgxslpk2z7qxayxruc.ogg	2026-03-28 19:46:04.295845+00	t	29	t		f
176	2. Número de documento (DNI)	https://res.cloudinary.com/da2yochcc/video/upload/v1774642045/audios_ventas/fjdcv5lqtuq4gnxp5044.webm	2026-03-27 20:11:36.005389+00	t	15	t		f
43	7. Correo electrónico	https://res.cloudinary.com/da2yochcc/video/upload/v1774558379/audios_ventas/fjnjcr7bpg7phijkizyd.ogg	2026-03-26 20:56:07.272173+00	t	6	\N	\N	f
44	8. NO (sin deudas)	https://res.cloudinary.com/da2yochcc/video/upload/v1774558381/audios_ventas/xrheqpjokzl1el0yhtb3.ogg	2026-03-26 20:56:07.272932+00	t	6	\N	\N	f
45	9. SI (acepta contrato)	https://res.cloudinary.com/da2yochcc/video/upload/v1774558383/audios_ventas/nziok3n7jj21m37w47gu.ogg	2026-03-26 20:56:07.273671+00	t	6	\N	\N	f
46	10. SI ACEPTO (términos)	https://res.cloudinary.com/da2yochcc/video/upload/v1774558385/audios_ventas/hb5hzpnlkjkt3u2ueje4.ogg	2026-03-26 20:56:07.274339+00	t	6	\N	\N	f
177	3. Lugar y fecha de nacimiento	https://res.cloudinary.com/da2yochcc/video/upload/v1774642071/audios_ventas/wkdbnusqgaai1irwam1v.webm	2026-03-27 20:11:36.007971+00	t	15	t		f
178	4. Dirección de instalación	https://res.cloudinary.com/da2yochcc/video/upload/v1774642102/audios_ventas/d8hlpip1jogmos0caomd.webm	2026-03-27 20:11:36.010735+00	t	15	t		f
267	7. Correo electrónico	https://res.cloudinary.com/da2yochcc/video/upload/v1774715771/audios_ventas/uaeq9dcgrfjqidsy77nz.ogg	2026-03-28 16:39:22.376308+00	t	24	\N	\N	f
268	8. NO (sin deudas)	https://res.cloudinary.com/da2yochcc/video/upload/v1774715838/audios_ventas/nbtgb3wbcbgatofpehhq.ogg	2026-03-28 16:39:22.377042+00	t	24	\N	\N	f
269	9. SI (acepta contrato)	https://res.cloudinary.com/da2yochcc/video/upload/v1774715844/audios_ventas/eate6n36abpgv6n1ob1j.ogg	2026-03-28 16:39:22.377822+00	t	24	\N	\N	f
270	10. SI ACEPTO (términos)	https://res.cloudinary.com/da2yochcc/video/upload/v1774715846/audios_ventas/sgjhv2nqluels5ed7c0w.ogg	2026-03-28 16:39:22.378827+00	t	24	\N	\N	f
47	11. SI AUTORIZO (datos personales)	https://res.cloudinary.com/da2yochcc/video/upload/v1774558389/audios_ventas/unz6esxhz9p3mfsfds5d.ogg	2026-03-26 20:56:07.27506+00	t	6	\N	\N	f
271	11. SI AUTORIZO (datos personales)	https://res.cloudinary.com/da2yochcc/video/upload/v1774715848/audios_ventas/yeiidl2aikyfztknobtt.ogg	2026-03-28 16:39:22.379531+00	t	24	\N	\N	f
8	8. NO (sin deudas)	https://res.cloudinary.com/da2yochcc/video/upload/v1774476324/audios_ventas/iifq9koqfiv5lwlgkdjc.ogg	2026-03-25 22:06:19.392154+00	t	1	\N	\N	f
273	1. Nombre completo del cliente	https://res.cloudinary.com/da2yochcc/video/upload/v1774718842/audios_ventas/azc6htlwzfmgkpd85skl.ogg	2026-03-28 17:30:35.876761+00	t	25	t		f
150	12. SI ACEPTO (conformidad final)	https://res.cloudinary.com/da2yochcc/video/upload/v1774638437/audios_ventas/qebzaev3nlbdszou7riu.webm	2026-03-27 19:08:49.695952+00	t	13	t		f
110	12. SI ACEPTO (conformidad final)	https://res.cloudinary.com/da2yochcc/video/upload/v1774624594/audios_ventas/arswwjexgzgvqa6xbtdz.webm	2026-03-27 15:17:26.941942+00	t	10	t		f
417	11. SI AUTORIZO (datos personales)	https://res.cloudinary.com/da2yochcc/video/upload/v1774898149/audios_ventas/nrw23jkkpblejm4c3x5t.webm	2026-03-30 19:16:31.674329+00	t	44	\N	\N	f
418	12. SI ACEPTO (conformidad final)	https://res.cloudinary.com/da2yochcc/video/upload/v1774898160/audios_ventas/t6vzif458dsdyt8yx8wt.webm	2026-03-30 19:16:31.675434+00	t	44	\N	\N	f
70	8. NO (sin deudas)	https://res.cloudinary.com/da2yochcc/video/upload/v1774560662/audios_ventas/ca78f1bo2eg1p0ctv2se.ogg	2026-03-26 21:33:56.279668+00	t	5	\N	\N	f
5	5. Nombre del padre y madre	https://res.cloudinary.com/da2yochcc/video/upload/v1774476313/audios_ventas/u6ztexfhzmwfyke0c48a.ogg	2026-03-25 22:06:19.388995+00	t	1	\N	\N	f
6	6. Teléfono de contacto	https://res.cloudinary.com/da2yochcc/video/upload/v1774476317/audios_ventas/bkwr5xtly5bampijqvwr.ogg	2026-03-25 22:06:19.390951+00	t	1	\N	\N	f
481	3. Lugar y fecha de nacimiento	https://res.cloudinary.com/da2yochcc/video/upload/v1774989604/audios_ventas/adaumyqdtuehxjdwjxok.ogg	2026-03-31 20:41:31.287218+00	t	50	\N	\N	f
7	7. Correo electrónico	https://res.cloudinary.com/da2yochcc/video/upload/v1774476321/audios_ventas/f99udkixqbqyupo4kiyv.ogg	2026-03-25 22:06:19.391573+00	t	1	\N	\N	f
173	11. SI AUTORIZO (datos personales)	https://res.cloudinary.com/da2yochcc/video/upload/v1774641915/audios_ventas/yibme2avsjy3n6eng9x6.webm	2026-03-27 20:06:24.298084+00	t	16	t		f
167	5. Nombre del padre y madre	https://res.cloudinary.com/da2yochcc/video/upload/v1774641813/audios_ventas/vhffa7aacsjxnlha4a1q.webm	2026-03-27 20:06:24.292561+00	t	16	t		f
168	6. Teléfono de contacto	https://res.cloudinary.com/da2yochcc/video/upload/v1774641835/audios_ventas/nhi3vhmg9wciderwayfh.webm	2026-03-27 20:06:24.293545+00	t	16	t		f
429	11. SI AUTORIZO (datos personales)	https://res.cloudinary.com/da2yochcc/video/upload/v1774899119/audios_ventas/vyjehhavg7nmxyjb3bwu.ogg	2026-03-30 19:32:39.815472+00	t	45	\N	\N	f
430	12. SI ACEPTO (conformidad final)	https://res.cloudinary.com/da2yochcc/video/upload/v1774899124/audios_ventas/iahmawcjxrrq48lgykfo.ogg	2026-03-30 19:32:39.818506+00	t	45	\N	\N	f
9	9. SI (acepta contrato)	https://res.cloudinary.com/da2yochcc/video/upload/v1774476327/audios_ventas/pxft8uc2dnmqboe3pdql.ogg	2026-03-25 22:06:19.393653+00	t	1	\N	\N	f
10	10. SI ACEPTO (términos)	https://res.cloudinary.com/da2yochcc/video/upload/v1774476330/audios_ventas/enj51lekrwanggeyvfjv.ogg	2026-03-25 22:06:19.394711+00	t	1	\N	\N	f
345	1. Nombre completo del cliente	https://res.cloudinary.com/da2yochcc/video/upload/v1774728652/audios_ventas/wp4chilpwagllsxfpxex.ogg	2026-03-28 20:15:01.3995+00	t	30	\N	\N	f
140	2. Número de documento (DNI)	https://res.cloudinary.com/da2yochcc/video/upload/v1774638284/audios_ventas/ek47fhcrpcmekkocqlcu.webm	2026-03-27 19:08:49.688724+00	t	13	t		f
346	2. Número de documento (DNI)	https://res.cloudinary.com/da2yochcc/video/upload/v1774728675/audios_ventas/jwkcu6ubbjngsnwnty4g.ogg	2026-03-28 20:15:01.400543+00	t	30	\N	\N	f
141	3. Lugar y fecha de nacimiento	https://res.cloudinary.com/da2yochcc/video/upload/v1774638317/audios_ventas/dseaxl3wwwnh6moprrtb.webm	2026-03-27 19:08:49.689379+00	t	13	t		f
28	4. Dirección de instalación	https://res.cloudinary.com/da2yochcc/video/upload/v1774557679/audios_ventas/uhndptshejneyyqno3rv.ogg	2026-03-26 20:33:47.374897+00	t	7	\N	\N	f
29	5. Nombre del padre y madre	https://res.cloudinary.com/da2yochcc/video/upload/v1774557074/audios_ventas/eoscufbavjcq0n8jqymd.ogg	2026-03-26 20:33:47.37548+00	t	7	\N	\N	f
30	6. Teléfono de contacto	https://res.cloudinary.com/da2yochcc/video/upload/v1774557084/audios_ventas/fsplnzjerigap96z1d3r.ogg	2026-03-26 20:33:47.376836+00	t	7	\N	\N	f
51	1. Nombre completo del cliente	https://res.cloudinary.com/da2yochcc/video/upload/v1774559485/audios_ventas/g1q8ekno0fwlvcn8x9ra.ogg	2026-03-26 21:13:01.37963+00	t	3	\N	\N	f
49	13. RUC del representante legal	https://res.cloudinary.com/da2yochcc/video/upload/v1774558533/audios_ventas/wgsy8hoa6v8ledcwhy4m.ogg	2026-03-26 20:56:07.276612+00	t	6	\N	\N	f
50	14. Nombre del representante legal	https://res.cloudinary.com/da2yochcc/video/upload/v1774558396/audios_ventas/x5avmukpv2ho5gkloto9.ogg	2026-03-26 20:56:07.277372+00	t	6	\N	\N	f
31	7. Correo electrónico	https://res.cloudinary.com/da2yochcc/video/upload/v1774557090/audios_ventas/tukl3ke17fzjsp9hhg2m.ogg	2026-03-26 20:33:47.377362+00	t	7	\N	\N	f
75	1. Nombre completo del cliente	https://res.cloudinary.com/da2yochcc/video/upload/v1774625182/audios_ventas/caeznevtuendh5bfhjs1.ogg	2026-03-26 21:40:08.387219+00	t	8	\N	\N	f
76	2. Número de documento (DNI)	https://res.cloudinary.com/da2yochcc/video/upload/v1774625189/audios_ventas/av3qo1zyfd8rpgi8uknf.ogg	2026-03-26 21:40:08.387962+00	t	8	\N	\N	f
77	3. Lugar y fecha de nacimiento	https://res.cloudinary.com/da2yochcc/video/upload/v1774625190/audios_ventas/s3iw8l9nvpetayp2nzxu.ogg	2026-03-26 21:40:08.388662+00	t	8	\N	\N	f
52	2. Número de documento (DNI)	https://res.cloudinary.com/da2yochcc/video/upload/v1774559491/audios_ventas/amrvbbyeectmhkcpeobi.ogg	2026-03-26 21:13:01.385338+00	t	3	\N	\N	f
78	4. Dirección de instalación	https://res.cloudinary.com/da2yochcc/video/upload/v1774625192/audios_ventas/t7pk361d9n4pejeiacag.ogg	2026-03-26 21:40:08.389323+00	t	8	\N	\N	f
305	9. SI (acepta contrato)	https://res.cloudinary.com/da2yochcc/video/upload/v1774727122/audios_ventas/taegxaalmygpbxysnmax.ogg	2026-03-28 19:46:04.29666+00	t	29	t		f
306	10. SI ACEPTO (términos)	https://res.cloudinary.com/da2yochcc/video/upload/v1774727125/audios_ventas/hrjq7a6dflveeijm61kt.ogg	2026-03-28 19:46:04.297416+00	t	29	t		f
53	3. Lugar y fecha de nacimiento	https://res.cloudinary.com/da2yochcc/video/upload/v1774559516/audios_ventas/dhcdbai2mtqzmie0hsa5.ogg	2026-03-26 21:13:01.386116+00	t	3	\N	\N	f
54	4. Dirección de instalación	https://res.cloudinary.com/da2yochcc/video/upload/v1774559521/audios_ventas/wsnwq5gvmamq9xexuqil.ogg	2026-03-26 21:13:01.386799+00	t	3	\N	\N	f
55	5. Nombre del padre y madre	https://res.cloudinary.com/da2yochcc/video/upload/v1774559525/audios_ventas/xgju2f4dmzktndksqdx4.ogg	2026-03-26 21:13:01.388084+00	t	3	\N	\N	f
56	6. Teléfono de contacto	https://res.cloudinary.com/da2yochcc/video/upload/v1774559528/audios_ventas/thklrjlo4lvlk5v1en7i.ogg	2026-03-26 21:13:01.388775+00	t	3	\N	\N	f
57	7. Correo electrónico	https://res.cloudinary.com/da2yochcc/video/upload/v1774559533/audios_ventas/b2hxnnknowf3slzxu70t.ogg	2026-03-26 21:13:01.389481+00	t	3	\N	\N	f
179	5. Nombre del padre y madre	https://res.cloudinary.com/da2yochcc/video/upload/v1774642111/audios_ventas/veqvsfa8ebsxdm5klrzw.webm	2026-03-27 20:11:36.015772+00	t	15	t		f
88	2. Número de documento (DNI)	https://res.cloudinary.com/da2yochcc/video/upload/v1774632042/audios_ventas/fux5eivqjbn9touqjqnt.mp3	2026-03-26 21:47:49.191433+00	t	4	\N	\N	f
63	1. Nombre completo del cliente	https://res.cloudinary.com/da2yochcc/video/upload/v1774560641/audios_ventas/ygfzjxzrd9wwxoc1iqg6.ogg	2026-03-26 21:33:56.275151+00	t	5	\N	\N	f
64	2. Número de documento (DNI)	https://res.cloudinary.com/da2yochcc/video/upload/v1774560646/audios_ventas/znxpiwllc2cikcuplx6u.ogg	2026-03-26 21:33:56.276052+00	t	5	\N	\N	f
65	3. Lugar y fecha de nacimiento	https://res.cloudinary.com/da2yochcc/video/upload/v1774560649/audios_ventas/ruqye9rssfjfhynmqpji.ogg	2026-03-26 21:33:56.276716+00	t	5	\N	\N	f
265	5. Nombre del padre y madre	https://res.cloudinary.com/da2yochcc/video/upload/v1774715728/audios_ventas/lupwvsxatzazlmtlar3a.ogg	2026-03-28 16:39:22.37411+00	t	24	\N	\N	f
266	6. Teléfono de contacto	https://res.cloudinary.com/da2yochcc/video/upload/v1774715730/audios_ventas/vjzch07lp8cwoazpomr5.ogg	2026-03-28 16:39:22.375204+00	t	24	\N	\N	f
272	12. SI ACEPTO (conformidad final)	https://res.cloudinary.com/da2yochcc/video/upload/v1774715849/audios_ventas/klj6emqyzqftlkrrabzm.ogg	2026-03-28 16:39:22.380593+00	t	24	\N	\N	f
278	6. Teléfono de contacto	https://res.cloudinary.com/da2yochcc/video/upload/v1774718933/audios_ventas/z2kp73ydi0cvzvdc1g9j.ogg	2026-03-28 17:30:35.882936+00	t	25	\N	\N	f
275	3. Lugar y fecha de nacimiento	https://res.cloudinary.com/da2yochcc/video/upload/v1774718882/audios_ventas/tbfxthhsnt8f2lpxpes7.ogg	2026-03-28 17:30:35.880469+00	t	25	\N	\N	f
277	5. Nombre del padre y madre	https://res.cloudinary.com/da2yochcc/video/upload/v1774718922/audios_ventas/ajygux7o6bc1vyi8wvtb.ogg	2026-03-28 17:30:35.882346+00	t	25	\N	\N	f
279	7. Correo electrónico	https://res.cloudinary.com/da2yochcc/video/upload/v1774718955/audios_ventas/zxptnehlbqvrneni9deb.ogg	2026-03-28 17:30:35.88354+00	t	25	\N	\N	f
280	8. NO (sin deudas)	https://res.cloudinary.com/da2yochcc/video/upload/v1774718970/audios_ventas/kkmuki3eax84xezjg7oe.ogg	2026-03-28 17:30:35.884105+00	t	25	\N	\N	f
281	9. SI (acepta contrato)	https://res.cloudinary.com/da2yochcc/video/upload/v1774718979/audios_ventas/xakomtet2dymy6lglxbm.ogg	2026-03-28 17:30:35.884675+00	t	25	\N	\N	f
282	10. SI ACEPTO (términos)	https://res.cloudinary.com/da2yochcc/video/upload/v1774718989/audios_ventas/j8ejwa483hpb4vkeus9e.ogg	2026-03-28 17:30:35.885328+00	t	25	\N	\N	f
180	6. Teléfono de contacto	https://res.cloudinary.com/da2yochcc/video/upload/v1774642127/audios_ventas/a2azduyxjhm7inck0dvb.webm	2026-03-27 20:11:36.016524+00	t	15	t		f
181	7. Correo electrónico	https://res.cloudinary.com/da2yochcc/video/upload/v1774642151/audios_ventas/uub0hqyzybwhhvazt0ox.webm	2026-03-27 20:11:36.020524+00	t	15	t		f
186	12. SI ACEPTO (conformidad final)	https://res.cloudinary.com/da2yochcc/video/upload/v1774642202/audios_ventas/mgi3ktb7vdt9s3i2m5lu.webm	2026-03-27 20:11:36.028339+00	t	15	t		f
11	11. SI AUTORIZO (datos personales)	https://res.cloudinary.com/da2yochcc/video/upload/v1774476334/audios_ventas/odnv05caxf1b9o3cpuqp.ogg	2026-03-25 22:06:19.395817+00	t	1	\N	\N	f
12	12. SI ACEPTO (conformidad final)	https://res.cloudinary.com/da2yochcc/video/upload/v1774476338/audios_ventas/xwwiu8ws7pdhydb09eql.ogg	2026-03-25 22:06:19.397618+00	t	1	\N	\N	f
659	1. Nombre completo del cliente	https://res.cloudinary.com/da2yochcc/video/upload/v1775158696/audios_ventas/hxrhkao5chhor8oepcm7.ogg	2026-04-02 19:43:26.83063+00	t	69	\N	\N	f
87	1. Nombre completo del cliente	https://res.cloudinary.com/da2yochcc/video/upload/v1774631983/audios_ventas/imnbv2d94ost9uk60glt.mp3	2026-03-26 21:47:49.19014+00	t	4	\N	\N	f
411	5. Nombre del padre y madre	https://res.cloudinary.com/da2yochcc/video/upload/v1774898071/audios_ventas/ekm0hqjm0mk1utb2aqp6.webm	2026-03-30 19:16:31.592145+00	t	44	\N	\N	f
142	4. Dirección de instalación	https://res.cloudinary.com/da2yochcc/video/upload/v1774638353/audios_ventas/iikbec2y1byv9pylmksw.webm	2026-03-27 19:08:49.690048+00	t	13	t		f
660	2. Número de documento (DNI)	https://res.cloudinary.com/da2yochcc/video/upload/v1775158702/audios_ventas/guikqv5kvkkezyu4k2tn.ogg	2026-04-02 19:43:26.831661+00	t	69	\N	\N	f
412	6. Teléfono de contacto	https://res.cloudinary.com/da2yochcc/video/upload/v1774898084/audios_ventas/gsw2gzofz1kfb5hjadac.webm	2026-03-30 19:16:31.669627+00	t	44	\N	\N	f
86	12. SI ACEPTO (conformidad final)	https://res.cloudinary.com/da2yochcc/video/upload/v1774625230/audios_ventas/qhnyhesqobj7kd2qcu09.ogg	2026-03-26 21:40:08.394422+00	t	8	\N	\N	f
413	7. Correo electrónico	https://res.cloudinary.com/da2yochcc/video/upload/v1774898099/audios_ventas/kvmmnrjrv9d1ymxnptjw.webm	2026-03-30 19:16:31.670836+00	t	44	\N	\N	f
143	5. Nombre del padre y madre	https://res.cloudinary.com/da2yochcc/video/upload/v1774638382/audios_ventas/qdb0m51admuk8wph2jda.webm	2026-03-27 19:08:49.690765+00	t	13	t		f
144	6. Teléfono de contacto	https://res.cloudinary.com/da2yochcc/video/upload/v1774638382/audios_ventas/nwnxp0d6cf0w6quannem.webm	2026-03-27 19:08:49.691464+00	t	13	t		f
66	4. Dirección de instalación	https://res.cloudinary.com/da2yochcc/video/upload/v1774560652/audios_ventas/hknqdo5bsfpo7ywwfuas.ogg	2026-03-26 21:33:56.277313+00	t	5	\N	\N	f
67	5. Nombre del padre y madre	https://res.cloudinary.com/da2yochcc/video/upload/v1774560654/audios_ventas/bwopqrpkp5kaeltrirma.ogg	2026-03-26 21:33:56.277895+00	t	5	\N	\N	f
145	7. Correo electrónico	https://res.cloudinary.com/da2yochcc/video/upload/v1774638402/audios_ventas/dl8lbhnmjpnkydwsf3xz.webm	2026-03-27 19:08:49.692085+00	t	13	t		f
68	6. Teléfono de contacto	https://res.cloudinary.com/da2yochcc/video/upload/v1774560657/audios_ventas/jf4da5y4sssrtjyybrfg.ogg	2026-03-26 21:33:56.278489+00	t	5	\N	\N	f
69	7. Correo electrónico	https://res.cloudinary.com/da2yochcc/video/upload/v1774560659/audios_ventas/kmxrqdy5sdke7zan5bxq.ogg	2026-03-26 21:33:56.279077+00	t	5	\N	\N	f
146	8. NO (sin deudas)	https://res.cloudinary.com/da2yochcc/video/upload/v1774638408/audios_ventas/jqqfbfiagcucdatk9wmp.webm	2026-03-27 19:08:49.692713+00	t	13	t		f
104	6. Teléfono de contacto	https://res.cloudinary.com/da2yochcc/video/upload/v1774624496/audios_ventas/zcidhu1kbowyhnqdi5wj.webm	2026-03-27 15:17:26.902167+00	t	10	t		f
93	7. Correo electrónico	https://res.cloudinary.com/da2yochcc/video/upload/v1774632647/audios_ventas/w9hjnaxinntyfmalwujk.mp3	2026-03-26 21:47:49.219921+00	t	4	\N	\N	f
94	8. NO (sin deudas)	https://res.cloudinary.com/da2yochcc/video/upload/v1774632761/audios_ventas/otomk2sxb7mlxf79bzbs.mp3	2026-03-26 21:47:49.220742+00	t	4	\N	\N	f
95	9. SI (acepta contrato)	https://res.cloudinary.com/da2yochcc/video/upload/v1774632800/audios_ventas/at0cv7rr8jkwyxchnild.mp3	2026-03-26 21:47:49.223296+00	t	4	\N	\N	f
96	10. SI ACEPTO (términos)	https://res.cloudinary.com/da2yochcc/video/upload/v1774632835/audios_ventas/mgtx8fg5jdrjtct9mmzq.mp3	2026-03-26 21:47:49.224129+00	t	4	\N	\N	f
97	11. SI AUTORIZO (datos personales)	https://res.cloudinary.com/da2yochcc/video/upload/v1774632348/audios_ventas/ooetfiu2v6wzbpyw7kya.mp3	2026-03-26 21:47:49.224742+00	t	4	\N	\N	f
98	12. SI ACEPTO (conformidad final)	https://res.cloudinary.com/da2yochcc/video/upload/v1774632363/audios_ventas/iydonacxnee0jelybenk.mp3	2026-03-26 21:47:49.225404+00	t	4	\N	\N	f
661	3. Lugar y fecha de nacimiento	https://res.cloudinary.com/da2yochcc/video/upload/v1775158705/audios_ventas/twqyhkectomtdsdu3quh.ogg	2026-04-02 19:43:26.833576+00	t	69	\N	\N	f
151	1. Nombre completo del cliente	https://res.cloudinary.com/da2yochcc/video/upload/v1774642123/audios_ventas/z64rfnkjtmotldow7tzh.webm	2026-03-27 19:57:06.292957+00	t	14	t		f
467	1. Nombre completo del cliente	https://res.cloudinary.com/da2yochcc/video/upload/v1774987134/audios_ventas/gfwos59sxvf4fca20dvf.webm	2026-03-31 20:14:04.107128+00	t	49	\N	\N	f
662	4. Dirección de instalación	https://res.cloudinary.com/da2yochcc/video/upload/v1775158710/audios_ventas/cmtbrp39u3m7moyyfqc1.ogg	2026-04-02 19:43:26.835402+00	t	69	\N	\N	f
663	5. Nombre del padre y madre	https://res.cloudinary.com/da2yochcc/video/upload/v1775158730/audios_ventas/pwqodu8yquwcbq4ufoik.ogg	2026-04-02 19:43:26.837619+00	t	69	\N	\N	f
125	1. Nombre completo del cliente	https://res.cloudinary.com/da2yochcc/video/upload/v1774630470/audios_ventas/cvziltex7e3lxjgt8azh.webm	2026-03-27 16:59:51.230799+00	t	12	t		f
89	3. Lugar y fecha de nacimiento	https://res.cloudinary.com/da2yochcc/video/upload/v1774632107/audios_ventas/fibdu7pbb1opiyleagcr.mp3	2026-03-26 21:47:49.192173+00	t	4	\N	\N	f
90	4. Dirección de instalación	https://res.cloudinary.com/da2yochcc/video/upload/v1774632886/audios_ventas/loammtww0uag6b1j5joy.mp3	2026-03-26 21:47:49.216861+00	t	4	\N	\N	f
91	5. Nombre del padre y madre	https://res.cloudinary.com/da2yochcc/video/upload/v1774632445/audios_ventas/qwvl83dxnzbidkfhg5nm.mp3	2026-03-26 21:47:49.218057+00	t	4	\N	\N	f
92	6. Teléfono de contacto	https://res.cloudinary.com/da2yochcc/video/upload/v1774632591/audios_ventas/qsqgihzo9588pq5uj2vp.mp3	2026-03-26 21:47:49.219079+00	t	4	\N	\N	f
347	3. Lugar y fecha de nacimiento	https://res.cloudinary.com/da2yochcc/video/upload/v1774728688/audios_ventas/x9y4fn3qm9pb7a8s2wdm.ogg	2026-03-28 20:15:01.40142+00	t	30	\N	\N	f
350	6. Teléfono de contacto	https://res.cloudinary.com/da2yochcc/video/upload/v1774728749/audios_ventas/gbl4cw21m3s8pybtdwvj.ogg	2026-03-28 20:15:01.404048+00	t	30	\N	\N	f
319	11. SI AUTORIZO (datos personales)	https://res.cloudinary.com/da2yochcc/video/upload/v1774727618/audios_ventas/euhjvmwk9xswoab3kcsf.ogg	2026-03-28 19:54:13.135561+00	t	33	\N	\N	f
320	12. SI ACEPTO (conformidad final)	https://res.cloudinary.com/da2yochcc/video/upload/v1774727625/audios_ventas/lc08dooxxs9duu9abl6d.ogg	2026-03-28 19:54:13.135567+00	t	33	\N	\N	f
297	1. Nombre completo del cliente	https://res.cloudinary.com/da2yochcc/video/upload/v1774727097/audios_ventas/sby615x1sqjeslulprln.ogg	2026-03-28 19:46:04.288778+00	t	29	t		f
458	4. Dirección de instalación	https://res.cloudinary.com/da2yochcc/video/upload/v1774985127/audios_ventas/srwhsw3fvezfufsozc0u.webm	2026-03-31 19:28:36.986749+00	t	47	\N	\N	f
468	2. Número de documento (DNI)	https://res.cloudinary.com/da2yochcc/video/upload/v1774987167/audios_ventas/r7tpt1bpmdenud3w7hgh.webm	2026-03-31 20:14:04.110776+00	t	49	\N	\N	f
469	3. Lugar y fecha de nacimiento	https://res.cloudinary.com/da2yochcc/video/upload/v1774987199/audios_ventas/ksciej40dkp0j1otub45.webm	2026-03-31 20:14:04.113514+00	t	49	\N	\N	f
459	5. Nombre del padre y madre	https://res.cloudinary.com/da2yochcc/video/upload/v1774985138/audios_ventas/jamwymmknaytbfbgqukp.webm	2026-03-31 19:28:36.987402+00	t	47	\N	\N	f
447	5. Nombre del padre y madre	https://res.cloudinary.com/da2yochcc/video/upload/v1774979985/audios_ventas/deqjrzfnnnop4pzh8fqf.ogg	2026-03-31 18:01:42.083521+00	t	48	\N	\N	f
448	6. Teléfono de contacto	https://res.cloudinary.com/da2yochcc/video/upload/v1774980001/audios_ventas/ktxdrttnyfy5kip2szfa.ogg	2026-03-31 18:01:42.084192+00	t	48	\N	\N	f
449	7. Correo electrónico	https://res.cloudinary.com/da2yochcc/video/upload/v1774980055/audios_ventas/bamyyu6av50hsflf2i2s.ogg	2026-03-31 18:01:42.084803+00	t	48	\N	\N	f
187	1. Nombre completo del cliente	https://res.cloudinary.com/da2yochcc/video/upload/v1774642750/audios_ventas/mavddbnwia0kwsgakciw.webm	2026-03-27 20:20:13.104531+00	t	18	\N	\N	f
188	2. Número de documento (DNI)	https://res.cloudinary.com/da2yochcc/video/upload/v1774642768/audios_ventas/d9vbavxu2jgxkuwtworp.webm	2026-03-27 20:20:13.10454+00	t	18	\N	\N	f
189	3. Lugar y fecha de nacimiento	https://res.cloudinary.com/da2yochcc/video/upload/v1774642310/audios_ventas/wlq5kwtw23e1agcrvmdj.webm	2026-03-27 20:20:13.104544+00	t	18	\N	\N	f
190	4. Dirección de instalación	https://res.cloudinary.com/da2yochcc/video/upload/v1774644398/audios_ventas/lvpcs09fjea8paxlp4px.webm	2026-03-27 20:20:13.104547+00	t	18	\N	\N	f
126	2. Número de documento (DNI)	https://res.cloudinary.com/da2yochcc/video/upload/v1774630483/audios_ventas/ju5ueiqw073lck5sv1rq.webm	2026-03-27 16:59:51.230844+00	t	12	t		f
191	5. Nombre del padre y madre	https://res.cloudinary.com/da2yochcc/video/upload/v1774642311/audios_ventas/fhzh4obopysijzufmxnz.webm	2026-03-27 20:20:13.10455+00	t	18	\N	\N	f
127	3. Lugar y fecha de nacimiento	https://res.cloudinary.com/da2yochcc/video/upload/v1774630499/audios_ventas/vu6cbr8hoj8wnktd1a3d.webm	2026-03-27 16:59:51.230848+00	t	12	t		f
128	4. Dirección de instalación	https://res.cloudinary.com/da2yochcc/video/upload/v1774630643/audios_ventas/rp0nwdjxl8z2dlx5uqus.webm	2026-03-27 16:59:51.230851+00	t	12	t		f
79	5. Nombre del padre y madre	https://res.cloudinary.com/da2yochcc/video/upload/v1774625198/audios_ventas/xdswc3fxgmm6b34tt2ph.ogg	2026-03-26 21:40:08.389969+00	t	8	\N	\N	f
163	1. Nombre completo del cliente	https://res.cloudinary.com/da2yochcc/video/upload/v1774641712/audios_ventas/jciqseowu2vlzz3qgzr4.webm	2026-03-27 20:06:24.288442+00	t	16	t		f
80	6. Teléfono de contacto	https://res.cloudinary.com/da2yochcc/video/upload/v1774625200/audios_ventas/zbiajvgcb7cnmspf1euc.ogg	2026-03-26 21:40:08.390613+00	t	8	\N	\N	f
164	2. Número de documento (DNI)	https://res.cloudinary.com/da2yochcc/video/upload/v1774641738/audios_ventas/o6hgqipw5xcmfl4uwvmh.webm	2026-03-27 20:06:24.289417+00	t	16	t		f
129	5. Nombre del padre y madre	https://res.cloudinary.com/da2yochcc/video/upload/v1774630653/audios_ventas/egynwupecdwogbq0w6wi.webm	2026-03-27 16:59:51.230854+00	t	12	t		f
58	8. NO (sin deudas)	https://res.cloudinary.com/da2yochcc/video/upload/v1774559534/audios_ventas/cnvdnh3lfxuauridolkr.ogg	2026-03-26 21:13:01.391111+00	t	3	\N	\N	f
59	9. SI (acepta contrato)	https://res.cloudinary.com/da2yochcc/video/upload/v1774559538/audios_ventas/im6fjc9z3bgxklldb754.ogg	2026-03-26 21:13:01.398167+00	t	3	\N	\N	f
130	6. Teléfono de contacto	https://res.cloudinary.com/da2yochcc/video/upload/v1774630666/audios_ventas/vo9sfswiccbhs7liejr4.webm	2026-03-27 16:59:51.230857+00	t	12	t		f
131	7. Correo electrónico	https://res.cloudinary.com/da2yochcc/video/upload/v1774630696/audios_ventas/xxrorzpalgxehsr9vxah.webm	2026-03-27 16:59:51.23086+00	t	12	t		f
132	8. NO (sin deudas)	https://res.cloudinary.com/da2yochcc/video/upload/v1774630703/audios_ventas/nxfrjw7gt1k4ahnoy3wv.webm	2026-03-27 16:59:51.230863+00	t	12	t		f
133	9. SI (acepta contrato)	https://res.cloudinary.com/da2yochcc/video/upload/v1774630708/audios_ventas/i0o3rouobd4eulijjsow.webm	2026-03-27 16:59:51.230866+00	t	12	t		f
134	10. SI ACEPTO (términos)	https://res.cloudinary.com/da2yochcc/video/upload/v1774630719/audios_ventas/my23mjwtsoweesklvv9s.webm	2026-03-27 16:59:51.230869+00	t	12	t		f
416	10. SI ACEPTO (términos)	https://res.cloudinary.com/da2yochcc/video/upload/v1774898140/audios_ventas/aex3epmj22njlndamjnh.webm	2026-03-30 19:16:31.673572+00	t	44	\N	\N	f
165	3. Lugar y fecha de nacimiento	https://res.cloudinary.com/da2yochcc/video/upload/v1774641762/audios_ventas/b8ngv0ztmlvlzsndzrss.webm	2026-03-27 20:06:24.290176+00	t	16	t		f
166	4. Dirección de instalación	https://res.cloudinary.com/da2yochcc/video/upload/v1774641784/audios_ventas/lgwzgtrxspvkf60i45xj.webm	2026-03-27 20:06:24.291001+00	t	16	t		f
152	2. Número de documento (DNI)	https://res.cloudinary.com/da2yochcc/video/upload/v1774641142/audios_ventas/piwcvy0be2x14lc9ei2a.webm	2026-03-27 19:57:06.294285+00	t	14	t		f
415	9. SI (acepta contrato)	https://res.cloudinary.com/da2yochcc/video/upload/v1774898121/audios_ventas/gdgsrklampm6pu44fg4d.webm	2026-03-30 19:16:31.672578+00	t	44	\N	\N	f
60	10. SI ACEPTO (términos)	https://res.cloudinary.com/da2yochcc/video/upload/v1774559540/audios_ventas/wpwa1a9zdgb3zkd9ig1d.ogg	2026-03-26 21:13:01.398791+00	t	3	\N	\N	f
61	11. SI AUTORIZO (datos personales)	https://res.cloudinary.com/da2yochcc/video/upload/v1774559543/audios_ventas/e9mesvr4jdwzetctchu7.ogg	2026-03-26 21:13:01.39936+00	t	3	\N	\N	f
62	12. SI ACEPTO (conformidad final)	https://res.cloudinary.com/da2yochcc/video/upload/v1774559546/audios_ventas/fo82cdvhc7lshalcmyeg.ogg	2026-03-26 21:13:01.400048+00	t	3	\N	\N	f
420	2. Número de documento (DNI)	https://res.cloudinary.com/da2yochcc/video/upload/v1774899060/audios_ventas/f01w5juk31c0qzcmp2km.ogg	2026-03-30 19:32:39.794132+00	t	45	\N	\N	f
193	7. Correo electrónico	https://res.cloudinary.com/da2yochcc/video/upload/v1774642313/audios_ventas/oayiqonwqvws6cdo7q7z.webm	2026-03-27 20:20:13.104557+00	t	18	\N	\N	f
194	8. NO (sin deudas)	https://res.cloudinary.com/da2yochcc/video/upload/v1774642314/audios_ventas/hdsorrffvukxfiv9hygz.webm	2026-03-27 20:20:13.10456+00	t	18	\N	\N	f
233	9. SI (acepta contrato)	https://res.cloudinary.com/da2yochcc/video/upload/v1774651030/audios_ventas/uztcins41qc75cjusiwk.webm	2026-03-27 22:37:44.088503+00	t	21	\N	\N	f
234	10. SI ACEPTO (términos)	https://res.cloudinary.com/da2yochcc/video/upload/v1774651038/audios_ventas/nwmzkrwpj1p0uj8yukpx.webm	2026-03-27 22:37:44.089098+00	t	21	\N	\N	f
235	11. SI AUTORIZO (datos personales)	https://res.cloudinary.com/da2yochcc/video/upload/v1774651043/audios_ventas/zeisxqnuln6akieflvkf.webm	2026-03-27 22:37:44.089686+00	t	21	\N	\N	f
236	12. SI ACEPTO (conformidad final)	https://res.cloudinary.com/da2yochcc/video/upload/v1774651054/audios_ventas/epfup714jopbbyrmhkr3.webm	2026-03-27 22:37:44.090243+00	t	21	\N	\N	f
195	9. SI (acepta contrato)	https://res.cloudinary.com/da2yochcc/video/upload/v1774642315/audios_ventas/dhnplch9iiysn5l0ujrg.webm	2026-03-27 20:20:13.104563+00	t	18	\N	\N	f
196	10. SI ACEPTO (términos)	https://res.cloudinary.com/da2yochcc/video/upload/v1774642316/audios_ventas/kjbc4vvbfprwgidnjayt.webm	2026-03-27 20:20:13.104566+00	t	18	\N	\N	f
197	11. SI AUTORIZO (datos personales)	https://res.cloudinary.com/da2yochcc/video/upload/v1774642317/audios_ventas/cchf6k3m70rmiz1mpplk.webm	2026-03-27 20:20:13.104569+00	t	18	\N	\N	f
81	7. Correo electrónico	https://res.cloudinary.com/da2yochcc/video/upload/v1774625203/audios_ventas/cxsmln3oyt5vavc5wfwx.ogg	2026-03-26 21:40:08.391258+00	t	8	\N	\N	f
82	8. NO (sin deudas)	https://res.cloudinary.com/da2yochcc/video/upload/v1774625204/audios_ventas/zah9a63eghuusaybiviy.ogg	2026-03-26 21:40:08.391878+00	t	8	\N	\N	f
83	9. SI (acepta contrato)	https://res.cloudinary.com/da2yochcc/video/upload/v1774625222/audios_ventas/w0xdbniqsfctbj5syxk1.ogg	2026-03-26 21:40:08.392495+00	t	8	\N	\N	f
174	12. SI ACEPTO (conformidad final)	https://res.cloudinary.com/da2yochcc/video/upload/v1774641931/audios_ventas/sryi8ry2hqnz2fveadqo.webm	2026-03-27 20:06:24.299209+00	t	16	t		f
199	1. Nombre completo del cliente	https://res.cloudinary.com/da2yochcc/video/upload/v1774645365/audios_ventas/dijnwanskzxvcj3rfztg.webm	2026-03-27 21:08:39.074842+00	t	11	t		f
200	2. Número de documento (DNI)	https://res.cloudinary.com/da2yochcc/video/upload/v1774645366/audios_ventas/tebmuoxfpscmxxoy5cbv.webm	2026-03-27 21:08:39.076034+00	t	11	t		f
298	2. Número de documento (DNI)	https://res.cloudinary.com/da2yochcc/video/upload/v1774728075/audios_ventas/smpfmggatuf0v33otmnn.ogg	2026-03-28 19:46:04.289853+00	t	29	\N	\N	f
182	8. NO (sin deudas)	https://res.cloudinary.com/da2yochcc/video/upload/v1774642161/audios_ventas/gardw26ouitest9l9ry2.webm	2026-03-27 20:11:36.02115+00	t	15	t		f
183	9. SI (acepta contrato)	https://res.cloudinary.com/da2yochcc/video/upload/v1774642170/audios_ventas/hftf65pxx0yrxkv7dzfo.webm	2026-03-27 20:11:36.022043+00	t	15	t		f
184	10. SI ACEPTO (términos)	https://res.cloudinary.com/da2yochcc/video/upload/v1774642181/audios_ventas/hullpaaro6sbocz8g8kb.webm	2026-03-27 20:11:36.024268+00	t	15	t		f
201	3. Lugar y fecha de nacimiento	https://res.cloudinary.com/da2yochcc/video/upload/v1774645470/audios_ventas/uuvzdqj1stldopbkv4gy.webm	2026-03-27 21:08:39.076964+00	t	11	t		f
202	4. Dirección de instalación	https://res.cloudinary.com/da2yochcc/video/upload/v1774651025/audios_ventas/gtptdivwsvipxqiqatrd.mp3	2026-03-27 21:08:39.077727+00	t	11	\N	\N	f
217	5. Nombre del padre y madre	https://res.cloudinary.com/da2yochcc/video/upload/v1774646246/audios_ventas/kjguwtbjc0qfrw8rbpw5.webm	2026-03-27 21:20:11.718195+00	t	19	\N	\N	f
185	11. SI AUTORIZO (datos personales)	https://res.cloudinary.com/da2yochcc/video/upload/v1774642192/audios_ventas/wmt8lvgkqbho7rywqnuk.webm	2026-03-27 20:11:36.025296+00	t	15	t		f
348	4. Dirección de instalación	https://res.cloudinary.com/da2yochcc/video/upload/v1774728705/audios_ventas/rsakhn4wsk2bpyp6mov9.ogg	2026-03-28 20:15:01.402238+00	t	30	\N	\N	f
203	5. Nombre del padre y madre	https://res.cloudinary.com/da2yochcc/video/upload/v1774645518/audios_ventas/qtqw733nz8aok2umk1k8.webm	2026-03-27 21:08:39.078488+00	t	11	t		f
204	6. Teléfono de contacto	https://res.cloudinary.com/da2yochcc/video/upload/v1774645544/audios_ventas/mhzhwmlcdkyy2mvqacpb.webm	2026-03-27 21:08:39.079214+00	t	11	t		f
205	7. Correo electrónico	https://res.cloudinary.com/da2yochcc/video/upload/v1774645560/audios_ventas/g7o2xieh3bw62n9lvroz.webm	2026-03-27 21:08:39.079866+00	t	11	t		f
206	8. NO (sin deudas)	https://res.cloudinary.com/da2yochcc/video/upload/v1774645567/audios_ventas/gu8a82spvvuiamdclzra.webm	2026-03-27 21:08:39.080562+00	t	11	t		f
207	9. SI (acepta contrato)	https://res.cloudinary.com/da2yochcc/video/upload/v1774645613/audios_ventas/qag9h8x4l4nspdse2ycy.webm	2026-03-27 21:08:39.081221+00	t	11	t		f
208	10. SI ACEPTO (términos)	https://res.cloudinary.com/da2yochcc/video/upload/v1774645622/audios_ventas/h5aroba8jqrvxadsgyuk.webm	2026-03-27 21:08:39.081944+00	t	11	t		f
161	11. SI AUTORIZO (datos personales)	https://res.cloudinary.com/da2yochcc/video/upload/v1774641375/audios_ventas/ok39k6xf2fl3wtksanka.webm	2026-03-27 19:57:06.374442+00	t	14	t		f
162	12. SI ACEPTO (conformidad final)	https://res.cloudinary.com/da2yochcc/video/upload/v1774641387/audios_ventas/bpvt4n65ycginqot16nm.webm	2026-03-27 19:57:06.375025+00	t	14	t		f
209	11. SI AUTORIZO (datos personales)	https://res.cloudinary.com/da2yochcc/video/upload/v1774645630/audios_ventas/ez9itcbk39oqy4t3puc3.webm	2026-03-27 21:08:39.084508+00	t	11	t		f
210	12. SI ACEPTO (conformidad final)	https://res.cloudinary.com/da2yochcc/video/upload/v1774645653/audios_ventas/pkgphcplireqaheppbqv.webm	2026-03-27 21:08:39.08509+00	t	11	t		f
198	12. SI ACEPTO (conformidad final)	https://res.cloudinary.com/da2yochcc/video/upload/v1774642318/audios_ventas/msyfzp3rmivpispwyue5.webm	2026-03-27 20:20:13.104572+00	t	18	\N	\N	f
486	8. NO (sin deudas)	https://res.cloudinary.com/da2yochcc/video/upload/v1774989638/audios_ventas/ezlb3dkavytsnpinfcvn.ogg	2026-03-31 20:41:31.290476+00	t	50	\N	\N	f
213	1. Nombre completo del cliente	https://res.cloudinary.com/da2yochcc/video/upload/v1774646106/audios_ventas/f0fdj4u0lslqnekh9o7i.webm	2026-03-27 21:20:11.712193+00	t	19	t		f
214	2. Número de documento (DNI)	https://res.cloudinary.com/da2yochcc/video/upload/v1774646165/audios_ventas/x526j6o9pdybhl0yeivd.webm	2026-03-27 21:20:11.713916+00	t	19	t		f
215	3. Lugar y fecha de nacimiento	https://res.cloudinary.com/da2yochcc/video/upload/v1774646208/audios_ventas/c9r1aexccawjvswqcabq.webm	2026-03-27 21:20:11.71564+00	t	19	\N	\N	f
216	4. Dirección de instalación	https://res.cloudinary.com/da2yochcc/video/upload/v1774646237/audios_ventas/yezaet6bztdisfsat1ja.webm	2026-03-27 21:20:11.717622+00	t	19	\N	\N	f
249	1. Nombre completo del cliente	https://res.cloudinary.com/da2yochcc/video/upload/v1774712542/audios_ventas/agfckgrot9lksyfjdxoa.ogg	2026-03-28 15:44:33.224647+00	t	23	\N	\N	f
250	2. Número de documento (DNI)	https://res.cloudinary.com/da2yochcc/video/upload/v1774712542/audios_ventas/li90p6vkvsurtg9im5ee.ogg	2026-03-28 15:44:33.227148+00	t	23	\N	\N	f
251	3. Lugar y fecha de nacimiento	https://res.cloudinary.com/da2yochcc/video/upload/v1774712546/audios_ventas/whhrujpbai06x0vcuatr.ogg	2026-03-28 15:44:33.229834+00	t	23	\N	\N	f
617	7. Correo electrónico	https://res.cloudinary.com/da2yochcc/video/upload/v1775142971/audios_ventas/rcm2pxius6cyfmuhaw3y.ogg	2026-04-02 15:18:08.707982+00	t	64	\N	\N	f
450	8. NO (sin deudas)	https://res.cloudinary.com/da2yochcc/video/upload/v1774980069/audios_ventas/spwxetguvdirxffsxgpj.ogg	2026-03-31 18:01:42.085422+00	t	48	\N	\N	f
299	3. Lugar y fecha de nacimiento	https://res.cloudinary.com/da2yochcc/video/upload/v1774727105/audios_ventas/ye4a5ajkslocinwoeaqu.ogg	2026-03-28 19:46:04.29086+00	t	29	t		f
300	4. Dirección de instalación	https://res.cloudinary.com/da2yochcc/video/upload/v1774727108/audios_ventas/bmqve6humdftyqqfanuz.ogg	2026-03-28 19:46:04.291671+00	t	29	t		f
218	6. Teléfono de contacto	https://res.cloudinary.com/da2yochcc/video/upload/v1774646261/audios_ventas/pzkgzis98jocyycmdg9h.webm	2026-03-27 21:20:11.718748+00	t	19	\N	\N	f
219	7. Correo electrónico	https://res.cloudinary.com/da2yochcc/video/upload/v1774646290/audios_ventas/ycgfcvppr0gjq4ihrmlt.webm	2026-03-27 21:20:11.719709+00	t	19	\N	\N	f
220	8. NO (sin deudas)	https://res.cloudinary.com/da2yochcc/video/upload/v1774646346/audios_ventas/xgqf8scg0lnaelwqfrdp.webm	2026-03-27 21:20:11.72273+00	t	19	\N	\N	f
221	9. SI (acepta contrato)	https://res.cloudinary.com/da2yochcc/video/upload/v1774646347/audios_ventas/zv1dzbjcigfthwsve83v.webm	2026-03-27 21:20:11.737857+00	t	19	\N	\N	f
222	10. SI ACEPTO (términos)	https://res.cloudinary.com/da2yochcc/video/upload/v1774646348/audios_ventas/a4cr9bzwg4btmcvqfpoo.webm	2026-03-27 21:20:11.772065+00	t	19	\N	\N	f
223	11. SI AUTORIZO (datos personales)	https://res.cloudinary.com/da2yochcc/video/upload/v1774646355/audios_ventas/jwafwaq6xlimubjsfoxp.webm	2026-03-27 21:20:11.772837+00	t	19	\N	\N	f
224	12. SI ACEPTO (conformidad final)	https://res.cloudinary.com/da2yochcc/video/upload/v1774646364/audios_ventas/t6wku8dqjfmfvoavzgxy.webm	2026-03-27 21:20:11.773461+00	t	19	\N	\N	f
622	12. SI ACEPTO (conformidad final)	https://res.cloudinary.com/da2yochcc/video/upload/v1775142993/audios_ventas/n8vkqoqwzpxl0khl3vmx.ogg	2026-04-02 15:18:08.712029+00	t	64	\N	\N	f
452	10. SI ACEPTO (términos)	https://res.cloudinary.com/da2yochcc/video/upload/v1774980080/audios_ventas/sgqadnpj9yp0qs0ja9f6.ogg	2026-03-31 18:01:42.087162+00	t	48	\N	\N	f
664	6. Teléfono de contacto	https://res.cloudinary.com/da2yochcc/video/upload/v1775158760/audios_ventas/nj7z2mh4fjy1nrcut5ur.ogg	2026-04-02 19:43:26.890312+00	t	69	\N	\N	f
621	11. SI AUTORIZO (datos personales)	https://res.cloudinary.com/da2yochcc/video/upload/v1775142990/audios_ventas/uppavqljp8psnxanqtlw.ogg	2026-04-02 15:18:08.711185+00	t	64	\N	\N	f
24	12. SI ACEPTO (conformidad final)	https://res.cloudinary.com/da2yochcc/video/upload/v1774538039/audios_ventas/lpvs34sn4sqsxpy9iyqq.ogg	2026-03-26 15:14:17.272325+00	t	2	t		f
451	9. SI (acepta contrato)	https://res.cloudinary.com/da2yochcc/video/upload/v1774980076/audios_ventas/rnwx17ddcha6dbfqxqgd.ogg	2026-03-31 18:01:42.086508+00	t	48	\N	\N	f
665	7. Correo electrónico	https://res.cloudinary.com/da2yochcc/video/upload/v1775158766/audios_ventas/gz22fpsmqcdp9wusbiph.ogg	2026-04-02 19:43:26.893213+00	t	69	\N	\N	f
666	8. NO (sin deudas)	https://res.cloudinary.com/da2yochcc/video/upload/v1775158773/audios_ventas/bdcayphpmog5q0fymvqd.ogg	2026-04-02 19:43:26.896579+00	t	69	\N	\N	f
667	9. SI (acepta contrato)	https://res.cloudinary.com/da2yochcc/video/upload/v1775158972/audios_ventas/n0gpslgant2b5xohuwwz.ogg	2026-04-02 19:43:26.897499+00	t	69	\N	\N	f
240	4. Dirección de instalación	https://res.cloudinary.com/da2yochcc/video/upload/v1774713002/audios_ventas/deee5j0zd9e5uflvhqt5.webm	2026-03-28 15:27:15.296056+00	t	20	\N	\N	f
254	6. Teléfono de contacto	https://res.cloudinary.com/da2yochcc/video/upload/v1774712565/audios_ventas/uj2pc8ubapv82v6x26cd.ogg	2026-03-28 15:44:33.233402+00	t	23	\N	\N	f
20	8. NO (sin deudas)	https://res.cloudinary.com/da2yochcc/video/upload/v1774538004/audios_ventas/jqugog0rnfots5abv1kh.ogg	2026-03-26 15:14:17.227242+00	t	2	t		f
21	9. SI (acepta contrato)	https://res.cloudinary.com/da2yochcc/video/upload/v1774538007/audios_ventas/i8ocfprqoxxdlp3mw7ak.ogg	2026-03-26 15:14:17.26881+00	t	2	t		f
22	10. SI ACEPTO (términos)	https://res.cloudinary.com/da2yochcc/video/upload/v1774538032/audios_ventas/wsdnwumt2hsa82hjaizh.ogg	2026-03-26 15:14:17.27056+00	t	2	t		f
23	11. SI AUTORIZO (datos personales)	https://res.cloudinary.com/da2yochcc/video/upload/v1774538034/audios_ventas/g6h6gjcceinavv4s9fii.ogg	2026-03-26 15:14:17.271445+00	t	2	t		f
149	11. SI AUTORIZO (datos personales)	https://res.cloudinary.com/da2yochcc/video/upload/v1774638431/audios_ventas/fx66dvgqismfwwp5k2yq.webm	2026-03-27 19:08:49.695294+00	t	13	t		f
668	10. SI ACEPTO (términos)	https://res.cloudinary.com/da2yochcc/video/upload/v1775158797/audios_ventas/hisjnaokcwfryj3mkv4w.ogg	2026-04-02 19:43:26.898406+00	t	69	\N	\N	f
274	2. Número de documento (DNI)	https://res.cloudinary.com/da2yochcc/video/upload/v1774718861/audios_ventas/wqacbgoivhaiabgfzbsa.ogg	2026-03-28 17:30:35.87915+00	t	25	t		f
276	4. Dirección de instalación	https://res.cloudinary.com/da2yochcc/video/upload/v1774718895/audios_ventas/tz526j7mujrdbf93tckf.ogg	2026-03-28 17:30:35.881696+00	t	25	t		f
333	1. Nombre completo del cliente	https://res.cloudinary.com/da2yochcc/video/upload/v1774728165/audios_ventas/j7w7wifi0laahnxjluog.ogg	2026-03-28 20:07:16.603028+00	t	32	t		f
135	11. SI AUTORIZO (datos personales)	https://res.cloudinary.com/da2yochcc/video/upload/v1774630731/audios_ventas/vupuqgmdlmcs7uvf7puq.webm	2026-03-27 16:59:51.230872+00	t	12	t		f
241	5. Nombre del padre y madre	https://res.cloudinary.com/da2yochcc/video/upload/v1774711486/audios_ventas/rvza5dvajpfb7xr2wini.webm	2026-03-28 15:27:15.296751+00	t	20	\N	\N	f
136	12. SI ACEPTO (conformidad final)	https://res.cloudinary.com/da2yochcc/video/upload/v1774630740/audios_ventas/y1kyutjefh6ve0ye95cm.webm	2026-03-27 16:59:51.230875+00	t	12	t		f
137	13. RUC del representante legal	https://res.cloudinary.com/da2yochcc/video/upload/v1774630775/audios_ventas/cuy0yqutz7f4t4pik7dx.webm	2026-03-27 16:59:51.230878+00	t	12	t		f
138	14. Nombre del representante legal	https://res.cloudinary.com/da2yochcc/video/upload/v1774631167/audios_ventas/jdve859aiu6ovqbzamra.webm	2026-03-27 16:59:51.230881+00	t	12	\N	\N	f
334	2. Número de documento (DNI)	https://res.cloudinary.com/da2yochcc/video/upload/v1774728304/audios_ventas/vradlz5p3mgjngrhiier.ogg	2026-03-28 20:07:16.60466+00	t	32	t		f
335	3. Lugar y fecha de nacimiento	https://res.cloudinary.com/da2yochcc/video/upload/v1774728177/audios_ventas/ck9jdydjr1hkg5uf1kit.ogg	2026-03-28 20:07:16.605582+00	t	32	\N	\N	f
336	4. Dirección de instalación	https://res.cloudinary.com/da2yochcc/video/upload/v1774728181/audios_ventas/akfjsztvrahesuedvrt0.ogg	2026-03-28 20:07:16.607491+00	t	32	\N	\N	f
261	1. Nombre completo del cliente	https://res.cloudinary.com/da2yochcc/video/upload/v1774715585/audios_ventas/vdrm88bebaecd4wm0iwg.ogg	2026-03-28 16:39:22.290649+00	t	24	\N	\N	f
225	1. Nombre completo del cliente	https://res.cloudinary.com/da2yochcc/video/upload/v1774650908/audios_ventas/catwrchbn07oeslxh7z4.webm	2026-03-27 22:37:44.083379+00	t	21	\N	\N	f
356	12. SI ACEPTO (conformidad final)	https://res.cloudinary.com/da2yochcc/video/upload/v1774728829/audios_ventas/gnawlrcpnegldmguyzqv.ogg	2026-03-28 20:15:01.429887+00	t	30	\N	\N	f
226	2. Número de documento (DNI)	https://res.cloudinary.com/da2yochcc/video/upload/v1774650917/audios_ventas/bn2qfbqd16yinz7cyifv.webm	2026-03-27 22:37:44.084267+00	t	21	\N	\N	f
227	3. Lugar y fecha de nacimiento	https://res.cloudinary.com/da2yochcc/video/upload/v1774650955/audios_ventas/rcbez9gnasvnsmdlhaf9.webm	2026-03-27 22:37:44.084883+00	t	21	\N	\N	f
228	4. Dirección de instalación	https://res.cloudinary.com/da2yochcc/video/upload/v1774650987/audios_ventas/bdk4kr6nshb9tc4fan11.webm	2026-03-27 22:37:44.085488+00	t	21	\N	\N	f
229	5. Nombre del padre y madre	https://res.cloudinary.com/da2yochcc/video/upload/v1774650997/audios_ventas/igh8iv6zemohecypjo2c.webm	2026-03-27 22:37:44.086107+00	t	21	\N	\N	f
230	6. Teléfono de contacto	https://res.cloudinary.com/da2yochcc/video/upload/v1774651007/audios_ventas/zq6jmdnxcl4blgyrjemc.webm	2026-03-27 22:37:44.086697+00	t	21	\N	\N	f
231	7. Correo electrónico	https://res.cloudinary.com/da2yochcc/video/upload/v1774651015/audios_ventas/muuoyqebqaygrmvpovwp.webm	2026-03-27 22:37:44.087262+00	t	21	\N	\N	f
232	8. NO (sin deudas)	https://res.cloudinary.com/da2yochcc/video/upload/v1774651026/audios_ventas/glcoezzmcgbxte6laiaf.webm	2026-03-27 22:37:44.087936+00	t	21	\N	\N	f
262	2. Número de documento (DNI)	https://res.cloudinary.com/da2yochcc/video/upload/v1774715635/audios_ventas/d0vbnjhwvwnzovypbehc.ogg	2026-03-28 16:39:22.370112+00	t	24	\N	\N	f
263	3. Lugar y fecha de nacimiento	https://res.cloudinary.com/da2yochcc/video/upload/v1774715658/audios_ventas/akkbgjtlb7cdznlcpc6k.ogg	2026-03-28 16:39:22.371185+00	t	24	\N	\N	f
264	4. Dirección de instalación	https://res.cloudinary.com/da2yochcc/video/upload/v1774715721/audios_ventas/imru9ttlp1m1dztcrjcf.ogg	2026-03-28 16:39:22.371953+00	t	24	\N	\N	f
321	1. Nombre completo del cliente	https://res.cloudinary.com/da2yochcc/video/upload/v1774727935/audios_ventas/hd9b29e6yiwlcujjmvif.ogg	2026-03-28 20:01:21.194454+00	t	31	t		f
322	2. Número de documento (DNI)	https://res.cloudinary.com/da2yochcc/video/upload/v1774727944/audios_ventas/prql0rucf44gpytyucfp.ogg	2026-03-28 20:01:21.270812+00	t	31	t		f
331	11. SI AUTORIZO (datos personales)	https://res.cloudinary.com/da2yochcc/video/upload/v1774728046/audios_ventas/xsgznjaziyowyxbw5zed.ogg	2026-03-28 20:01:21.277707+00	t	31	\N	\N	f
332	12. SI ACEPTO (conformidad final)	https://res.cloudinary.com/da2yochcc/video/upload/v1774728055/audios_ventas/jrq8eo9xt7kosm0ini7a.ogg	2026-03-28 20:01:21.278435+00	t	31	\N	\N	f
327	7. Correo electrónico	https://res.cloudinary.com/da2yochcc/video/upload/v1774728016/audios_ventas/vwoqtguolotgpwqtyt3s.ogg	2026-03-28 20:01:21.274768+00	t	31	\N	\N	f
328	8. NO (sin deudas)	https://res.cloudinary.com/da2yochcc/video/upload/v1774728022/audios_ventas/tjmfejylum8dobntq0je.ogg	2026-03-28 20:01:21.275427+00	t	31	\N	\N	f
329	9. SI (acepta contrato)	https://res.cloudinary.com/da2yochcc/video/upload/v1774728030/audios_ventas/nytzhi18mp8mceqt8ip1.ogg	2026-03-28 20:01:21.276194+00	t	31	\N	\N	f
338	6. Teléfono de contacto	https://res.cloudinary.com/da2yochcc/video/upload/v1774728218/audios_ventas/hubznatmoogw5wexjj6v.ogg	2026-03-28 20:07:16.610345+00	t	32	\N	\N	f
339	7. Correo electrónico	https://res.cloudinary.com/da2yochcc/video/upload/v1774728225/audios_ventas/txqbwjtvyxz2x8uj0wzn.ogg	2026-03-28 20:07:16.611559+00	t	32	\N	\N	f
340	8. NO (sin deudas)	https://res.cloudinary.com/da2yochcc/video/upload/v1774728256/audios_ventas/zsafn6dsd8x2wd47jpge.ogg	2026-03-28 20:07:16.612087+00	t	32	\N	\N	f
337	5. Nombre del padre y madre	https://res.cloudinary.com/da2yochcc/video/upload/v1774728209/audios_ventas/gfs1fiasigqerm0xfkvc.ogg	2026-03-28 20:07:16.609727+00	t	32	\N	\N	f
212	14. Nombre del representante legal	https://res.cloudinary.com/da2yochcc/video/upload/v1774645688/audios_ventas/fjixsrn9ws2rfiuuqulr.webm	2026-03-27 21:08:39.086702+00	t	11	t		f
211	13. RUC del representante legal	https://res.cloudinary.com/da2yochcc/video/upload/v1774645673/audios_ventas/wj1zvjmmte6duksa4chz.webm	2026-03-27 21:08:39.085677+00	t	11	t		f
611	1. Nombre completo del cliente	https://res.cloudinary.com/da2yochcc/video/upload/v1775143770/audios_ventas/md4howr0jtiqkiipp7mk.ogg	2026-04-02 15:18:08.701027+00	t	64	\N	\N	f
253	5. Nombre del padre y madre	https://res.cloudinary.com/da2yochcc/video/upload/v1774712560/audios_ventas/axfjm8mpykapus51rqxd.ogg	2026-03-28 15:44:33.232686+00	t	23	\N	\N	f
255	7. Correo electrónico	https://res.cloudinary.com/da2yochcc/video/upload/v1774712570/audios_ventas/gsxguyoufsqpglmyjjhu.ogg	2026-03-28 15:44:33.236496+00	t	23	\N	\N	f
256	8. NO (sin deudas)	https://res.cloudinary.com/da2yochcc/video/upload/v1774712575/audios_ventas/gvpqzh0atuowxpfnvujj.ogg	2026-03-28 15:44:33.269961+00	t	23	\N	\N	f
257	9. SI (acepta contrato)	https://res.cloudinary.com/da2yochcc/video/upload/v1774712586/audios_ventas/cdaozeyyyfgatsjhiel2.ogg	2026-03-28 15:44:33.272608+00	t	23	\N	\N	f
258	10. SI ACEPTO (términos)	https://res.cloudinary.com/da2yochcc/video/upload/v1774712590/audios_ventas/e0ojmjbbovqwpeffabeb.ogg	2026-03-28 15:44:33.273461+00	t	23	\N	\N	f
285	1. Nombre completo del cliente	https://res.cloudinary.com/da2yochcc/video/upload/v1774719779/audios_ventas/xx3xgj70hzppamiqotnc.webm	2026-03-28 17:48:30.574065+00	t	27	t		f
286	2. Número de documento (DNI)	https://res.cloudinary.com/da2yochcc/video/upload/v1774719817/audios_ventas/jycmadqknhj6b6tnvq6c.webm	2026-03-28 17:48:30.575686+00	t	27	t		f
287	3. Lugar y fecha de nacimiento	https://res.cloudinary.com/da2yochcc/video/upload/v1774719914/audios_ventas/kfi5dxdorikn6oxt7kd7.webm	2026-03-28 17:48:30.576679+00	t	27	t		f
288	4. Dirección de instalación	https://res.cloudinary.com/da2yochcc/video/upload/v1774719965/audios_ventas/hyzq0yloqpwjx2rgjz0h.webm	2026-03-28 17:48:30.577245+00	t	27	t		f
99	1. Nombre completo del cliente	https://res.cloudinary.com/da2yochcc/video/upload/v1774624350/audios_ventas/gmoqxrfotykcjgvy4v26.webm	2026-03-27 15:17:26.892238+00	t	10	t		f
100	2. Número de documento (DNI)	https://res.cloudinary.com/da2yochcc/video/upload/v1774624368/audios_ventas/nxvhiavdy7j6iy7iwlch.webm	2026-03-27 15:17:26.899182+00	t	10	t		f
101	3. Lugar y fecha de nacimiento	https://res.cloudinary.com/da2yochcc/video/upload/v1774624414/audios_ventas/ppzndqfn9gvmsxod7jk7.webm	2026-03-27 15:17:26.900014+00	t	10	t		f
102	4. Dirección de instalación	https://res.cloudinary.com/da2yochcc/video/upload/v1774624460/audios_ventas/ptuypuy13t7zvrltkknl.webm	2026-03-27 15:17:26.900725+00	t	10	t		f
103	5. Nombre del padre y madre	https://res.cloudinary.com/da2yochcc/video/upload/v1774624476/audios_ventas/fsxaketnp6oitpyjoo3g.webm	2026-03-27 15:17:26.901443+00	t	10	t		f
105	7. Correo electrónico	https://res.cloudinary.com/da2yochcc/video/upload/v1774624548/audios_ventas/loywwh7dmcqjcsbfsp0g.webm	2026-03-27 15:17:26.937444+00	t	10	t		f
106	8. NO (sin deudas)	https://res.cloudinary.com/da2yochcc/video/upload/v1774624556/audios_ventas/kli8erdu0ds1jdqxfjyg.webm	2026-03-27 15:17:26.938586+00	t	10	t		f
107	9. SI (acepta contrato)	https://res.cloudinary.com/da2yochcc/video/upload/v1774624566/audios_ventas/cmw0hickv0s0xarrwvnz.webm	2026-03-27 15:17:26.939529+00	t	10	t		f
108	10. SI ACEPTO (términos)	https://res.cloudinary.com/da2yochcc/video/upload/v1774624576/audios_ventas/j1ewsalunenfkbxsofrx.webm	2026-03-27 15:17:26.940426+00	t	10	t		f
109	11. SI AUTORIZO (datos personales)	https://res.cloudinary.com/da2yochcc/video/upload/v1774624582/audios_ventas/m0njfxrtzpchtdpvcgiq.webm	2026-03-27 15:17:26.941228+00	t	10	t		f
289	5. Nombre del padre y madre	https://res.cloudinary.com/da2yochcc/video/upload/v1774719977/audios_ventas/kqmnirs4isfodsf4qdht.webm	2026-03-28 17:48:30.577849+00	t	27	t		f
407	1. Nombre completo del cliente	https://res.cloudinary.com/da2yochcc/video/upload/v1774897856/audios_ventas/jl44yaectmfpmlczgeno.webm	2026-03-30 19:16:31.58906+00	t	44	\N	\N	f
408	2. Número de documento (DNI)	https://res.cloudinary.com/da2yochcc/video/upload/v1774897898/audios_ventas/sqfy04fh1sxnuufj0gnb.webm	2026-03-30 19:16:31.58996+00	t	44	\N	\N	f
290	6. Teléfono de contacto	https://res.cloudinary.com/da2yochcc/video/upload/v1774719994/audios_ventas/psg65s7ywarushd5eldl.webm	2026-03-28 17:48:30.578455+00	t	27	t		f
291	7. Correo electrónico	https://res.cloudinary.com/da2yochcc/video/upload/v1774720010/audios_ventas/yyqzwqfyvovopjem4uo5.webm	2026-03-28 17:48:30.579079+00	t	27	t		f
292	8. NO (sin deudas)	https://res.cloudinary.com/da2yochcc/video/upload/v1774720017/audios_ventas/mfvujxfxaoyixhpz4cbd.webm	2026-03-28 17:48:30.579699+00	t	27	t		f
323	3. Lugar y fecha de nacimiento	https://res.cloudinary.com/da2yochcc/video/upload/v1774727950/audios_ventas/rlnkpzekounbn5a9xkkg.ogg	2026-03-28 20:01:21.271892+00	t	31	\N	\N	f
324	4. Dirección de instalación	https://res.cloudinary.com/da2yochcc/video/upload/v1774727954/audios_ventas/vhdkhgkf3mjhawor66yj.ogg	2026-03-28 20:01:21.272621+00	t	31	t		f
325	5. Nombre del padre y madre	https://res.cloudinary.com/da2yochcc/video/upload/v1774727958/audios_ventas/sm5eyiqy1sugt6fdl3sx.ogg	2026-03-28 20:01:21.273452+00	t	31	\N	\N	f
326	6. Teléfono de contacto	https://res.cloudinary.com/da2yochcc/video/upload/v1774728010/audios_ventas/izbxdyele8bysorljqdu.ogg	2026-03-28 20:01:21.274143+00	t	31	\N	\N	f
419	1. Nombre completo del cliente	https://res.cloudinary.com/da2yochcc/video/upload/v1774899052/audios_ventas/hgelpsghnqkkyacb985a.ogg	2026-03-30 19:32:39.787263+00	t	45	\N	\N	f
169	7. Correo electrónico	https://res.cloudinary.com/da2yochcc/video/upload/v1774641855/audios_ventas/px3qz47eguo6yt4thegy.webm	2026-03-27 20:06:24.29433+00	t	16	t		f
283	11. SI AUTORIZO (datos personales)	https://res.cloudinary.com/da2yochcc/video/upload/v1774718996/audios_ventas/lxp2icka8fyqaizgcr9o.ogg	2026-03-28 17:30:35.885926+00	t	25	\N	\N	f
284	12. SI ACEPTO (conformidad final)	https://res.cloudinary.com/da2yochcc/video/upload/v1774719003/audios_ventas/frfc9hl1uro16mfs6aox.ogg	2026-03-28 17:30:35.88656+00	t	25	\N	\N	f
170	8. NO (sin deudas)	https://res.cloudinary.com/da2yochcc/video/upload/v1774641872/audios_ventas/xcvxzqtoyo47rbc0b5bg.webm	2026-03-27 20:06:24.29511+00	t	16	t		f
171	9. SI (acepta contrato)	https://res.cloudinary.com/da2yochcc/video/upload/v1774641881/audios_ventas/m4rtyigvggxlkdv7gcgy.webm	2026-03-27 20:06:24.295887+00	t	16	t		f
172	10. SI ACEPTO (términos)	https://res.cloudinary.com/da2yochcc/video/upload/v1774641891/audios_ventas/lwqvu8apuajnjqrkmasz.webm	2026-03-27 20:06:24.297117+00	t	16	t		f
490	12. SI ACEPTO (conformidad final)	https://res.cloudinary.com/da2yochcc/video/upload/v1774989647/audios_ventas/gbjsz7q0dxhbuyspfcvw.ogg	2026-03-31 20:41:31.292798+00	t	50	\N	\N	f
301	5. Nombre del padre y madre	https://res.cloudinary.com/da2yochcc/video/upload/v1774727112/audios_ventas/v3vmcozile1wukrxpnhm.ogg	2026-03-28 19:46:04.292955+00	t	29	t		f
302	6. Teléfono de contacto	https://res.cloudinary.com/da2yochcc/video/upload/v1774727114/audios_ventas/w8r8ywonvasmxzhhgto8.ogg	2026-03-28 19:46:04.293746+00	t	29	t		f
303	7. Correo electrónico	https://res.cloudinary.com/da2yochcc/video/upload/v1774727117/audios_ventas/b511n2jimbmiyikmwclf.ogg	2026-03-28 19:46:04.294489+00	t	29	t		f
476	10. SI ACEPTO (términos)	https://res.cloudinary.com/da2yochcc/video/upload/v1774987815/audios_ventas/ey266isqhkwvtbedk3gu.webm	2026-03-31 20:14:04.125423+00	t	49	\N	\N	f
454	12. SI ACEPTO (conformidad final)	https://res.cloudinary.com/da2yochcc/video/upload/v1774980089/audios_ventas/mdvj3sh8nfvuhqhrlwh1.ogg	2026-03-31 18:01:42.088336+00	t	48	\N	\N	f
311	3. Lugar y fecha de nacimiento	https://res.cloudinary.com/da2yochcc/video/upload/v1774727524/audios_ventas/kkzzskzlihwgeoohljxf.ogg	2026-03-28 19:54:13.135511+00	t	33	\N	\N	f
312	4. Dirección de instalación	https://res.cloudinary.com/da2yochcc/video/upload/v1774727549/audios_ventas/b3eidb4rd3gszexz4isn.ogg	2026-03-28 19:54:13.135517+00	t	33	\N	\N	f
313	5. Nombre del padre y madre	https://res.cloudinary.com/da2yochcc/video/upload/v1774727560/audios_ventas/ynb3uivsmy8mbd1vme7o.ogg	2026-03-28 19:54:13.135524+00	t	33	\N	\N	f
314	6. Teléfono de contacto	https://res.cloudinary.com/da2yochcc/video/upload/v1774727575/audios_ventas/hxeavnjjmg8lqvzsvcdb.ogg	2026-03-28 19:54:13.135531+00	t	33	\N	\N	f
315	7. Correo electrónico	https://res.cloudinary.com/da2yochcc/video/upload/v1774727585/audios_ventas/oeqbc5ykrnrtf1zr4rnv.ogg	2026-03-28 19:54:13.135538+00	t	33	\N	\N	f
316	8. NO (sin deudas)	https://res.cloudinary.com/da2yochcc/video/upload/v1774727589/audios_ventas/aj1eozggt2slr07t8g4v.ogg	2026-03-28 19:54:13.135543+00	t	33	\N	\N	f
317	9. SI (acepta contrato)	https://res.cloudinary.com/da2yochcc/video/upload/v1774727596/audios_ventas/b0qun5bziic0he1zime4.ogg	2026-03-28 19:54:13.135549+00	t	33	\N	\N	f
318	10. SI ACEPTO (términos)	https://res.cloudinary.com/da2yochcc/video/upload/v1774727613/audios_ventas/c4mjeajz3ecyziv0aaef.ogg	2026-03-28 19:54:13.135554+00	t	33	\N	\N	f
383	1. Nombre completo del cliente	https://res.cloudinary.com/da2yochcc/video/upload/v1774890900/audios_ventas/izoseunt1ztagd0654qd.ogg	2026-03-30 17:20:33.884365+00	t	43	\N	\N	f
384	2. Número de documento (DNI)	https://res.cloudinary.com/da2yochcc/video/upload/v1774891188/audios_ventas/gshpuhj8lung167zqsri.ogg	2026-03-30 17:20:33.885386+00	t	43	\N	\N	f
341	9. SI (acepta contrato)	https://res.cloudinary.com/da2yochcc/video/upload/v1774728263/audios_ventas/mf40zz2v8gfaxlmrg9aa.ogg	2026-03-28 20:07:16.613555+00	t	32	\N	\N	f
342	10. SI ACEPTO (términos)	https://res.cloudinary.com/da2yochcc/video/upload/v1774728273/audios_ventas/bxhphqbwse2jq2pxgyfx.ogg	2026-03-28 20:07:16.614101+00	t	32	\N	\N	f
308	12. SI ACEPTO (conformidad final)	https://res.cloudinary.com/da2yochcc/video/upload/v1774727131/audios_ventas/rlflofmrldriou45fpt2.ogg	2026-03-28 19:46:04.298771+00	t	29	t		f
385	3. Lugar y fecha de nacimiento	https://res.cloudinary.com/da2yochcc/video/upload/v1774890975/audios_ventas/lxmlfc9epcz6zmgzvw2b.ogg	2026-03-30 17:20:33.886235+00	t	43	\N	\N	f
386	4. Dirección de instalación	https://res.cloudinary.com/da2yochcc/video/upload/v1774890996/audios_ventas/rce3alpk8wojawsl7k1u.ogg	2026-03-30 17:20:33.888242+00	t	43	\N	\N	f
387	5. Nombre del padre y madre	https://res.cloudinary.com/da2yochcc/video/upload/v1774891040/audios_ventas/gosvrtizk8o1y8nlgm4l.ogg	2026-03-30 17:20:33.888995+00	t	43	\N	\N	f
388	6. Teléfono de contacto	https://res.cloudinary.com/da2yochcc/video/upload/v1774891055/audios_ventas/plzl4odqgbwrjmepbatb.ogg	2026-03-30 17:20:33.889726+00	t	43	\N	\N	f
349	5. Nombre del padre y madre	https://res.cloudinary.com/da2yochcc/video/upload/v1774728738/audios_ventas/ataoj8cpm3sjohtzhkwi.ogg	2026-03-28 20:15:01.402959+00	t	30	\N	\N	f
351	7. Correo electrónico	https://res.cloudinary.com/da2yochcc/video/upload/v1774728769/audios_ventas/xashfhjsqqrzi5jwixlj.ogg	2026-03-28 20:15:01.404759+00	t	30	\N	\N	f
352	8. NO (sin deudas)	https://res.cloudinary.com/da2yochcc/video/upload/v1774728788/audios_ventas/kfaqmo0fv04avw9qkhyf.ogg	2026-03-28 20:15:01.406057+00	t	30	\N	\N	f
353	9. SI (acepta contrato)	https://res.cloudinary.com/da2yochcc/video/upload/v1774728800/audios_ventas/fkxuts9n5spk1izvkhio.ogg	2026-03-28 20:15:01.408543+00	t	30	\N	\N	f
343	11. SI AUTORIZO (datos personales)	https://res.cloudinary.com/da2yochcc/video/upload/v1774728278/audios_ventas/jolgxxvrpvx2ipolzvmp.ogg	2026-03-28 20:07:16.615499+00	t	32	\N	\N	f
344	12. SI ACEPTO (conformidad final)	https://res.cloudinary.com/da2yochcc/video/upload/v1774728281/audios_ventas/fnqnkbyccstidewd7xjr.ogg	2026-03-28 20:07:16.617676+00	t	32	\N	\N	f
309	1. Nombre completo del cliente	https://res.cloudinary.com/da2yochcc/video/upload/v1774727506/audios_ventas/ponujpk7adgpmhefeh6f.ogg	2026-03-28 19:54:13.135491+00	t	33	\N	\N	f
310	2. Número de documento (DNI)	https://res.cloudinary.com/da2yochcc/video/upload/v1774727514/audios_ventas/qhhh9isbwv0dcy2owiih.ogg	2026-03-28 19:54:13.135503+00	t	33	\N	\N	f
354	10. SI ACEPTO (términos)	https://res.cloudinary.com/da2yochcc/video/upload/v1774728815/audios_ventas/vh60u3kia9rgvn7vi7gm.ogg	2026-03-28 20:15:01.409371+00	t	30	\N	\N	f
355	11. SI AUTORIZO (datos personales)	https://res.cloudinary.com/da2yochcc/video/upload/v1774728822/audios_ventas/k1dk6hownassflrnfwwg.ogg	2026-03-28 20:15:01.410047+00	t	30	\N	\N	f
307	11. SI AUTORIZO (datos personales)	https://res.cloudinary.com/da2yochcc/video/upload/v1774727128/audios_ventas/xqlgr2bpjmosuyvqvxy6.ogg	2026-03-28 19:46:04.298115+00	t	29	t		f
443	1. Nombre completo del cliente	https://res.cloudinary.com/da2yochcc/video/upload/v1774979916/audios_ventas/kdz37iqfqxx7hosexfdn.ogg	2026-03-31 18:01:42.079948+00	t	48	\N	\N	f
444	2. Número de documento (DNI)	https://res.cloudinary.com/da2yochcc/video/upload/v1774979933/audios_ventas/lgkq6rvfwa0ddtmrmww3.ogg	2026-03-31 18:01:42.080801+00	t	48	\N	\N	f
612	2. Número de documento (DNI)	https://res.cloudinary.com/da2yochcc/video/upload/v1775142946/audios_ventas/otg2q4bylwgg84x1ij8w.ogg	2026-04-02 15:18:08.703788+00	t	64	\N	\N	f
445	3. Lugar y fecha de nacimiento	https://res.cloudinary.com/da2yochcc/video/upload/v1774979952/audios_ventas/ixb2jxbsseh5mofwpl9w.ogg	2026-03-31 18:01:42.08223+00	t	48	\N	\N	f
446	4. Dirección de instalación	https://res.cloudinary.com/da2yochcc/video/upload/v1774979964/audios_ventas/j83i8b8inxmb41lpmnk5.ogg	2026-03-31 18:01:42.082887+00	t	48	\N	\N	f
389	7. Correo electrónico	https://res.cloudinary.com/da2yochcc/video/upload/v1774891079/audios_ventas/xbeoecng70i2d0vdcxed.ogg	2026-03-30 17:20:33.890543+00	t	43	\N	\N	f
390	8. NO (sin deudas)	https://res.cloudinary.com/da2yochcc/video/upload/v1774891095/audios_ventas/zptq0hpldk1vogx0t9q0.ogg	2026-03-30 17:20:33.892174+00	t	43	\N	\N	f
391	9. SI (acepta contrato)	https://res.cloudinary.com/da2yochcc/video/upload/v1774891106/audios_ventas/fyisgzpsgftolxub4lrs.ogg	2026-03-30 17:20:33.892888+00	t	43	\N	\N	f
392	10. SI ACEPTO (términos)	https://res.cloudinary.com/da2yochcc/video/upload/v1774891160/audios_ventas/lrjid0omg7yuyp1vyhdz.ogg	2026-03-30 17:20:33.893665+00	t	43	\N	\N	f
393	11. SI AUTORIZO (datos personales)	https://res.cloudinary.com/da2yochcc/video/upload/v1774891125/audios_ventas/rtdcx0hsfuvaemzzby5m.ogg	2026-03-30 17:20:33.894364+00	t	43	\N	\N	f
394	12. SI ACEPTO (conformidad final)	https://res.cloudinary.com/da2yochcc/video/upload/v1774891131/audios_ventas/glqhbuo0jxgzivthjcwq.ogg	2026-03-30 17:20:33.895038+00	t	43	\N	\N	f
357	1. Nombre completo del cliente	https://res.cloudinary.com/da2yochcc/video/upload/v1774737750/audios_ventas/ugpksyh1gfp4rir38nk8.ogg	2026-03-28 22:32:01.68992+00	t	35	\N	\N	f
358	2. Número de documento (DNI)	https://res.cloudinary.com/da2yochcc/video/upload/v1774737832/audios_ventas/sbbbbaqqz2bkig5vbm4y.ogg	2026-03-28 22:32:01.693643+00	t	35	\N	\N	f
359	3. Lugar y fecha de nacimiento	https://res.cloudinary.com/da2yochcc/video/upload/v1774737796/audios_ventas/ejjzjzk2kpttgnd6qrrd.ogg	2026-03-28 22:32:01.694463+00	t	35	\N	\N	f
360	4. Dirección de instalación	https://res.cloudinary.com/da2yochcc/video/upload/v1774737772/audios_ventas/wozj0kx8wqk5qqxfhkjy.ogg	2026-03-28 22:32:01.76867+00	t	35	\N	\N	f
361	5. Nombre del padre y madre	https://res.cloudinary.com/da2yochcc/video/upload/v1774737816/audios_ventas/jl5694fvq1k3kzc73ovj.ogg	2026-03-28 22:32:01.769681+00	t	35	\N	\N	f
362	6. Teléfono de contacto	https://res.cloudinary.com/da2yochcc/video/upload/v1774737914/audios_ventas/ona5zlma4dnwpqzhmosa.ogg	2026-03-28 22:32:01.770496+00	t	35	\N	\N	f
363	7. Correo electrónico	https://res.cloudinary.com/da2yochcc/video/upload/v1774737848/audios_ventas/ed4xw88axoxr25dm3bub.ogg	2026-03-28 22:32:01.771235+00	t	35	\N	\N	f
364	8. NO (sin deudas)	https://res.cloudinary.com/da2yochcc/video/upload/v1774737865/audios_ventas/myfseozswf1juxyhqvjt.ogg	2026-03-28 22:32:01.771939+00	t	35	\N	\N	f
365	9. SI (acepta contrato)	https://res.cloudinary.com/da2yochcc/video/upload/v1774737875/audios_ventas/qixqnh83bmjo7kli0y97.ogg	2026-03-28 22:32:01.772636+00	t	35	\N	\N	f
33	9. SI (acepta contrato)	https://res.cloudinary.com/da2yochcc/video/upload/v1774557099/audios_ventas/gfau3xxg66vllatr4oj4.ogg	2026-03-26 20:33:47.37956+00	t	7	\N	\N	f
34	10. SI ACEPTO (términos)	https://res.cloudinary.com/da2yochcc/video/upload/v1774557104/audios_ventas/l3kocbcnsezq4wls4l1t.ogg	2026-03-26 20:33:47.380989+00	t	7	\N	\N	f
35	11. SI AUTORIZO (datos personales)	https://res.cloudinary.com/da2yochcc/video/upload/v1774557109/audios_ventas/ruigvcr3ggussjf2xmdu.ogg	2026-03-26 20:33:47.38166+00	t	7	\N	\N	f
36	12. SI ACEPTO (conformidad final)	https://res.cloudinary.com/da2yochcc/video/upload/v1774557116/audios_ventas/dp6pjvvhqol82c1dslix.ogg	2026-03-26 20:33:47.382535+00	t	7	\N	\N	f
470	4. Dirección de instalación	https://res.cloudinary.com/da2yochcc/video/upload/v1774987716/audios_ventas/fge7eecb0qji4yvm521k.webm	2026-03-31 20:14:04.115006+00	t	49	\N	\N	f
421	3. Lugar y fecha de nacimiento	https://res.cloudinary.com/da2yochcc/video/upload/v1774899065/audios_ventas/vgt78qjycg6f6jtxxdax.ogg	2026-03-30 19:32:39.797552+00	t	45	\N	\N	f
422	4. Dirección de instalación	https://res.cloudinary.com/da2yochcc/video/upload/v1774899068/audios_ventas/cwx2bfqaftfeiulaxt14.ogg	2026-03-30 19:32:39.798463+00	t	45	\N	\N	f
423	5. Nombre del padre y madre	https://res.cloudinary.com/da2yochcc/video/upload/v1774899077/audios_ventas/clpxdfimbnddhnqev1fa.ogg	2026-03-30 19:32:39.799382+00	t	45	\N	\N	f
424	6. Teléfono de contacto	https://res.cloudinary.com/da2yochcc/video/upload/v1774899090/audios_ventas/se2zizm4glckbvlzgfhm.ogg	2026-03-30 19:32:39.801413+00	t	45	\N	\N	f
471	5. Nombre del padre y madre	https://res.cloudinary.com/da2yochcc/video/upload/v1774987728/audios_ventas/zyirfdkacnowk8z70cpg.webm	2026-03-31 20:14:04.117871+00	t	49	\N	\N	f
472	6. Teléfono de contacto	https://res.cloudinary.com/da2yochcc/video/upload/v1774987748/audios_ventas/ak6ostr9hpsof3ebomsd.webm	2026-03-31 20:14:04.120053+00	t	49	\N	\N	f
473	7. Correo electrónico	https://res.cloudinary.com/da2yochcc/video/upload/v1774987774/audios_ventas/klozgyqvxo4l4mkggl3y.webm	2026-03-31 20:14:04.120748+00	t	49	\N	\N	f
474	8. NO (sin deudas)	https://res.cloudinary.com/da2yochcc/video/upload/v1774987781/audios_ventas/kh0uiqkqw6acfbzwowoq.webm	2026-03-31 20:14:04.123441+00	t	49	\N	\N	f
475	9. SI (acepta contrato)	https://res.cloudinary.com/da2yochcc/video/upload/v1774987795/audios_ventas/kcyrjvrbt8f4v3lujqvx.webm	2026-03-31 20:14:04.124111+00	t	49	\N	\N	f
618	8. NO (sin deudas)	https://res.cloudinary.com/da2yochcc/video/upload/v1775142978/audios_ventas/gs3ycczissyimh2fkm0h.ogg	2026-04-02 15:18:08.709029+00	t	64	\N	\N	f
619	9. SI (acepta contrato)	https://res.cloudinary.com/da2yochcc/video/upload/v1775142983/audios_ventas/a5ljud6auztyuslydymb.ogg	2026-04-02 15:18:08.709675+00	t	64	\N	\N	f
620	10. SI ACEPTO (términos)	https://res.cloudinary.com/da2yochcc/video/upload/v1775142986/audios_ventas/b9fmjonywsdbkw4fsjke.ogg	2026-04-02 15:18:08.710522+00	t	64	\N	\N	f
453	11. SI AUTORIZO (datos personales)	https://res.cloudinary.com/da2yochcc/video/upload/v1774980085/audios_ventas/tlno6s8wf8oeqbx7muln.ogg	2026-03-31 18:01:42.087773+00	t	48	\N	\N	f
669	11. SI AUTORIZO (datos personales)	https://res.cloudinary.com/da2yochcc/video/upload/v1775158968/audios_ventas/tkueiqikrzmhe9bcc7us.ogg	2026-04-02 19:43:26.899279+00	t	69	\N	\N	f
670	12. SI ACEPTO (conformidad final)	https://res.cloudinary.com/da2yochcc/video/upload/v1775158830/audios_ventas/vsoepndj9kz5dyk74xkw.ogg	2026-04-02 19:43:26.900118+00	t	69	\N	\N	f
84	10. SI ACEPTO (términos)	https://res.cloudinary.com/da2yochcc/video/upload/v1774625226/audios_ventas/uv6owfsk6eijeppqzvvi.ogg	2026-03-26 21:40:08.393195+00	t	8	\N	\N	f
85	11. SI AUTORIZO (datos personales)	https://res.cloudinary.com/da2yochcc/video/upload/v1774625228/audios_ventas/rjfd8laisj7zloltwq6l.ogg	2026-03-26 21:40:08.393838+00	t	8	\N	\N	f
409	3. Lugar y fecha de nacimiento	https://res.cloudinary.com/da2yochcc/video/upload/v1774897948/audios_ventas/ewyigbpswfvtzxsk9hia.webm	2026-03-30 19:16:31.590654+00	t	44	\N	\N	f
410	4. Dirección de instalación	https://res.cloudinary.com/da2yochcc/video/upload/v1774898059/audios_ventas/r7kg34r0rtm43kejy9uh.webm	2026-03-30 19:16:31.591373+00	t	44	\N	\N	f
414	8. NO (sin deudas)	https://res.cloudinary.com/da2yochcc/video/upload/v1774898110/audios_ventas/narqavs062j03jddvwxb.webm	2026-03-30 19:16:31.671786+00	t	44	\N	\N	f
366	10. SI ACEPTO (términos)	https://res.cloudinary.com/da2yochcc/video/upload/v1774737929/audios_ventas/smntqf44eqt3rldpye3l.ogg	2026-03-28 22:32:01.773415+00	t	35	\N	\N	f
367	11. SI AUTORIZO (datos personales)	https://res.cloudinary.com/da2yochcc/video/upload/v1774737921/audios_ventas/nv3xaz8xeelpjvodkcvb.ogg	2026-03-28 22:32:01.774049+00	t	35	\N	\N	f
293	9. SI (acepta contrato)	https://res.cloudinary.com/da2yochcc/video/upload/v1774720031/audios_ventas/xqsclhaqehd4tycd4sjg.webm	2026-03-28 17:48:30.580245+00	t	27	t		f
294	10. SI ACEPTO (términos)	https://res.cloudinary.com/da2yochcc/video/upload/v1774720043/audios_ventas/id8r9ojtpgcq2aemgvei.webm	2026-03-28 17:48:30.580821+00	t	27	t		f
295	11. SI AUTORIZO (datos personales)	https://res.cloudinary.com/da2yochcc/video/upload/v1774720060/audios_ventas/bcc0wzshegopaakje71d.webm	2026-03-28 17:48:30.581407+00	t	27	t		f
296	12. SI ACEPTO (conformidad final)	https://res.cloudinary.com/da2yochcc/video/upload/v1774720071/audios_ventas/i7gjtzfk8f62bienqzvn.webm	2026-03-28 17:48:30.581943+00	t	27	t		f
330	10. SI ACEPTO (términos)	https://res.cloudinary.com/da2yochcc/video/upload/v1774728039/audios_ventas/kxtiicpacxlbrk7tefeg.ogg	2026-03-28 20:01:21.276941+00	t	31	\N	\N	f
671	1. Nombre completo del cliente	https://res.cloudinary.com/da2yochcc/video/upload/v1775159183/audios_ventas/jgtajc5omvqs4orhqcz2.ogg	2026-04-02 19:56:18.404824+00	t	68	\N	\N	f
672	2. Número de documento (DNI)	https://res.cloudinary.com/da2yochcc/video/upload/v1775159251/audios_ventas/klejjftzlxmnbuctgogn.ogg	2026-04-02 19:56:18.406887+00	t	68	\N	\N	f
673	3. Lugar y fecha de nacimiento	https://res.cloudinary.com/da2yochcc/video/upload/v1775159299/audios_ventas/ncs5yzviikhighuwdyoy.ogg	2026-04-02 19:56:18.407784+00	t	68	\N	\N	f
674	4. Dirección de instalación	https://res.cloudinary.com/da2yochcc/video/upload/v1775159347/audios_ventas/xnj5ody5gxdbrzknzpqm.ogg	2026-04-02 19:56:18.408919+00	t	68	\N	\N	f
613	3. Lugar y fecha de nacimiento	https://res.cloudinary.com/da2yochcc/video/upload/v1775142951/audios_ventas/mbhr1jgwoplydjmtq40t.ogg	2026-04-02 15:18:08.705276+00	t	64	\N	\N	f
425	7. Correo electrónico	https://res.cloudinary.com/da2yochcc/video/upload/v1774899098/audios_ventas/qsmfphfulemhq0j9fm90.ogg	2026-03-30 19:32:39.80341+00	t	45	\N	\N	f
426	8. NO (sin deudas)	https://res.cloudinary.com/da2yochcc/video/upload/v1774899104/audios_ventas/cgxgptnaaf7e9zkqgyka.ogg	2026-03-30 19:32:39.807016+00	t	45	\N	\N	f
427	9. SI (acepta contrato)	https://res.cloudinary.com/da2yochcc/video/upload/v1774899109/audios_ventas/bh6hr11z9f96ol0uohdf.ogg	2026-03-30 19:32:39.808958+00	t	45	\N	\N	f
395	1. Nombre completo del cliente	https://res.cloudinary.com/da2yochcc/video/upload/v1774891488/audios_ventas/jj8nx6zxsice22tqggpk.webm	2026-03-30 17:35:18.87033+00	t	42	\N	\N	f
396	2. Número de documento (DNI)	https://res.cloudinary.com/da2yochcc/video/upload/v1774891524/audios_ventas/tck75pdcxmlaj3v3gk0w.webm	2026-03-30 17:35:18.872149+00	t	42	\N	\N	f
397	3. Lugar y fecha de nacimiento	https://res.cloudinary.com/da2yochcc/video/upload/v1774891822/audios_ventas/jy4icxrswvj2mxgekiz1.webm	2026-03-30 17:35:18.874385+00	t	42	\N	\N	f
398	4. Dirección de instalación	https://res.cloudinary.com/da2yochcc/video/upload/v1774891893/audios_ventas/yk1heqxs9hxwp6owrbbb.webm	2026-03-30 17:35:18.874962+00	t	42	\N	\N	f
399	5. Nombre del padre y madre	https://res.cloudinary.com/da2yochcc/video/upload/v1774891907/audios_ventas/yuilubmmmpulvew9j7lu.webm	2026-03-30 17:35:18.879414+00	t	42	\N	\N	f
400	6. Teléfono de contacto	https://res.cloudinary.com/da2yochcc/video/upload/v1774891944/audios_ventas/rqcw20bfv5hn6re1mp5k.webm	2026-03-30 17:35:18.881482+00	t	42	\N	\N	f
614	4. Dirección de instalación	https://res.cloudinary.com/da2yochcc/video/upload/v1775142954/audios_ventas/bw4pks07ws1ru12ebp5p.ogg	2026-04-02 15:18:08.705962+00	t	64	\N	\N	f
615	5. Nombre del padre y madre	https://res.cloudinary.com/da2yochcc/video/upload/v1775142960/audios_ventas/jys4momjkzz7ffmtgrbq.ogg	2026-04-02 15:18:08.70662+00	t	64	\N	\N	f
616	6. Teléfono de contacto	https://res.cloudinary.com/da2yochcc/video/upload/v1775142965/audios_ventas/keygrkkdgqa3d4gr5ls6.ogg	2026-04-02 15:18:08.707242+00	t	64	\N	\N	f
431	1. Nombre completo del cliente	https://res.cloudinary.com/da2yochcc/video/upload/v1774902578/audios_ventas/jatimh4tyrsbxecg6r3n.ogg	2026-03-30 20:33:22.481768+00	t	46	\N	\N	f
432	2. Número de documento (DNI)	https://res.cloudinary.com/da2yochcc/video/upload/v1774902594/audios_ventas/nyu35yit5scn4vtidvpl.ogg	2026-03-30 20:33:22.483455+00	t	46	\N	\N	f
368	12. SI ACEPTO (conformidad final)	https://res.cloudinary.com/da2yochcc/video/upload/v1774737901/audios_ventas/fu7lnqgjmdynkvpcae7k.ogg	2026-03-28 22:32:01.774742+00	t	35	\N	\N	f
433	3. Lugar y fecha de nacimiento	https://res.cloudinary.com/da2yochcc/video/upload/v1774902606/audios_ventas/ekts4jxi34duet8im9g2.ogg	2026-03-30 20:33:22.484255+00	t	46	\N	\N	f
428	10. SI ACEPTO (términos)	https://res.cloudinary.com/da2yochcc/video/upload/v1774899116/audios_ventas/hxiqh8qcybzuhjvlkisu.ogg	2026-03-30 19:32:39.814618+00	t	45	\N	\N	f
493	3. Lugar y fecha de nacimiento	https://res.cloudinary.com/da2yochcc/video/upload/v1774990104/audios_ventas/ktprthsdknusntggxqht.ogg	2026-03-31 20:49:28.785514+00	t	51	\N	\N	f
494	4. Dirección de instalación	https://res.cloudinary.com/da2yochcc/video/upload/v1774990108/audios_ventas/tfqcz2bfnfm3tqlirnh7.ogg	2026-03-31 20:49:28.786222+00	t	51	\N	\N	f
623	1. Nombre completo del cliente	https://res.cloudinary.com/da2yochcc/video/upload/v1775145331/audios_ventas/kck11q1q8wv2glymvb18.ogg	2026-04-02 16:01:54.60421+00	t	65	\N	\N	f
624	2. Número de documento (DNI)	https://res.cloudinary.com/da2yochcc/video/upload/v1775145701/audios_ventas/gcmkht5aathyzxsus7zf.ogg	2026-04-02 16:01:54.605483+00	t	65	\N	\N	f
627	5. Nombre del padre y madre	https://res.cloudinary.com/da2yochcc/video/upload/v1775145352/audios_ventas/g4ucftnkblhpu8kw7ybw.ogg	2026-04-02 16:01:54.60799+00	t	65	\N	\N	f
628	6. Teléfono de contacto	https://res.cloudinary.com/da2yochcc/video/upload/v1775145356/audios_ventas/ccgh2shjfxqkfsqqjmbk.ogg	2026-04-02 16:01:54.608808+00	t	65	\N	\N	f
625	3. Lugar y fecha de nacimiento	https://res.cloudinary.com/da2yochcc/video/upload/v1775145338/audios_ventas/y8komjjzpseccwslceh2.ogg	2026-04-02 16:01:54.606279+00	t	65	\N	\N	f
626	4. Dirección de instalación	https://res.cloudinary.com/da2yochcc/video/upload/v1775145346/audios_ventas/zhen9usqblcyddn1ejk0.ogg	2026-04-02 16:01:54.607078+00	t	65	\N	\N	f
477	11. SI AUTORIZO (datos personales)	https://res.cloudinary.com/da2yochcc/video/upload/v1774987823/audios_ventas/km8vo24sletkkfagvm7x.webm	2026-03-31 20:14:04.127445+00	t	49	\N	\N	f
478	12. SI ACEPTO (conformidad final)	https://res.cloudinary.com/da2yochcc/video/upload/v1774987834/audios_ventas/dmozevlzzahakctr7idy.webm	2026-03-31 20:14:04.12849+00	t	49	\N	\N	f
463	9. SI (acepta contrato)	https://res.cloudinary.com/da2yochcc/video/upload/v1774985253/audios_ventas/waqzyccaswqvflb1aeex.webm	2026-03-31 19:28:36.990296+00	t	47	\N	\N	f
464	10. SI ACEPTO (términos)	https://res.cloudinary.com/da2yochcc/video/upload/v1774985259/audios_ventas/w7acjynd0ontikodoene.webm	2026-03-31 19:28:36.991126+00	t	47	\N	\N	f
465	11. SI AUTORIZO (datos personales)	https://res.cloudinary.com/da2yochcc/video/upload/v1774985271/audios_ventas/xtqe2yhgydgcvi5hijyh.webm	2026-03-31 19:28:36.9918+00	t	47	\N	\N	f
466	12. SI ACEPTO (conformidad final)	https://res.cloudinary.com/da2yochcc/video/upload/v1774985270/audios_ventas/nfdhi4f7mxfupijnb7pr.webm	2026-03-31 19:28:36.992433+00	t	47	\N	\N	f
491	1. Nombre completo del cliente	https://res.cloudinary.com/da2yochcc/video/upload/v1774990098/audios_ventas/htm7cx4bqpz4xdcyrnzs.ogg	2026-03-31 20:49:28.781729+00	t	51	\N	\N	f
492	2. Número de documento (DNI)	https://res.cloudinary.com/da2yochcc/video/upload/v1774990101/audios_ventas/drllrjusewha8enc29qh.ogg	2026-03-31 20:49:28.782726+00	t	51	\N	\N	f
435	5. Nombre del padre y madre	https://res.cloudinary.com/da2yochcc/video/upload/v1774902647/audios_ventas/qnz1m1df6ncaeipteadt.ogg	2026-03-30 20:33:22.486265+00	t	46	\N	\N	f
436	6. Teléfono de contacto	https://res.cloudinary.com/da2yochcc/video/upload/v1774902663/audios_ventas/dpn10blupvztmuninsia.ogg	2026-03-30 20:33:22.569155+00	t	46	\N	\N	f
437	7. Correo electrónico	https://res.cloudinary.com/da2yochcc/video/upload/v1774902680/audios_ventas/nsccrchonthjbuegu6nd.ogg	2026-03-30 20:33:22.570036+00	t	46	\N	\N	f
438	8. NO (sin deudas)	https://res.cloudinary.com/da2yochcc/video/upload/v1774902698/audios_ventas/j5pmpahjazugbjs3z2lo.ogg	2026-03-30 20:33:22.571414+00	t	46	\N	\N	f
439	9. SI (acepta contrato)	https://res.cloudinary.com/da2yochcc/video/upload/v1774902745/audios_ventas/hgrsritvqnuichs88qd9.ogg	2026-03-30 20:33:22.577211+00	t	46	\N	\N	f
440	10. SI ACEPTO (términos)	https://res.cloudinary.com/da2yochcc/video/upload/v1774902736/audios_ventas/ebez2j5p1aic3sje4dyp.ogg	2026-03-30 20:33:22.5821+00	t	46	\N	\N	f
441	11. SI AUTORIZO (datos personales)	https://res.cloudinary.com/da2yochcc/video/upload/v1774902753/audios_ventas/l4jcjzwxchaftlqse0wt.ogg	2026-03-30 20:33:22.582876+00	t	46	\N	\N	f
442	12. SI ACEPTO (conformidad final)	https://res.cloudinary.com/da2yochcc/video/upload/v1774902766/audios_ventas/uroap3lmjco4obi2pgbc.ogg	2026-03-30 20:33:22.583613+00	t	46	\N	\N	f
434	4. Dirección de instalación	https://res.cloudinary.com/da2yochcc/video/upload/v1774902625/audios_ventas/rudijkhhprhb9i4pwqr0.ogg	2026-03-30 20:33:22.485438+00	t	46	\N	\N	f
461	7. Correo electrónico	https://res.cloudinary.com/da2yochcc/video/upload/v1774985177/audios_ventas/itnxgsvkensovg7lc7cb.webm	2026-03-31 19:28:36.988965+00	t	47	\N	\N	f
462	8. NO (sin deudas)	https://res.cloudinary.com/da2yochcc/video/upload/v1774985301/audios_ventas/zxl2mcsy3kc4hragemuf.webm	2026-03-31 19:28:36.98965+00	t	47	\N	\N	f
503	1. Nombre completo del cliente	https://res.cloudinary.com/da2yochcc/video/upload/v1774991742/audios_ventas/rdocatc4fzuutmk0evhl.ogg	2026-03-31 21:18:48.583656+00	t	52	\N	\N	f
504	2. Número de documento (DNI)	https://res.cloudinary.com/da2yochcc/video/upload/v1774991747/audios_ventas/xa1ugjqgih4l6qu9ogcl.ogg	2026-03-31 21:18:48.584695+00	t	52	\N	\N	f
505	3. Lugar y fecha de nacimiento	https://res.cloudinary.com/da2yochcc/video/upload/v1774991751/audios_ventas/svzegrsodu2cjwf47d54.ogg	2026-03-31 21:18:48.585437+00	t	52	\N	\N	f
634	12. SI ACEPTO (conformidad final)	https://res.cloudinary.com/da2yochcc/video/upload/v1775145376/audios_ventas/oq8t6abwilhmo4aq3sbu.ogg	2026-04-02 16:01:54.692938+00	t	65	\N	\N	f
506	4. Dirección de instalación	https://res.cloudinary.com/da2yochcc/video/upload/v1774991754/audios_ventas/hsacftjqdwblz6liae1k.ogg	2026-03-31 21:18:48.586302+00	t	52	\N	\N	f
507	5. Nombre del padre y madre	https://res.cloudinary.com/da2yochcc/video/upload/v1774991831/audios_ventas/hgusufnrdo4krmep2vhx.ogg	2026-03-31 21:18:48.587017+00	t	52	\N	\N	f
508	6. Teléfono de contacto	https://res.cloudinary.com/da2yochcc/video/upload/v1774991762/audios_ventas/rayw8acv0b5gtu0ecjta.ogg	2026-03-31 21:18:48.587727+00	t	52	\N	\N	f
509	7. Correo electrónico	https://res.cloudinary.com/da2yochcc/video/upload/v1774991768/audios_ventas/eaa1r19y0pa9ph8xmx9u.ogg	2026-03-31 21:18:48.588433+00	t	52	\N	\N	f
510	8. NO (sin deudas)	https://res.cloudinary.com/da2yochcc/video/upload/v1774991774/audios_ventas/m3cisttrzppkwdkqgifa.ogg	2026-03-31 21:18:48.589154+00	t	52	\N	\N	f
511	9. SI (acepta contrato)	https://res.cloudinary.com/da2yochcc/video/upload/v1774991788/audios_ventas/hnyrdz4gkmhixrmpdux1.ogg	2026-03-31 21:18:48.589837+00	t	52	\N	\N	f
192	6. Teléfono de contacto	https://res.cloudinary.com/da2yochcc/video/upload/v1774642312/audios_ventas/i8av5w5q4txntkjjzox4.webm	2026-03-27 20:20:13.104554+00	t	18	\N	\N	f
482	4. Dirección de instalación	https://res.cloudinary.com/da2yochcc/video/upload/v1774989607/audios_ventas/hvo1ucrnculzrq9aszwo.ogg	2026-03-31 20:41:31.288024+00	t	50	\N	\N	f
675	5. Nombre del padre y madre	https://res.cloudinary.com/da2yochcc/video/upload/v1775159376/audios_ventas/vnsrtcaopmek91upcw64.ogg	2026-04-02 19:56:18.409953+00	t	68	\N	\N	f
497	7. Correo electrónico	https://res.cloudinary.com/da2yochcc/video/upload/v1774990127/audios_ventas/ek8qc6dmk4u5jngdva7z.ogg	2026-03-31 20:49:28.78855+00	t	51	\N	\N	f
498	8. NO (sin deudas)	https://res.cloudinary.com/da2yochcc/video/upload/v1774990135/audios_ventas/vdktivwogaacurmgvoaa.ogg	2026-03-31 20:49:28.789834+00	t	51	\N	\N	f
502	12. SI ACEPTO (conformidad final)	https://res.cloudinary.com/da2yochcc/video/upload/v1774990150/audios_ventas/zgqzqc2zilzwdnh7huch.ogg	2026-03-31 20:49:28.792604+00	t	51	\N	\N	f
495	5. Nombre del padre y madre	https://res.cloudinary.com/da2yochcc/video/upload/v1774990113/audios_ventas/arpkmsbbigfyvrahafvo.ogg	2026-03-31 20:49:28.786856+00	t	51	\N	\N	f
499	9. SI (acepta contrato)	https://res.cloudinary.com/da2yochcc/video/upload/v1774990140/audios_ventas/j5ehdwoaroblpdb3theu.ogg	2026-03-31 20:49:28.790414+00	t	51	\N	\N	f
500	10. SI ACEPTO (términos)	https://res.cloudinary.com/da2yochcc/video/upload/v1774990143/audios_ventas/d1czfsmeloxveabnc8ab.ogg	2026-03-31 20:49:28.790939+00	t	51	\N	\N	f
501	11. SI AUTORIZO (datos personales)	https://res.cloudinary.com/da2yochcc/video/upload/v1774990147/audios_ventas/sgvckssmiv6uo0v8bvxo.ogg	2026-03-31 20:49:28.791463+00	t	51	\N	\N	f
496	6. Teléfono de contacto	https://res.cloudinary.com/da2yochcc/video/upload/v1774990123/audios_ventas/girmzl6c0i7lrjcq0die.ogg	2026-03-31 20:49:28.787962+00	t	51	\N	\N	f
479	1. Nombre completo del cliente	https://res.cloudinary.com/da2yochcc/video/upload/v1774989596/audios_ventas/otrayjdotl90msepidsp.ogg	2026-03-31 20:41:31.285706+00	t	50	\N	\N	f
480	2. Número de documento (DNI)	https://res.cloudinary.com/da2yochcc/video/upload/v1774989602/audios_ventas/neztundwp8ns4kkewels.ogg	2026-03-31 20:41:31.286529+00	t	50	\N	\N	f
676	6. Teléfono de contacto	https://res.cloudinary.com/da2yochcc/video/upload/v1775159416/audios_ventas/bxfytosmy5ofr3eitjy5.ogg	2026-04-02 19:56:18.410811+00	t	68	\N	\N	f
677	7. Correo electrónico	https://res.cloudinary.com/da2yochcc/video/upload/v1775159445/audios_ventas/ut1tdi5jsdnysto7i7hz.ogg	2026-04-02 19:56:18.411555+00	t	68	\N	\N	f
700	6. Teléfono de contacto	https://res.cloudinary.com/da2yochcc/video/upload/v1775163069/audios_ventas/o3bzz73ncctsxdgsucqi.webm	2026-04-02 20:52:11.913295+00	t	70	\N	\N	f
701	7. Correo electrónico	https://res.cloudinary.com/da2yochcc/video/upload/v1775163079/audios_ventas/v60iv3a7mzh1qycvller.webm	2026-04-02 20:52:11.91406+00	t	70	\N	\N	f
702	8. NO (sin deudas)	https://res.cloudinary.com/da2yochcc/video/upload/v1775163084/audios_ventas/jvxqjshvmbbviw6tmzmn.webm	2026-04-02 20:52:11.914968+00	t	70	\N	\N	f
237	1. Nombre completo del cliente	https://res.cloudinary.com/da2yochcc/video/upload/v1774711366/audios_ventas/jfhltyvtt74ikkq3asrv.webm	2026-03-28 15:27:15.293317+00	t	20	t		f
244	8. NO (sin deudas)	https://res.cloudinary.com/da2yochcc/video/upload/v1774711563/audios_ventas/btbre2pltomtrboze1uc.webm	2026-03-28 15:27:15.372999+00	t	20	\N	\N	f
245	9. SI (acepta contrato)	https://res.cloudinary.com/da2yochcc/video/upload/v1774711575/audios_ventas/qxsz5oexexkkdmwgvf6a.webm	2026-03-28 15:27:15.374052+00	t	20	\N	\N	f
246	10. SI ACEPTO (términos)	https://res.cloudinary.com/da2yochcc/video/upload/v1774711583/audios_ventas/n2qc4k0byet3vwq0cxju.webm	2026-03-28 15:27:15.374943+00	t	20	\N	\N	f
247	11. SI AUTORIZO (datos personales)	https://res.cloudinary.com/da2yochcc/video/upload/v1774711594/audios_ventas/wsngbvmxa2pfnatrhqrw.webm	2026-03-28 15:27:15.375749+00	t	20	\N	\N	f
252	4. Dirección de instalación	https://res.cloudinary.com/da2yochcc/video/upload/v1774712556/audios_ventas/qzxvvcanz9hnsuuiypsx.ogg	2026-03-28 15:44:33.230515+00	t	23	\N	\N	f
259	11. SI AUTORIZO (datos personales)	https://res.cloudinary.com/da2yochcc/video/upload/v1774712594/audios_ventas/sj5svealxkwitp3fgdfj.ogg	2026-03-28 15:44:33.274438+00	t	23	\N	\N	f
260	12. SI ACEPTO (conformidad final)	https://res.cloudinary.com/da2yochcc/video/upload/v1774712599/audios_ventas/qh3bu6fhfk0gigxx4mrm.ogg	2026-03-28 15:44:33.27552+00	t	23	\N	\N	f
17	5. Nombre del padre y madre	https://res.cloudinary.com/da2yochcc/video/upload/v1774537938/audios_ventas/pmf7jqfga90he8oxrdfh.ogg	2026-03-26 15:14:17.225155+00	t	2	t		f
515	1. Nombre completo del cliente	https://res.cloudinary.com/da2yochcc/video/upload/v1775055767/audios_ventas/w8eikhnxke31wzzxpo7w.webm	2026-04-01 15:04:12.131358+00	t	54	\N	\N	f
516	2. Número de documento (DNI)	https://res.cloudinary.com/da2yochcc/video/upload/v1775055770/audios_ventas/hctnqeapmcrjkqwsil6q.webm	2026-04-01 15:04:12.133828+00	t	54	\N	\N	f
517	3. Lugar y fecha de nacimiento	https://res.cloudinary.com/da2yochcc/video/upload/v1775055779/audios_ventas/hvwzc7fnoefpbo7ilg39.webm	2026-04-01 15:04:12.136543+00	t	54	\N	\N	f
629	7. Correo electrónico	https://res.cloudinary.com/da2yochcc/video/upload/v1775145705/audios_ventas/sa86wjgfsrwm0u6u5kx0.ogg	2026-04-02 16:01:54.609667+00	t	65	\N	\N	f
483	5. Nombre del padre y madre	https://res.cloudinary.com/da2yochcc/video/upload/v1774989612/audios_ventas/lubi0mf8s6faz2stoqbe.ogg	2026-03-31 20:41:31.28877+00	t	50	\N	\N	f
484	6. Teléfono de contacto	https://res.cloudinary.com/da2yochcc/video/upload/v1774989616/audios_ventas/yklehiz2lmko0lb6muu1.ogg	2026-03-31 20:41:31.289336+00	t	50	\N	\N	f
630	8. NO (sin deudas)	https://res.cloudinary.com/da2yochcc/video/upload/v1775145362/audios_ventas/ytaioemjm0bn5ahypw34.ogg	2026-04-02 16:01:54.610464+00	t	65	\N	\N	f
631	9. SI (acepta contrato)	https://res.cloudinary.com/da2yochcc/video/upload/v1775145365/audios_ventas/qvihi87kz8ugjxdhmhos.ogg	2026-04-02 16:01:54.611296+00	t	65	\N	\N	f
632	10. SI ACEPTO (términos)	https://res.cloudinary.com/da2yochcc/video/upload/v1775145369/audios_ventas/rtsmqanihudiae0sq1wh.ogg	2026-04-02 16:01:54.612104+00	t	65	\N	\N	f
633	11. SI AUTORIZO (datos personales)	https://res.cloudinary.com/da2yochcc/video/upload/v1775145372/audios_ventas/wk6up0v12m85hnxqqlbj.ogg	2026-04-02 16:01:54.691367+00	t	65	\N	\N	f
485	7. Correo electrónico	https://res.cloudinary.com/da2yochcc/video/upload/v1774989630/audios_ventas/tswlhlbnqojjtkcat1cz.ogg	2026-03-31 20:41:31.28995+00	t	50	\N	\N	f
401	7. Correo electrónico	https://res.cloudinary.com/da2yochcc/video/upload/v1774891970/audios_ventas/z1qqf0pnks47zjkkbqnk.webm	2026-03-30 17:35:18.883467+00	t	42	\N	\N	f
402	8. NO (sin deudas)	https://res.cloudinary.com/da2yochcc/video/upload/v1774891983/audios_ventas/tn3uyqjgkofoepsroywm.webm	2026-03-30 17:35:18.884113+00	t	42	\N	\N	f
403	9. SI (acepta contrato)	https://res.cloudinary.com/da2yochcc/video/upload/v1774891990/audios_ventas/tfd3l4qgpxedg9hglf9r.webm	2026-03-30 17:35:18.884717+00	t	42	\N	\N	f
404	10. SI ACEPTO (términos)	https://res.cloudinary.com/da2yochcc/video/upload/v1774891999/audios_ventas/biosalsglmot4yg7w5ad.webm	2026-03-30 17:35:18.887463+00	t	42	\N	\N	f
405	11. SI AUTORIZO (datos personales)	https://res.cloudinary.com/da2yochcc/video/upload/v1774892037/audios_ventas/oshadrnlahnq8qh3dbe1.webm	2026-03-30 17:35:18.88814+00	t	42	\N	\N	f
406	12. SI ACEPTO (conformidad final)	https://res.cloudinary.com/da2yochcc/video/upload/v1774892062/audios_ventas/vevofvlnljoj9a6nwpxu.webm	2026-03-30 17:35:18.888685+00	t	42	\N	\N	f
528	2. Número de documento (DNI)	https://res.cloudinary.com/da2yochcc/video/upload/v1775057047/audios_ventas/hql7s0tzfha3suhzfw4m.ogg	2026-04-01 15:28:56.736325+00	t	53	\N	\N	f
487	9. SI (acepta contrato)	https://res.cloudinary.com/da2yochcc/video/upload/v1774989655/audios_ventas/jqpu79kslccg7uhyszu1.ogg	2026-03-31 20:41:31.291105+00	t	50	\N	\N	f
488	10. SI ACEPTO (términos)	https://res.cloudinary.com/da2yochcc/video/upload/v1774989652/audios_ventas/qopk9ui1qvnbggnvcktt.ogg	2026-03-31 20:41:31.291683+00	t	50	\N	\N	f
489	11. SI AUTORIZO (datos personales)	https://res.cloudinary.com/da2yochcc/video/upload/v1774989649/audios_ventas/la2m4ur40o5xgj6kya3g.ogg	2026-03-31 20:41:31.29225+00	t	50	\N	\N	f
678	8. NO (sin deudas)	https://res.cloudinary.com/da2yochcc/video/upload/v1775159533/audios_ventas/n8hikwynnvtsttprcykk.ogg	2026-04-02 19:56:18.412337+00	t	68	\N	\N	f
527	1. Nombre completo del cliente	https://res.cloudinary.com/da2yochcc/video/upload/v1775057022/audios_ventas/efvvfgyawh6zxogy3yhg.ogg	2026-04-01 15:28:56.734145+00	t	53	\N	\N	f
529	3. Lugar y fecha de nacimiento	https://res.cloudinary.com/da2yochcc/video/upload/v1775057059/audios_ventas/hmafijyixpgyiazebxhj.ogg	2026-04-01 15:28:56.738446+00	t	53	\N	\N	f
530	4. Dirección de instalación	https://res.cloudinary.com/da2yochcc/video/upload/v1775057130/audios_ventas/lndx4tzutxhzreuh9t9k.ogg	2026-04-01 15:28:56.739752+00	t	53	\N	\N	f
531	5. Nombre del padre y madre	https://res.cloudinary.com/da2yochcc/video/upload/v1775057162/audios_ventas/faq7qo2lwsmfjqety38z.ogg	2026-04-01 15:28:56.74056+00	t	53	\N	\N	f
546	8. NO (sin deudas)	https://res.cloudinary.com/da2yochcc/video/upload/v1775057414/audios_ventas/fhwpg6udsecam904qvdm.ogg	2026-04-01 15:33:13.194271+00	t	55	\N	\N	f
547	9. SI (acepta contrato)	https://res.cloudinary.com/da2yochcc/video/upload/v1775057520/audios_ventas/rov8mw5edotkfytkve9q.ogg	2026-04-01 15:33:13.194906+00	t	55	\N	\N	f
554	4. Dirección de instalación	https://res.cloudinary.com/da2yochcc/video/upload/v1775057460/audios_ventas/wmvk5lradeyp9tcx49u7.ogg	2026-04-01 15:34:55.215426+00	t	56	\N	\N	f
555	5. Nombre del padre y madre	https://res.cloudinary.com/da2yochcc/video/upload/v1775057481/audios_ventas/xkwwdo7pgbtgimnk1mrr.ogg	2026-04-01 15:34:55.215982+00	t	56	\N	\N	f
556	6. Teléfono de contacto	https://res.cloudinary.com/da2yochcc/video/upload/v1775057509/audios_ventas/kooktkebkp46oijudz8q.ogg	2026-04-01 15:34:55.216534+00	t	56	\N	\N	f
557	7. Correo electrónico	https://res.cloudinary.com/da2yochcc/video/upload/v1775057532/audios_ventas/qghkogkn5avmje7f5sqh.ogg	2026-04-01 15:34:55.217063+00	t	56	\N	\N	f
536	10. SI ACEPTO (términos)	https://res.cloudinary.com/da2yochcc/video/upload/v1775057264/audios_ventas/tz3yzmohxxyxa8ra1wba.ogg	2026-04-01 15:28:56.747447+00	t	53	\N	\N	f
537	11. SI AUTORIZO (datos personales)	https://res.cloudinary.com/da2yochcc/video/upload/v1775057270/audios_ventas/tgf5akhywhzfdngjm1ui.ogg	2026-04-01 15:28:56.748507+00	t	53	\N	\N	f
538	12. SI ACEPTO (conformidad final)	https://res.cloudinary.com/da2yochcc/video/upload/v1775057281/audios_ventas/bncno7uxtqq7v1fh9sxg.ogg	2026-04-01 15:28:56.749331+00	t	53	\N	\N	f
551	1. Nombre completo del cliente	https://res.cloudinary.com/da2yochcc/video/upload/v1775057346/audios_ventas/wsm8lskeleq5oterobhc.ogg	2026-04-01 15:34:55.213607+00	t	56	\N	\N	f
552	2. Número de documento (DNI)	https://res.cloudinary.com/da2yochcc/video/upload/v1775057372/audios_ventas/hsdne2kjyduvzau0kt5i.ogg	2026-04-01 15:34:55.214241+00	t	56	\N	\N	f
553	3. Lugar y fecha de nacimiento	https://res.cloudinary.com/da2yochcc/video/upload/v1775057403/audios_ventas/rrtjxtyneirq0z0js15l.ogg	2026-04-01 15:34:55.214824+00	t	56	\N	\N	f
635	1. Nombre completo del cliente	https://res.cloudinary.com/da2yochcc/video/upload/v1775153205/audios_ventas/fgiic2ovb9o0pawegyhq.webm	2026-04-02 18:12:09.300954+00	t	66	\N	\N	f
636	2. Número de documento (DNI)	https://res.cloudinary.com/da2yochcc/video/upload/v1775153242/audios_ventas/vpkiuljbg8pabntplfk5.webm	2026-04-02 18:12:09.302167+00	t	66	\N	\N	f
518	4. Dirección de instalación	https://res.cloudinary.com/da2yochcc/video/upload/v1775055782/audios_ventas/jkwschjxhikwkgdcuwgm.webm	2026-04-01 15:04:12.137493+00	t	54	\N	\N	f
519	5. Nombre del padre y madre	https://res.cloudinary.com/da2yochcc/video/upload/v1775055785/audios_ventas/yp5h0vhgw21rsikogskx.webm	2026-04-01 15:04:12.138396+00	t	54	\N	\N	f
535	9. SI (acepta contrato)	https://res.cloudinary.com/da2yochcc/video/upload/v1775057260/audios_ventas/dotzbrcsaxdcyxshjiok.ogg	2026-04-01 15:28:56.746687+00	t	53	\N	\N	f
558	8. NO (sin deudas)	https://res.cloudinary.com/da2yochcc/video/upload/v1775057553/audios_ventas/zymcnsjyqkvrsv8fey4u.ogg	2026-04-01 15:34:55.217619+00	t	56	\N	\N	f
539	1. Nombre completo del cliente	https://res.cloudinary.com/da2yochcc/video/upload/v1775057384/audios_ventas/xrgrfxxwfweauf1ifdtf.ogg	2026-04-01 15:33:13.113271+00	t	55	\N	\N	f
540	2. Número de documento (DNI)	https://res.cloudinary.com/da2yochcc/video/upload/v1775057390/audios_ventas/qxxq7ss1yrmrcjvufvkz.ogg	2026-04-01 15:33:13.114517+00	t	55	\N	\N	f
541	3. Lugar y fecha de nacimiento	https://res.cloudinary.com/da2yochcc/video/upload/v1775057392/audios_ventas/mlis1kmbkndm2a1b25ho.ogg	2026-04-01 15:33:13.115332+00	t	55	\N	\N	f
542	4. Dirección de instalación	https://res.cloudinary.com/da2yochcc/video/upload/v1775057553/audios_ventas/wwhjbnnh79wbodtw8ikg.ogg	2026-04-01 15:33:13.19122+00	t	55	\N	\N	f
543	5. Nombre del padre y madre	https://res.cloudinary.com/da2yochcc/video/upload/v1775057551/audios_ventas/nuqjqsocpqfayk8c3fsa.ogg	2026-04-01 15:33:13.19217+00	t	55	\N	\N	f
544	6. Teléfono de contacto	https://res.cloudinary.com/da2yochcc/video/upload/v1775057545/audios_ventas/y8tajh9sljxnl8pkfa27.ogg	2026-04-01 15:33:13.192896+00	t	55	\N	\N	f
545	7. Correo electrónico	https://res.cloudinary.com/da2yochcc/video/upload/v1775057535/audios_ventas/ccw8dk0ry5iwzao9jrsu.ogg	2026-04-01 15:33:13.19361+00	t	55	\N	\N	f
559	9. SI (acepta contrato)	https://res.cloudinary.com/da2yochcc/video/upload/v1775057570/audios_ventas/ttgntzlktwsflhf6xfaj.ogg	2026-04-01 15:34:55.218148+00	t	56	\N	\N	f
560	10. SI ACEPTO (términos)	https://res.cloudinary.com/da2yochcc/video/upload/v1775057589/audios_ventas/rdmnwewnaxoe6iiajq8d.ogg	2026-04-01 15:34:55.218675+00	t	56	\N	\N	f
564	2. Número de documento (DNI)	https://res.cloudinary.com/da2yochcc/video/upload/v1775066596/audios_ventas/hysglcklez3kfd10qaf3.webm	2026-04-01 18:05:24.384481+00	t	58	\N	\N	f
565	3. Lugar y fecha de nacimiento	https://res.cloudinary.com/da2yochcc/video/upload/v1775066610/audios_ventas/jsvmbyhxmnglz3a5xg4d.webm	2026-04-01 18:05:24.385183+00	t	58	\N	\N	f
566	4. Dirección de instalación	https://res.cloudinary.com/da2yochcc/video/upload/v1775066641/audios_ventas/qtv8wno5vvt6esrcdbxw.webm	2026-04-01 18:05:24.385877+00	t	58	\N	\N	f
567	5. Nombre del padre y madre	https://res.cloudinary.com/da2yochcc/video/upload/v1775066649/audios_ventas/kdgqkjwhfjimazj2sl0k.webm	2026-04-01 18:05:24.386553+00	t	58	\N	\N	f
568	6. Teléfono de contacto	https://res.cloudinary.com/da2yochcc/video/upload/v1775066661/audios_ventas/vrqxk9uoazsa7yf8fofr.webm	2026-04-01 18:05:24.387202+00	t	58	\N	\N	f
569	7. Correo electrónico	https://res.cloudinary.com/da2yochcc/video/upload/v1775066670/audios_ventas/bkpvovu0v74rmogvdh8n.webm	2026-04-01 18:05:24.387887+00	t	58	\N	\N	f
570	8. NO (sin deudas)	https://res.cloudinary.com/da2yochcc/video/upload/v1775066681/audios_ventas/xnniqwjh9yogjzzdkexu.webm	2026-04-01 18:05:24.388516+00	t	58	\N	\N	f
548	10. SI ACEPTO (términos)	https://res.cloudinary.com/da2yochcc/video/upload/v1775057497/audios_ventas/cfgvmwojhxo8wj9hicoo.ogg	2026-04-01 15:33:13.19556+00	t	55	\N	\N	f
549	11. SI AUTORIZO (datos personales)	https://res.cloudinary.com/da2yochcc/video/upload/v1775057511/audios_ventas/xtgwajlzmflyedqungtv.ogg	2026-04-01 15:33:13.196201+00	t	55	\N	\N	f
550	12. SI ACEPTO (conformidad final)	https://res.cloudinary.com/da2yochcc/video/upload/v1775057512/audios_ventas/i4z2mziyaymjie5nwthp.ogg	2026-04-01 15:33:13.196856+00	t	55	\N	\N	f
571	9. SI (acepta contrato)	https://res.cloudinary.com/da2yochcc/video/upload/v1775066688/audios_ventas/a7frfeqqibdjjxkjk6lw.webm	2026-04-01 18:05:24.389353+00	t	58	\N	\N	f
563	1. Nombre completo del cliente	https://res.cloudinary.com/da2yochcc/video/upload/v1775066582/audios_ventas/icrusjikslxlve2i3rzi.webm	2026-04-01 18:05:24.38355+00	t	58	\N	\N	f
572	10. SI ACEPTO (términos)	https://res.cloudinary.com/da2yochcc/video/upload/v1775066698/audios_ventas/btlotqonqt729ihsby1q.webm	2026-04-01 18:05:24.39+00	t	58	\N	\N	f
573	11. SI AUTORIZO (datos personales)	https://res.cloudinary.com/da2yochcc/video/upload/v1775066705/audios_ventas/yltacavwxpieksmhsqkh.webm	2026-04-01 18:05:24.390673+00	t	58	\N	\N	f
574	12. SI ACEPTO (conformidad final)	https://res.cloudinary.com/da2yochcc/video/upload/v1775066712/audios_ventas/lofhf5vcvyzb37jiujiy.webm	2026-04-01 18:05:24.391374+00	t	58	\N	\N	f
520	6. Teléfono de contacto	https://res.cloudinary.com/da2yochcc/video/upload/v1775055791/audios_ventas/pavtik8zvm2rbp72ytbx.webm	2026-04-01 15:04:12.139557+00	t	54	\N	\N	f
521	7. Correo electrónico	https://res.cloudinary.com/da2yochcc/video/upload/v1775055792/audios_ventas/kvbsy2cnkucdvgnunhku.webm	2026-04-01 15:04:12.140256+00	t	54	\N	\N	f
522	8. NO (sin deudas)	https://res.cloudinary.com/da2yochcc/video/upload/v1775055794/audios_ventas/a7jjkinxvke5zxquteku.webm	2026-04-01 15:04:12.141608+00	t	54	\N	\N	f
523	9. SI (acepta contrato)	https://res.cloudinary.com/da2yochcc/video/upload/v1775055795/audios_ventas/lfkyonmanvxv13msv4co.webm	2026-04-01 15:04:12.142307+00	t	54	\N	\N	f
524	10. SI ACEPTO (términos)	https://res.cloudinary.com/da2yochcc/video/upload/v1775055797/audios_ventas/uh5upqsjm1arbt9geufw.webm	2026-04-01 15:04:12.143033+00	t	54	\N	\N	f
645	11. SI AUTORIZO (datos personales)	https://res.cloudinary.com/da2yochcc/video/upload/v1775153455/audios_ventas/xafns5rikckrruke9kiz.webm	2026-04-02 18:12:09.309842+00	t	66	\N	\N	f
646	12. SI ACEPTO (conformidad final)	https://res.cloudinary.com/da2yochcc/video/upload/v1775153465/audios_ventas/weeiwiup9orjgj5xt0td.webm	2026-04-02 18:12:09.31081+00	t	66	\N	\N	f
525	11. SI AUTORIZO (datos personales)	https://res.cloudinary.com/da2yochcc/video/upload/v1775055798/audios_ventas/ifzrs3jwhrxgqoqqu7pi.webm	2026-04-01 15:04:12.148188+00	t	54	\N	\N	f
526	12. SI ACEPTO (conformidad final)	https://res.cloudinary.com/da2yochcc/video/upload/v1775055798/audios_ventas/lmap05ldze8sue13uyqr.webm	2026-04-01 15:04:12.149563+00	t	54	\N	\N	f
647	1. Nombre completo del cliente	https://res.cloudinary.com/da2yochcc/video/upload/v1775157261/audios_ventas/az8bpsuhmujutoetguoa.ogg	2026-04-02 18:12:55.313993+00	t	67	\N	\N	f
679	9. SI (acepta contrato)	https://res.cloudinary.com/da2yochcc/video/upload/v1775159565/audios_ventas/rbl7tld0ogzcgydk3zj3.ogg	2026-04-02 19:56:18.413107+00	t	68	\N	\N	f
680	10. SI ACEPTO (términos)	https://res.cloudinary.com/da2yochcc/video/upload/v1775159600/audios_ventas/ofpdr58kiiqthdnl5qbo.ogg	2026-04-02 19:56:18.413873+00	t	68	\N	\N	f
681	11. SI AUTORIZO (datos personales)	https://res.cloudinary.com/da2yochcc/video/upload/v1775159619/audios_ventas/f4gs8kqxqxilcgobkfsu.ogg	2026-04-02 19:56:18.414735+00	t	68	\N	\N	f
682	12. SI ACEPTO (conformidad final)	https://res.cloudinary.com/da2yochcc/video/upload/v1775159638/audios_ventas/ffzlb9xquprhrq5crw3y.ogg	2026-04-02 19:56:18.416816+00	t	68	\N	\N	f
696	2. Número de documento (DNI)	https://res.cloudinary.com/da2yochcc/video/upload/v1775163017/audios_ventas/qzcahz9ceiqczcnpzzn6.amr	2026-04-02 20:52:11.909031+00	t	70	\N	\N	f
697	3. Lugar y fecha de nacimiento	https://res.cloudinary.com/da2yochcc/video/upload/v1775163031/audios_ventas/l5t9qm6xu3wkaajtc0hd.webm	2026-04-02 20:52:11.910193+00	t	70	\N	\N	f
562	12. SI ACEPTO (conformidad final)	https://res.cloudinary.com/da2yochcc/video/upload/v1775057613/audios_ventas/elzqsknnexvxwgayog92.ogg	2026-04-01 15:34:55.219729+00	t	56	\N	\N	f
575	1. Nombre completo del cliente	https://res.cloudinary.com/da2yochcc/video/upload/v1775074086/audios_ventas/njpzdbjs4qn5rng2478i.ogg	2026-04-01 20:13:46.085039+00	t	59	\N	\N	f
576	2. Número de documento (DNI)	https://res.cloudinary.com/da2yochcc/video/upload/v1775074118/audios_ventas/uirx9x02ctgnmzdskck6.ogg	2026-04-01 20:13:46.086104+00	t	59	\N	\N	f
577	3. Lugar y fecha de nacimiento	https://res.cloudinary.com/da2yochcc/video/upload/v1775074145/audios_ventas/vlrbmfic7wejlhxlycv6.ogg	2026-04-01 20:13:46.087327+00	t	59	\N	\N	f
578	4. Dirección de instalación	https://res.cloudinary.com/da2yochcc/video/upload/v1775074173/audios_ventas/crkqlxcuauqi1zqagj5b.ogg	2026-04-01 20:13:46.088425+00	t	59	\N	\N	f
579	5. Nombre del padre y madre	https://res.cloudinary.com/da2yochcc/video/upload/v1775074195/audios_ventas/ax7scbih31fhtycerodn.ogg	2026-04-01 20:13:46.089361+00	t	59	\N	\N	f
580	6. Teléfono de contacto	https://res.cloudinary.com/da2yochcc/video/upload/v1775074224/audios_ventas/v1nq8ezfznndiz5nrmln.ogg	2026-04-01 20:13:46.090111+00	t	59	\N	\N	f
648	2. Número de documento (DNI)	https://res.cloudinary.com/da2yochcc/video/upload/v1775153456/audios_ventas/tfwsu5fbvjyhkdywsvz6.ogg	2026-04-02 18:12:55.316086+00	t	67	\N	\N	f
649	3. Lugar y fecha de nacimiento	https://res.cloudinary.com/da2yochcc/video/upload/v1775153477/audios_ventas/cr53tqpu4s641okz3bgt.ogg	2026-04-02 18:12:55.316994+00	t	67	\N	\N	f
650	4. Dirección de instalación	https://res.cloudinary.com/da2yochcc/video/upload/v1775153487/audios_ventas/uathhr3s3agndyukyef8.ogg	2026-04-02 18:12:55.317845+00	t	67	\N	\N	f
651	5. Nombre del padre y madre	https://res.cloudinary.com/da2yochcc/video/upload/v1775153496/audios_ventas/tnd1pjktddq0xhof2xmn.ogg	2026-04-02 18:12:55.31866+00	t	67	\N	\N	f
652	6. Teléfono de contacto	https://res.cloudinary.com/da2yochcc/video/upload/v1775153501/audios_ventas/sgiqpk9jwhgvx0w7u91x.ogg	2026-04-02 18:12:55.319611+00	t	67	\N	\N	f
653	7. Correo electrónico	https://res.cloudinary.com/da2yochcc/video/upload/v1775153506/audios_ventas/hgrckolmgfazjnprwsla.ogg	2026-04-02 18:12:55.321417+00	t	67	\N	\N	f
602	4. Dirección de instalación	https://res.cloudinary.com/da2yochcc/video/upload/v1775079006/audios_ventas/kare9juog0gwmhulwucu.ogg	2026-04-01 21:33:02.77262+00	t	62	\N	\N	f
603	5. Nombre del padre y madre	https://res.cloudinary.com/da2yochcc/video/upload/v1775079027/audios_ventas/jpdbbjx2ycevegpldm9i.ogg	2026-04-01 21:33:02.774835+00	t	62	\N	\N	f
604	6. Teléfono de contacto	https://res.cloudinary.com/da2yochcc/video/upload/v1775079062/audios_ventas/s5p4mzmli65deysm7tyx.ogg	2026-04-01 21:33:02.775648+00	t	62	\N	\N	f
599	1. Nombre completo del cliente	https://res.cloudinary.com/da2yochcc/video/upload/v1775078955/audios_ventas/k8cmiu4drdexgquv9ezn.ogg	2026-04-01 21:33:02.691082+00	t	62	\N	\N	f
600	2. Número de documento (DNI)	https://res.cloudinary.com/da2yochcc/video/upload/v1775078964/audios_ventas/armyg8nytwsij6rfi5ch.ogg	2026-04-01 21:33:02.69199+00	t	62	\N	\N	f
601	3. Lugar y fecha de nacimiento	https://res.cloudinary.com/da2yochcc/video/upload/v1775078968/audios_ventas/q8pqjzchixhrengipiop.ogg	2026-04-01 21:33:02.692673+00	t	62	\N	\N	f
581	7. Correo electrónico	https://res.cloudinary.com/da2yochcc/video/upload/v1775074244/audios_ventas/osenrwnqxlzec4cksnmb.ogg	2026-04-01 20:13:46.090812+00	t	59	\N	\N	f
582	8. NO (sin deudas)	https://res.cloudinary.com/da2yochcc/video/upload/v1775074259/audios_ventas/lzj50m0xajurrysshkpi.ogg	2026-04-01 20:13:46.09159+00	t	59	\N	\N	f
583	9. SI (acepta contrato)	https://res.cloudinary.com/da2yochcc/video/upload/v1775074283/audios_ventas/e3w0jfowstr6pebrcjfq.ogg	2026-04-01 20:13:46.092922+00	t	59	\N	\N	f
584	10. SI ACEPTO (términos)	https://res.cloudinary.com/da2yochcc/video/upload/v1775074302/audios_ventas/drgn0ey7tpmkocgkjpqk.ogg	2026-04-01 20:13:46.093685+00	t	59	\N	\N	f
585	11. SI AUTORIZO (datos personales)	https://res.cloudinary.com/da2yochcc/video/upload/v1775074325/audios_ventas/glldthumhed2jjylbu9a.ogg	2026-04-01 20:13:46.094484+00	t	59	\N	\N	f
654	8. NO (sin deudas)	https://res.cloudinary.com/da2yochcc/video/upload/v1775153510/audios_ventas/zjgxyqx0mczhiaq4motb.ogg	2026-04-02 18:12:55.390776+00	t	67	\N	\N	f
655	9. SI (acepta contrato)	https://res.cloudinary.com/da2yochcc/video/upload/v1775153514/audios_ventas/srmcqstcwtqu3q8drzrz.ogg	2026-04-02 18:12:55.39196+00	t	67	\N	\N	f
656	10. SI ACEPTO (términos)	https://res.cloudinary.com/da2yochcc/video/upload/v1775153519/audios_ventas/ambjgyid50yptgye4srr.ogg	2026-04-02 18:12:55.392715+00	t	67	\N	\N	f
657	11. SI AUTORIZO (datos personales)	https://res.cloudinary.com/da2yochcc/video/upload/v1775153524/audios_ventas/zee4iiklskmoqplvxrcw.ogg	2026-04-02 18:12:55.393538+00	t	67	\N	\N	f
683	1. Nombre completo del cliente	https://res.cloudinary.com/da2yochcc/video/upload/v1775161975/audios_ventas/lerechn2zakibunyzywi.ogg	2026-04-02 20:35:24.309747+00	t	71	\N	\N	f
684	2. Número de documento (DNI)	https://res.cloudinary.com/da2yochcc/video/upload/v1775161988/audios_ventas/x02zmalejhscmwbp527g.ogg	2026-04-02 20:35:24.309762+00	t	71	\N	\N	f
685	3. Lugar y fecha de nacimiento	https://res.cloudinary.com/da2yochcc/video/upload/v1775162003/audios_ventas/ak7gua637eldbeobi08c.ogg	2026-04-02 20:35:24.309768+00	t	71	\N	\N	f
686	4. Dirección de instalación	https://res.cloudinary.com/da2yochcc/video/upload/v1775162018/audios_ventas/uuir5pqd9xoggsiyohey.ogg	2026-04-02 20:35:24.309775+00	t	71	\N	\N	f
687	5. Nombre del padre y madre	https://res.cloudinary.com/da2yochcc/video/upload/v1775162052/audios_ventas/girahr9rpcux9smoafrv.ogg	2026-04-02 20:35:24.30978+00	t	71	\N	\N	f
688	6. Teléfono de contacto	https://res.cloudinary.com/da2yochcc/video/upload/v1775162067/audios_ventas/vbcpi0jaifqugc1zevs3.ogg	2026-04-02 20:35:24.309784+00	t	71	\N	\N	f
689	7. Correo electrónico	https://res.cloudinary.com/da2yochcc/video/upload/v1775162077/audios_ventas/bqoxuci3yi7eq8mjxayw.ogg	2026-04-02 20:35:24.309787+00	t	71	\N	\N	f
690	8. NO (sin deudas)	https://res.cloudinary.com/da2yochcc/video/upload/v1775162083/audios_ventas/eea0idsbu7cddshkkbj8.ogg	2026-04-02 20:35:24.30979+00	t	71	\N	\N	f
691	9. SI (acepta contrato)	https://res.cloudinary.com/da2yochcc/video/upload/v1775162091/audios_ventas/yjgbq2ldoh8lfyqkzqdr.ogg	2026-04-02 20:35:24.309794+00	t	71	\N	\N	f
692	10. SI ACEPTO (términos)	https://res.cloudinary.com/da2yochcc/video/upload/v1775162097/audios_ventas/omuuu30jcyzhvy5ztwpy.ogg	2026-04-02 20:35:24.309797+00	t	71	\N	\N	f
693	11. SI AUTORIZO (datos personales)	https://res.cloudinary.com/da2yochcc/video/upload/v1775162103/audios_ventas/ldvt2otnz9aayzavdjeh.ogg	2026-04-02 20:35:24.3098+00	t	71	\N	\N	f
639	5. Nombre del padre y madre	https://res.cloudinary.com/da2yochcc/video/upload/v1775153341/audios_ventas/yfmioxtvw61bjxmjjrej.webm	2026-04-02 18:12:09.3051+00	t	66	\N	\N	f
640	6. Teléfono de contacto	https://res.cloudinary.com/da2yochcc/video/upload/v1775153381/audios_ventas/qrd80ardltx6zwexhby7.webm	2026-04-02 18:12:09.305865+00	t	66	\N	\N	f
641	7. Correo electrónico	https://res.cloudinary.com/da2yochcc/video/upload/v1775153416/audios_ventas/xm9aldhyxwf9zyznjjgw.webm	2026-04-02 18:12:09.306677+00	t	66	\N	\N	f
642	8. NO (sin deudas)	https://res.cloudinary.com/da2yochcc/video/upload/v1775153423/audios_ventas/aawdzf9llyykdk5myiyq.webm	2026-04-02 18:12:09.307457+00	t	66	\N	\N	f
643	9. SI (acepta contrato)	https://res.cloudinary.com/da2yochcc/video/upload/v1775153432/audios_ventas/hy5bkk6wflr38iindw1s.webm	2026-04-02 18:12:09.308238+00	t	66	\N	\N	f
644	10. SI ACEPTO (términos)	https://res.cloudinary.com/da2yochcc/video/upload/v1775153445/audios_ventas/rvd8c4iorg5mti0ruenj.webm	2026-04-02 18:12:09.309073+00	t	66	\N	\N	f
694	12. SI ACEPTO (conformidad final)	https://res.cloudinary.com/da2yochcc/video/upload/v1775162109/audios_ventas/a0lydwn5gwq6tpopeqgo.ogg	2026-04-02 20:35:24.309803+00	t	71	\N	\N	f
605	7. Correo electrónico	https://res.cloudinary.com/da2yochcc/video/upload/v1775079084/audios_ventas/puf4aumqx5p3o68wv0jf.ogg	2026-04-01 21:33:02.776462+00	t	62	\N	\N	f
606	8. NO (sin deudas)	https://res.cloudinary.com/da2yochcc/video/upload/v1775079101/audios_ventas/cxxcia2v9c30vtlk6dl8.ogg	2026-04-01 21:33:02.777275+00	t	62	\N	\N	f
607	9. SI (acepta contrato)	https://res.cloudinary.com/da2yochcc/video/upload/v1775079116/audios_ventas/akapqqlzwfveogqp8ls3.ogg	2026-04-01 21:33:02.778517+00	t	62	\N	\N	f
608	10. SI ACEPTO (términos)	https://res.cloudinary.com/da2yochcc/video/upload/v1775079135/audios_ventas/fiwetlqifrkgvag1wjd8.ogg	2026-04-01 21:33:02.7795+00	t	62	\N	\N	f
609	11. SI AUTORIZO (datos personales)	https://res.cloudinary.com/da2yochcc/video/upload/v1775079154/audios_ventas/h5gqdhz0kkqxsa5gaups.ogg	2026-04-01 21:33:02.780299+00	t	62	\N	\N	f
610	12. SI ACEPTO (conformidad final)	https://res.cloudinary.com/da2yochcc/video/upload/v1775079171/audios_ventas/vgg1i4u16mdddqydfahv.ogg	2026-04-01 21:33:02.78105+00	t	62	\N	\N	f
703	9. SI (acepta contrato)	https://res.cloudinary.com/da2yochcc/video/upload/v1775163094/audios_ventas/owhyduogv0aubnunkcej.webm	2026-04-02 20:52:11.990664+00	t	70	\N	\N	f
704	10. SI ACEPTO (términos)	https://res.cloudinary.com/da2yochcc/video/upload/v1775163100/audios_ventas/mld16qjb4bgm3r1tcu7x.webm	2026-04-02 20:52:11.992409+00	t	70	\N	\N	f
532	6. Teléfono de contacto	https://res.cloudinary.com/da2yochcc/video/upload/v1775057178/audios_ventas/txwosfv3sqfdzneerkb4.ogg	2026-04-01 15:28:56.743798+00	t	53	\N	\N	f
533	7. Correo electrónico	https://res.cloudinary.com/da2yochcc/video/upload/v1775057209/audios_ventas/imwqjjvxfs2ughwzgb7d.ogg	2026-04-01 15:28:56.744633+00	t	53	\N	\N	f
534	8. NO (sin deudas)	https://res.cloudinary.com/da2yochcc/video/upload/v1775057250/audios_ventas/nfsnnvmgephuzxwbttvn.ogg	2026-04-01 15:28:56.746001+00	t	53	\N	\N	f
637	3. Lugar y fecha de nacimiento	https://res.cloudinary.com/da2yochcc/video/upload/v1775153270/audios_ventas/krlcykpy7von3c8aqmgs.webm	2026-04-02 18:12:09.303416+00	t	66	\N	\N	f
638	4. Dirección de instalación	https://res.cloudinary.com/da2yochcc/video/upload/v1775153328/audios_ventas/kcyiz88itkfp3d4vxtcg.webm	2026-04-02 18:12:09.304264+00	t	66	\N	\N	f
705	11. SI AUTORIZO (datos personales)	https://res.cloudinary.com/da2yochcc/video/upload/v1775163108/audios_ventas/fkoit8w7yoydxzkaf5tg.webm	2026-04-02 20:52:11.993607+00	t	70	\N	\N	f
706	12. SI ACEPTO (conformidad final)	https://res.cloudinary.com/da2yochcc/video/upload/v1775163115/audios_ventas/dh8dmfnxzzxdlf5kihoj.webm	2026-04-02 20:52:11.994558+00	t	70	\N	\N	f
698	4. Dirección de instalación	https://res.cloudinary.com/da2yochcc/video/upload/v1775163045/audios_ventas/terwjchorxkjk4col9zc.webm	2026-04-02 20:52:11.911146+00	t	70	\N	\N	f
699	5. Nombre del padre y madre	https://res.cloudinary.com/da2yochcc/video/upload/v1775163060/audios_ventas/tidgcgy69stn7wjxc7m7.webm	2026-04-02 20:52:11.912582+00	t	70	\N	\N	f
707	1. Nombre completo del cliente	https://res.cloudinary.com/da2yochcc/video/upload/v1775166731/audios_ventas/zl5sbegy28b6rnbylrna.webm	2026-04-02 21:57:32.309766+00	t	72	\N	\N	f
708	2. Número de documento (DNI)	https://res.cloudinary.com/da2yochcc/video/upload/v1775166742/audios_ventas/v6zqqageob5tkwzfl5qp.webm	2026-04-02 21:57:32.310925+00	t	72	\N	\N	f
709	3. Lugar y fecha de nacimiento	https://res.cloudinary.com/da2yochcc/video/upload/v1775166769/audios_ventas/u8ict9bviidz6aqxvq8s.webm	2026-04-02 21:57:32.311911+00	t	72	\N	\N	f
710	4. Dirección de instalación	https://res.cloudinary.com/da2yochcc/video/upload/v1775166825/audios_ventas/nkhgqdqsjkuaghhonmdt.webm	2026-04-02 21:57:32.312701+00	t	72	\N	\N	f
711	5. Nombre del padre y madre	https://res.cloudinary.com/da2yochcc/video/upload/v1775166844/audios_ventas/jartpaik28tpj0xzmmne.webm	2026-04-02 21:57:32.313458+00	t	72	\N	\N	f
712	6. Teléfono de contacto	https://res.cloudinary.com/da2yochcc/video/upload/v1775166870/audios_ventas/uroobw5rhwn696h6pjwq.webm	2026-04-02 21:57:32.314323+00	t	72	\N	\N	f
715	9. SI (acepta contrato)	https://res.cloudinary.com/da2yochcc/video/upload/v1775166965/audios_ventas/sgphf8pwmnsetpvuearq.webm	2026-04-02 21:57:32.317267+00	t	72	\N	\N	f
716	10. SI ACEPTO (términos)	https://res.cloudinary.com/da2yochcc/video/upload/v1775166979/audios_ventas/wojj9zuy2wfft8w6cjfx.webm	2026-04-02 21:57:32.318176+00	t	72	\N	\N	f
717	11. SI AUTORIZO (datos personales)	https://res.cloudinary.com/da2yochcc/video/upload/v1775166984/audios_ventas/ny8sorpophubfdtnkgi3.webm	2026-04-02 21:57:32.318894+00	t	72	\N	\N	f
718	12. SI ACEPTO (conformidad final)	https://res.cloudinary.com/da2yochcc/video/upload/v1775166997/audios_ventas/fjovuo3fyasag7cq75tg.webm	2026-04-02 21:57:32.320069+00	t	72	\N	\N	f
713	7. Correo electrónico	https://res.cloudinary.com/da2yochcc/video/upload/v1775166950/audios_ventas/g3mnverkc7cajrij6cip.webm	2026-04-02 21:57:32.315339+00	t	72	\N	\N	f
714	8. NO (sin deudas)	https://res.cloudinary.com/da2yochcc/video/upload/v1775166955/audios_ventas/rsbl37mos9fwu2ly6maa.webm	2026-04-02 21:57:32.316243+00	t	72	\N	\N	f
561	11. SI AUTORIZO (datos personales)	https://res.cloudinary.com/da2yochcc/video/upload/v1775057609/audios_ventas/ydoem3bnz0yolxbzb3vg.ogg	2026-04-01 15:34:55.219189+00	t	56	\N	\N	f
248	12. SI ACEPTO (conformidad final)	https://res.cloudinary.com/da2yochcc/video/upload/v1774711604/audios_ventas/yven2tzvusputqap74yv.webm	2026-03-28 15:27:15.377584+00	t	20	\N	\N	f
238	2. Número de documento (DNI)	https://res.cloudinary.com/da2yochcc/video/upload/v1774711414/audios_ventas/xcdelklamcy1usl2slmp.webm	2026-03-28 15:27:15.294624+00	t	20	t		f
239	3. Lugar y fecha de nacimiento	https://res.cloudinary.com/da2yochcc/video/upload/v1774711443/audios_ventas/buphfdkzbdvl8bgprwlx.webm	2026-03-28 15:27:15.295396+00	t	20	\N	\N	f
242	6. Teléfono de contacto	https://res.cloudinary.com/da2yochcc/video/upload/v1774711524/audios_ventas/yif8wyjfszc24sw0vj82.webm	2026-03-28 15:27:15.297497+00	t	20	\N	\N	f
243	7. Correo electrónico	https://res.cloudinary.com/da2yochcc/video/upload/v1774711555/audios_ventas/glkakqcltwo1sbqx2m3o.webm	2026-03-28 15:27:15.298175+00	t	20	\N	\N	f
\.


--
-- Data for Name: auth_group; Type: TABLE DATA; Schema: public; Owner: jarddigital_db_user
--

COPY public.auth_group (id, name) FROM stdin;
\.


--
-- Data for Name: auth_group_permissions; Type: TABLE DATA; Schema: public; Owner: jarddigital_db_user
--

COPY public.auth_group_permissions (id, group_id, permission_id) FROM stdin;
\.


--
-- Data for Name: auth_permission; Type: TABLE DATA; Schema: public; Owner: jarddigital_db_user
--

COPY public.auth_permission (id, name, content_type_id, codename) FROM stdin;
1	Can add log entry	1	add_logentry
2	Can change log entry	1	change_logentry
3	Can delete log entry	1	delete_logentry
4	Can view log entry	1	view_logentry
5	Can add permission	3	add_permission
6	Can change permission	3	change_permission
7	Can delete permission	3	delete_permission
8	Can view permission	3	view_permission
9	Can add group	2	add_group
10	Can change group	2	change_group
11	Can delete group	2	delete_group
12	Can view group	2	view_group
13	Can add content type	4	add_contenttype
14	Can change content type	4	change_contenttype
15	Can delete content type	4	delete_contenttype
16	Can view content type	4	view_contenttype
17	Can add session	5	add_session
18	Can change session	5	change_session
19	Can delete session	5	delete_session
20	Can view session	5	view_session
21	Can add rol sistema	8	add_rolsistema
22	Can change rol sistema	8	change_rolsistema
23	Can delete rol sistema	8	delete_rolsistema
24	Can view rol sistema	8	view_rolsistema
25	Can add usuario	10	add_usuario
26	Can change usuario	10	change_usuario
27	Can delete usuario	10	delete_usuario
28	Can view usuario	10	view_usuario
29	Can add perfil laboral	6	add_perfillaboral
30	Can change perfil laboral	6	change_perfillaboral
31	Can delete perfil laboral	6	delete_perfillaboral
32	Can view perfil laboral	6	view_perfillaboral
33	Can add permiso acceso	7	add_permisoacceso
34	Can change permiso acceso	7	change_permisoacceso
35	Can delete permiso acceso	7	delete_permisoacceso
36	Can view permiso acceso	7	view_permisoacceso
37	Can add supervisor asignacion	9	add_supervisorasignacion
38	Can change supervisor asignacion	9	change_supervisorasignacion
39	Can delete supervisor asignacion	9	delete_supervisorasignacion
40	Can view supervisor asignacion	9	view_supervisorasignacion
41	Can add audio venta	11	add_audioventa
42	Can change audio venta	11	change_audioventa
43	Can delete audio venta	11	delete_audioventa
44	Can view audio venta	11	view_audioventa
45	Can add estado audio	12	add_estadoaudio
46	Can change estado audio	12	change_estadoaudio
47	Can delete estado audio	12	delete_estadoaudio
48	Can view estado audio	12	view_estadoaudio
49	Can add estado sot	13	add_estadosot
50	Can change estado sot	13	change_estadosot
51	Can delete estado sot	13	delete_estadosot
52	Can view estado sot	13	view_estadosot
53	Can add grabador audio	14	add_grabadoraudio
54	Can change grabador audio	14	change_grabadoraudio
55	Can delete grabador audio	14	delete_grabadoraudio
56	Can view grabador audio	14	view_grabadoraudio
57	Can add historial agenda sot	15	add_historialagendasot
58	Can change historial agenda sot	15	change_historialagendasot
59	Can delete historial agenda sot	15	delete_historialagendasot
60	Can view historial agenda sot	15	view_historialagendasot
61	Can add producto	16	add_producto
62	Can change producto	16	change_producto
63	Can delete producto	16	delete_producto
64	Can view producto	16	view_producto
65	Can add sub estado sot	17	add_subestadosot
66	Can change sub estado sot	17	change_subestadosot
67	Can delete sub estado sot	17	delete_subestadosot
68	Can view sub estado sot	17	view_subestadosot
69	Can add venta	18	add_venta
70	Can change venta	18	change_venta
71	Can delete venta	18	delete_venta
72	Can view venta	18	view_venta
73	Can add seguimiento	19	add_seguimiento
74	Can change seguimiento	19	change_seguimiento
75	Can delete seguimiento	19	delete_seguimiento
76	Can view seguimiento	19	view_seguimiento
77	Can add seguimiento mensual	20	add_seguimientomensual
78	Can change seguimiento mensual	20	change_seguimientomensual
79	Can delete seguimiento mensual	20	delete_seguimientomensual
80	Can view seguimiento mensual	20	view_seguimientomensual
81	Can add bolsa comisiones	22	add_bolsacomisiones
82	Can change bolsa comisiones	22	change_bolsacomisiones
83	Can delete bolsa comisiones	22	delete_bolsacomisiones
84	Can view bolsa comisiones	22	view_bolsacomisiones
85	Can add liquidacion mensual asesor	23	add_liquidacionmensualasesor
86	Can change liquidacion mensual asesor	23	change_liquidacionmensualasesor
87	Can delete liquidacion mensual asesor	23	delete_liquidacionmensualasesor
88	Can view liquidacion mensual asesor	23	view_liquidacionmensualasesor
89	Can add regla rendimiento mensual	24	add_reglarendimientomensual
90	Can change regla rendimiento mensual	24	change_reglarendimientomensual
91	Can delete regla rendimiento mensual	24	delete_reglarendimientomensual
92	Can view regla rendimiento mensual	24	view_reglarendimientomensual
93	Can add asistencia	21	add_asistencia
94	Can change asistencia	21	change_asistencia
95	Can delete asistencia	21	delete_asistencia
96	Can view asistencia	21	view_asistencia
97	Can add modalidad	25	add_modalidad
98	Can change modalidad	25	change_modalidad
99	Can delete modalidad	25	delete_modalidad
100	Can view modalidad	25	view_modalidad
101	Can add sucursal	27	add_sucursal
102	Can change sucursal	27	change_sucursal
103	Can delete sucursal	27	delete_sucursal
104	Can view sucursal	27	view_sucursal
105	Can add tipo documento	28	add_tipodocumento
106	Can change tipo documento	28	change_tipodocumento
107	Can delete tipo documento	28	delete_tipodocumento
108	Can view tipo documento	28	view_tipodocumento
109	Can add modalidad sede	26	add_modalidadsede
110	Can change modalidad sede	26	change_modalidadsede
111	Can delete modalidad sede	26	delete_modalidadsede
112	Can view modalidad sede	26	view_modalidadsede
113	Can add departamento	29	add_departamento
114	Can change departamento	29	change_departamento
115	Can delete departamento	29	delete_departamento
116	Can view departamento	29	view_departamento
117	Can add provincia	31	add_provincia
118	Can change provincia	31	change_provincia
119	Can delete provincia	31	delete_provincia
120	Can view provincia	31	view_provincia
121	Can add distrito	30	add_distrito
122	Can change distrito	30	change_distrito
123	Can delete distrito	30	delete_distrito
124	Can view distrito	30	view_distrito
\.


--
-- Data for Name: bolsa_comisiones; Type: TABLE DATA; Schema: public; Owner: jarddigital_db_user
--

COPY public.bolsa_comisiones (id, mes_origen, anio_origen, total_ventas_pagadas, monto_bruto_generado, factor_aplicado, monto_neto_guardado, pagado, id_usuario, id_regla_aplicada) FROM stdin;
\.


--
-- Data for Name: departamentos; Type: TABLE DATA; Schema: public; Owner: jarddigital_db_user
--

COPY public.departamentos (id, codigo_ubigeo, nombre) FROM stdin;
2	1	AMAZONAS
3	2	ANCASH
4	3	APURIMAC
5	4	AREQUIPA
6	5	AYACUCHO
7	6	CAJAMARCA
8	7	CALLAO
9	8	CUSCO
10	9	HUANCAVELICA
11	10	HUANUCO
12	11	ICA
13	12	JUNIN
14	13	LA LIBERTAD
15	14	LAMBAYEQUE
16	15	LIMA
17	16	LORETO
18	17	MADRE DE DIOS
19	18	MOQUEGUA
20	19	PASCO
21	20	PIURA
22	21	PUNO
23	22	SAN MARTIN
24	23	TACNA
25	24	TUMBES
26	25	UCAYALI
\.


--
-- Data for Name: distritos; Type: TABLE DATA; Schema: public; Owner: jarddigital_db_user
--

COPY public.distritos (id, codigo_ubigeo, nombre, id_provincia_id) FROM stdin;
2	10101	CHACHAPOYAS	2
3	10102	ASUNCION	2
4	10103	BALSAS	2
5	10104	CHETO	2
6	10105	CHILIQUIN	2
7	10106	CHUQUIBAMBA	2
8	10107	GRANADA	2
9	10108	HUANCAS	2
10	10109	LA JALCA	2
11	10110	LEIMEBAMBA	2
12	10111	LEVANTO	2
13	10112	MAGDALENA	2
14	10113	MARISCAL CASTILLA	2
15	10114	MOLINOPAMPA	2
16	10115	MONTEVIDEO	2
17	10116	OLLEROS	2
18	10117	QUINJALCA	2
19	10118	SAN FRANCISCO DE DAGUAS	2
20	10119	SAN ISIDRO DE MAINO	2
21	10120	SOLOCO	2
22	10121	SONCHE	2
23	10201	BAGUA	3
24	10202	ARAMANGO	3
25	10203	COPALLIN	3
26	10204	EL PARCO	3
27	10205	IMAZA	3
28	10206	LA PECA	3
29	10301	JUMBILLA	4
30	10302	CHISQUILLA	4
31	10303	CHURUJA	4
32	10304	COROSHA	4
33	10305	CUISPES	4
34	10306	FLORIDA	4
35	10307	JAZAN	4
36	10308	RECTA	4
37	10309	SAN CARLOS	4
38	10310	SHIPASBAMBA	4
39	10311	VALERA	4
40	10312	YAMBRASBAMBA	4
41	10401	NIEVA	5
42	10402	EL CENEPA	5
43	10403	RIO SANTIAGO	5
44	10501	LAMUD	6
45	10502	CAMPORREDONDO	6
46	10503	COCABAMBA	6
47	10504	COLCAMAR	6
48	10505	CONILA	6
49	10506	INGUILPATA	6
50	10507	LONGUITA	6
51	10508	LONYA CHICO	6
52	10509	LUYA	6
53	10510	LUYA VIEJO	6
54	10511	MARIA	6
55	10512	OCALLI	6
56	10513	OCUMAL	6
57	10514	PISUQUIA	6
58	10515	PROVIDENCIA	6
59	10516	SAN CRISTOBAL	6
60	10517	SAN FRANCISCO DEL YESO	6
61	10518	SAN JERONIMO	6
62	10519	SAN JUAN DE LOPECANCHA	6
63	10520	SANTA CATALINA	6
64	10521	SANTO TOMAS	6
65	10522	TINGO	6
66	10523	TRITA	6
67	10601	SAN NICOLAS	7
68	10602	CHIRIMOTO	7
69	10603	COCHAMAL	7
70	10604	HUAMBO	7
71	10605	LIMABAMBA	7
72	10606	LONGAR	7
73	10607	MARISCAL BENAVIDES	7
74	10608	MILPUC	7
75	10609	OMIA	7
76	10610	SANTA ROSA	7
77	10611	TOTORA	7
78	10612	VISTA ALEGRE	7
79	10701	BAGUA GRANDE	8
80	10702	CAJARURO	8
81	10703	CUMBA	8
82	10704	EL MILAGRO	8
83	10705	JAMALCA	8
84	10706	LONYA GRANDE	8
85	10707	YAMON	8
86	20101	HUARAZ	9
87	20102	COCHABAMBA	9
88	20103	COLCABAMBA	9
89	20104	HUANCHAY	9
90	20105	INDEPENDENCIA	9
91	20106	JANGAS	9
92	20107	LA LIBERTAD	9
93	20108	OLLEROS	9
94	20109	PAMPAS GRANDE	9
95	20110	PARIACOTO	9
96	20111	PIRA	9
97	20112	TARICA	9
98	20201	AIJA	10
99	20202	CORIS	10
100	20203	HUACLLAN	10
101	20204	LA MERCED	10
102	20205	SUCCHA	10
103	20301	LLAMELLIN	11
104	20302	ACZO	11
105	20303	CHACCHO	11
106	20304	CHINGAS	11
107	20305	MIRGAS	11
108	20306	SAN JUAN DE RONTOY	11
109	20401	CHACAS	12
110	20402	ACOCHACA	12
111	20501	CHIQUIAN	13
112	20502	ABELARDO PARDO LEZAMETA	13
113	20503	ANTONIO RAYMONDI	13
114	20504	AQUIA	13
115	20505	CAJACAY	13
116	20506	CANIS	13
117	20507	COLQUIOC	13
118	20508	HUALLANCA	13
119	20509	HUASTA	13
120	20510	HUAYLLACAYAN	13
121	20511	LA PRIMAVERA	13
122	20512	MANGAS	13
123	20513	PACLLON	13
124	20514	SAN MIGUEL DE CORPANQUI	13
125	20515	TICLLOS	13
126	20601	CARHUAZ	14
127	20602	ACOPAMPA	14
128	20603	AMASHCA	14
129	20604	ANTA	14
130	20605	ATAQUERO	14
131	20606	MARCARA	14
132	20607	PARIAHUANCA	14
133	20608	SAN MIGUEL DE ACO	14
134	20609	SHILLA	14
135	20610	TINCO	14
136	20611	YUNGAR	14
137	20701	SAN LUIS	15
138	20702	SAN NICOLAS	15
139	20703	YAUYA	15
140	20801	CASMA	16
141	20802	BUENA VISTA ALTA	16
142	20803	COMANDANTE NOEL	16
143	20804	YAUTAN	16
144	20901	CORONGO	17
145	20902	ACO	17
146	20903	BAMBAS	17
147	20904	CUSCA	17
148	20905	LA PAMPA	17
149	20906	YANAC	17
150	20907	YUPAN	17
151	21001	HUARI	18
152	21002	ANRA	18
153	21003	CAJAY	18
154	21004	CHAVIN DE HUANTAR	18
155	21005	HUACACHI	18
156	21006	HUACCHIS	18
157	21007	HUACHIS	18
158	21008	HUANTAR	18
159	21009	MASIN	18
160	21010	PAUCAS	18
161	21011	PONTO	18
162	21012	RAHUAPAMPA	18
163	21013	RAPAYAN	18
164	21014	SAN MARCOS	18
165	21015	SAN PEDRO DE CHANA	18
166	21016	UCO	18
167	21101	HUARMEY	19
168	21102	COCHAPETI	19
169	21103	CULEBRAS	19
170	21104	HUAYAN	19
171	21105	MALVAS	19
172	21201	CARAZ	20
173	21202	HUALLANCA	20
174	21203	HUATA	20
175	21204	HUAYLAS	20
176	21205	MATO	20
177	21206	PAMPAROMAS	20
178	21207	PUEBLO LIBRE	20
179	21208	SANTA CRUZ	20
180	21209	SANTO TORIBIO	20
181	21210	YURACMARCA	20
182	21301	PISCOBAMBA	21
183	21302	CASCA	21
184	21303	ELEAZAR GUZMAN BARRON	21
185	21304	FIDEL OLIVAS ESCUDERO	21
186	21305	LLAMA	21
187	21306	LLUMPA	21
188	21307	LUCMA	21
189	21308	MUSGA	21
190	21401	OCROS	22
191	21402	ACAS	22
192	21403	CAJAMARQUILLA	22
193	21404	CARHUAPAMPA	22
194	21405	COCHAS	22
195	21406	CONGAS	22
196	21407	LLIPA	22
197	21408	SAN CRISTOBAL DE RAJAN	22
198	21409	SAN PEDRO	22
199	21410	SANTIAGO DE CHILCAS	22
200	21501	CABANA	23
201	21502	BOLOGNESI	23
202	21503	CONCHUCOS	23
203	21504	HUACASCHUQUE	23
204	21505	HUANDOVAL	23
205	21506	LACABAMBA	23
206	21507	LLAPO	23
207	21508	PALLASCA	23
208	21509	PAMPAS	23
209	21510	SANTA ROSA	23
210	21511	TAUCA	23
211	21601	POMABAMBA	24
212	21602	HUAYLLAN	24
213	21603	PAROBAMBA	24
214	21604	QUINUABAMBA	24
215	21701	RECUAY	25
216	21702	CATAC	25
217	21703	COTAPARACO	25
218	21704	HUAYLLAPAMPA	25
219	21705	LLACLLIN	25
220	21706	MARCA	25
221	21707	PAMPAS CHICO	25
222	21708	PARARIN	25
223	21709	TAPACOCHA	25
224	21710	TICAPAMPA	25
225	21801	CHIMBOTE	26
226	21802	CACERES DEL PERU	26
227	21803	COISHCO	26
228	21804	MACATE	26
229	21805	MORO	26
230	21806	NEPEÑA	26
231	21807	SAMANCO	26
232	21808	SANTA	26
233	21809	NUEVO CHIMBOTE	26
234	21901	SIHUAS	27
235	21902	ACOBAMBA	27
236	21903	ALFONSO UGARTE	27
237	21904	CASHAPAMPA	27
238	21905	CHINGALPO	27
239	21906	HUAYLLABAMBA	27
240	21907	QUICHES	27
241	21908	RAGASH	27
242	21909	SAN JUAN	27
243	21910	SICSIBAMBA	27
244	22001	YUNGAY	28
245	22002	CASCAPARA	28
246	22003	MANCOS	28
247	22004	MATACOTO	28
248	22005	QUILLO	28
249	22006	RANRAHIRCA	28
250	22007	SHUPLUY	28
251	22008	YANAMA	28
252	30101	ABANCAY	29
253	30102	CHACOCHE	29
254	30103	CIRCA	29
255	30104	CURAHUASI	29
256	30105	HUANIPACA	29
257	30106	LAMBRAMA	29
258	30107	PICHIRHUA	29
259	30108	SAN PEDRO DE CACHORA	29
260	30109	TAMBURCO	29
261	30201	ANDAHUAYLAS	30
262	30202	ANDARAPA	30
263	30203	CHIARA	30
264	30204	HUANCARAMA	30
265	30205	HUANCARAY	30
266	30206	HUAYANA	30
267	30207	KISHUARA	30
268	30208	PACOBAMBA	30
269	30209	PACUCHA	30
270	30210	PAMPACHIRI	30
271	30211	POMACOCHA	30
272	30212	SAN ANTONIO DE CACHI	30
273	30213	SAN JERONIMO	30
274	30214	SAN MIGUEL DE CHACCRAMPA	30
275	30215	SANTA MARIA DE CHICMO	30
276	30216	TALAVERA	30
277	30217	TUMAY HUARACA	30
278	30218	TURPO	30
279	30219	KAQUIABAMBA	30
280	30220	JOSE MARIA ARGUEDAS	30
281	30301	ANTABAMBA	31
282	30302	EL ORO	31
283	30303	HUAQUIRCA	31
284	30304	JUAN ESPINOZA MEDRANO	31
285	30305	OROPESA	31
286	30306	PACHACONAS	31
287	30307	SABAINO	31
288	30401	CHALHUANCA	32
289	30402	CAPAYA	32
290	30403	CARAYBAMBA	32
291	30404	CHAPIMARCA	32
292	30405	COLCABAMBA	32
293	30406	COTARUSE	32
294	30407	IHUAYLLO	32
295	30408	JUSTO APU SAHUARAURA	32
296	30409	LUCRE	32
297	30410	POCOHUANCA	32
298	30411	SAN JUAN DE CHACÑA	32
299	30412	SAÑAYCA	32
300	30413	SORAYA	32
301	30414	TAPAIRIHUA	32
302	30415	TINTAY	32
303	30416	TORAYA	32
304	30417	YANACA	32
305	30501	TAMBOBAMBA	33
306	30502	COTABAMBAS	33
307	30503	COYLLURQUI	33
308	30504	HAQUIRA	33
309	30505	MARA	33
310	30506	CHALLHUAHUACHO	33
311	30601	CHINCHEROS	34
312	30602	ANCO_HUALLO	34
313	30603	COCHARCAS	34
314	30604	HUACCANA	34
315	30605	OCOBAMBA	34
316	30606	ONGOY	34
317	30607	URANMARCA	34
318	30608	RANRACANCHA	34
319	30609	ROCCHACC	34
320	30610	EL PORVENIR	34
321	30611	LOS CHANKAS	34
322	30612	AHUAYRO	34
323	30701	CHUQUIBAMBILLA	35
324	30702	CURPAHUASI	35
325	30703	GAMARRA	35
326	30704	HUAYLLATI	35
327	30705	MAMARA	35
328	30706	MICAELA BASTIDAS	35
329	30707	PATAYPAMPA	35
330	30708	PROGRESO	35
331	30709	SAN ANTONIO	35
332	30710	SANTA ROSA	35
333	30711	TURPAY	35
334	30712	VILCABAMBA	35
335	30713	VIRUNDO	35
336	30714	CURASCO	35
337	40101	AREQUIPA	36
338	40102	ALTO SELVA ALEGRE	36
339	40103	CAYMA	36
340	40104	CERRO COLORADO	36
341	40105	CHARACATO	36
342	40106	CHIGUATA	36
343	40107	JACOBO HUNTER	36
344	40108	LA JOYA	36
345	40109	MARIANO MELGAR	36
346	40110	MIRAFLORES	36
347	40111	MOLLEBAYA	36
348	40112	PAUCARPATA	36
349	40113	POCSI	36
350	40114	POLOBAYA	36
351	40115	QUEQUEÑA	36
352	40116	SABANDIA	36
353	40117	SACHACA	36
354	40118	SAN JUAN DE SIGUAS	36
355	40119	SAN JUAN DE TARUCANI	36
356	40120	SANTA ISABEL DE SIGUAS	36
357	40121	SANTA RITA DE SIGUAS	36
358	40122	SOCABAYA	36
359	40123	TIABAYA	36
360	40124	UCHUMAYO	36
361	40125	VITOR	36
362	40126	YANAHUARA	36
363	40127	YARABAMBA	36
364	40128	YURA	36
365	40129	JOSE LUIS BUSTAMANTE Y RIVERO	36
366	40201	CAMANA	37
367	40202	JOSE MARIA QUIMPER	37
368	40203	MARIANO NICOLAS VALCARCEL	37
369	40204	MARISCAL CACERES	37
370	40205	NICOLAS DE PIEROLA	37
371	40206	OCOÑA	37
372	40207	QUILCA	37
373	40208	SAMUEL PASTOR	37
374	40301	CARAVELI	38
375	40302	ACARI	38
376	40303	ATICO	38
377	40304	ATIQUIPA	38
378	40305	BELLA UNION	38
379	40306	CAHUACHO	38
380	40307	CHALA	38
381	40308	CHAPARRA	38
382	40309	HUANUHUANU	38
383	40310	JAQUI	38
384	40311	LOMAS	38
385	40312	QUICACHA	38
386	40313	YAUCA	38
387	40401	APLAO	39
388	40402	ANDAGUA	39
389	40403	AYO	39
390	40404	CHACHAS	39
391	40405	CHILCAYMARCA	39
392	40406	CHOCO	39
393	40407	HUANCARQUI	39
394	40408	MACHAGUAY	39
395	40409	ORCOPAMPA	39
396	40410	PAMPACOLCA	39
397	40411	TIPAN	39
398	40412	UÑON	39
399	40413	URACA	39
400	40414	VIRACO	39
401	40501	CHIVAY	40
402	40502	ACHOMA	40
403	40503	CABANACONDE	40
404	40504	CALLALLI	40
405	40505	CAYLLOMA	40
406	40506	COPORAQUE	40
407	40507	HUAMBO	40
408	40508	HUANCA	40
409	40509	ICHUPAMPA	40
410	40510	LARI	40
411	40511	LLUTA	40
412	40512	MACA	40
413	40513	MADRIGAL	40
414	40514	SAN ANTONIO DE CHUCA	40
415	40515	SIBAYO	40
416	40516	TAPAY	40
417	40517	TISCO	40
418	40518	TUTI	40
419	40519	YANQUE	40
420	40520	MAJES	40
421	40601	CHUQUIBAMBA	41
422	40602	ANDARAY	41
423	40603	CAYARANI	41
424	40604	CHICHAS	41
425	40605	IRAY	41
426	40606	RIO GRANDE	41
427	40607	SALAMANCA	41
428	40608	YANAQUIHUA	41
429	40701	MOLLENDO	42
430	40702	COCACHACRA	42
431	40703	DEAN VALDIVIA	42
432	40704	ISLAY	42
433	40705	MEJIA	42
434	40706	PUNTA DE BOMBON	42
435	40801	COTAHUASI	43
436	40802	ALCA	43
437	40803	CHARCANA	43
438	40804	HUAYNACOTAS	43
439	40805	PAMPAMARCA	43
440	40806	PUYCA	43
441	40807	QUECHUALLA	43
442	40808	SAYLA	43
443	40809	TAURIA	43
444	40810	TOMEPAMPA	43
445	40811	TORO	43
446	50101	AYACUCHO	44
447	50102	ACOCRO	44
448	50103	ACOS VINCHOS	44
449	50104	CARMEN ALTO	44
450	50105	CHIARA	44
451	50106	OCROS	44
452	50107	PACAYCASA	44
453	50108	QUINUA	44
454	50109	SAN JOSE DE TICLLAS	44
455	50110	SAN JUAN BAUTISTA	44
456	50111	SANTIAGO DE PISCHA	44
457	50112	SOCOS	44
458	50113	TAMBILLO	44
459	50114	VINCHOS	44
460	50115	JESUS NAZARENO	44
461	50116	ANDRES AVELINO CACERES DORREGARAY	44
462	50201	CANGALLO	45
463	50202	CHUSCHI	45
464	50203	LOS MOROCHUCOS	45
465	50204	MARIA PARADO DE BELLIDO	45
466	50205	PARAS	45
467	50206	TOTOS	45
468	50301	SANCOS	46
469	50302	CARAPO	46
470	50303	SACSAMARCA	46
471	50304	SANTIAGO DE LUCANAMARCA	46
472	50401	HUANTA	47
473	50402	AYAHUANCO	47
474	50403	HUAMANGUILLA	47
475	50404	IGUAIN	47
476	50405	LURICOCHA	47
477	50406	SANTILLANA	47
478	50407	SIVIA	47
479	50408	LLOCHEGUA	47
480	50409	CANAYRE	47
481	50410	UCHURACCAY	47
482	50411	PUCACOLPA	47
483	50412	CHACA	47
484	50413	PUTIS	47
485	50501	SAN MIGUEL	48
486	50502	ANCO	48
487	50503	AYNA	48
488	50504	CHILCAS	48
489	50505	CHUNGUI	48
490	50506	LUIS CARRANZA	48
491	50507	SANTA ROSA	48
492	50508	TAMBO	48
493	50509	SAMUGARI	48
494	50510	ANCHIHUAY	48
495	50511	ORONCCOY	48
496	50512	UNION PROGRESO	48
497	50513	RIO MAGDALENA	48
498	50514	NINABAMBA	48
499	50515	PATIBAMBA	48
500	50601	PUQUIO	49
501	50602	AUCARA	49
502	50603	CABANA	49
503	50604	CARMEN SALCEDO	49
504	50605	CHAVIÑA	49
505	50606	CHIPAO	49
506	50607	HUAC-HUAS	49
507	50608	LARAMATE	49
508	50609	LEONCIO PRADO	49
509	50610	LLAUTA	49
510	50611	LUCANAS	49
511	50612	OCAÑA	49
512	50613	OTOCA	49
513	50614	SAISA	49
514	50615	SAN CRISTOBAL	49
515	50616	SAN JUAN	49
516	50617	SAN PEDRO	49
517	50618	SAN PEDRO DE PALCO	49
518	50619	SANCOS	49
519	50620	SANTA ANA DE HUAYCAHUACHO	49
520	50621	SANTA LUCIA	49
521	50701	CORACORA	50
522	50702	CHUMPI	50
523	50703	CORONEL CASTAÑEDA	50
524	50704	PACAPAUSA	50
525	50705	PULLO	50
526	50706	PUYUSCA	50
527	50707	SAN FRANCISCO DE RIVACAYCO	50
528	50708	UPAHUACHO	50
529	50801	PAUSA	51
530	50802	COLTA	51
531	50803	CORCULLA	51
532	50804	LAMPA	51
533	50805	MARCABAMBA	51
534	50806	OYOLO	51
535	50807	PARARCA	51
536	50808	SAN JAVIER DE ALPABAMBA	51
537	50809	SAN JOSE DE USHUA	51
538	50810	SARA SARA	51
539	50901	QUEROBAMBA	52
540	50902	BELEN	52
541	50903	CHALCOS	52
542	50904	CHILCAYOC	52
543	50905	HUACAÑA	52
544	50906	MORCOLLA	52
545	50907	PAICO	52
546	50908	SAN PEDRO DE LARCAY	52
547	50909	SAN SALVADOR DE QUIJE	52
548	50910	SANTIAGO DE PAUCARAY	52
549	50911	SORAS	52
550	51001	HUANCAPI	53
551	51002	ALCAMENCA	53
552	51003	APONGO	53
553	51004	ASQUIPATA	53
554	51005	CANARIA	53
555	51006	CAYARA	53
556	51007	COLCA	53
557	51008	HUAMANQUIQUIA	53
558	51009	HUANCARAYLLA	53
559	51010	HUALLA	53
560	51011	SARHUA	53
561	51012	VILCANCHOS	53
562	51101	VILCAS HUAMAN	54
563	51102	ACCOMARCA	54
564	51103	CARHUANCA	54
565	51104	CONCEPCION	54
566	51105	HUAMBALPA	54
567	51106	INDEPENDENCIA	54
568	51107	SAURAMA	54
569	51108	VISCHONGO	54
570	60101	CAJAMARCA	55
571	60102	ASUNCION	55
572	60103	CHETILLA	55
573	60104	COSPAN	55
574	60105	ENCAÑADA	55
575	60106	JESUS	55
576	60107	LLACANORA	55
577	60108	LOS BAÑOS DEL INCA	55
578	60109	MAGDALENA	55
579	60110	MATARA	55
580	60111	NAMORA	55
581	60112	SAN JUAN	55
582	60201	CAJABAMBA	56
583	60202	CACHACHI	56
584	60203	CONDEBAMBA	56
585	60204	SITACOCHA	56
586	60301	CELENDIN	57
587	60302	CHUMUCH	57
588	60303	CORTEGANA	57
589	60304	HUASMIN	57
590	60305	JORGE CHAVEZ	57
591	60306	JOSE GALVEZ	57
592	60307	MIGUEL IGLESIAS	57
593	60308	OXAMARCA	57
594	60309	SOROCHUCO	57
595	60310	SUCRE	57
596	60311	UTCO	57
597	60312	LA LIBERTAD DE PALLAN	57
598	60401	CHOTA	58
599	60402	ANGUIA	58
600	60403	CHADIN	58
601	60404	CHIGUIRIP	58
602	60405	CHIMBAN	58
603	60406	CHOROPAMPA	58
604	60407	COCHABAMBA	58
605	60408	CONCHAN	58
606	60409	HUAMBOS	58
607	60410	LAJAS	58
608	60411	LLAMA	58
609	60412	MIRACOSTA	58
610	60413	PACCHA	58
611	60414	PION	58
612	60415	QUEROCOTO	58
613	60416	SAN JUAN DE LICUPIS	58
614	60417	TACABAMBA	58
615	60418	TOCMOCHE	58
616	60419	CHALAMARCA	58
617	60501	CONTUMAZA	59
618	60502	CHILETE	59
619	60503	CUPISNIQUE	59
620	60504	GUZMANGO	59
621	60505	SAN BENITO	59
622	60506	SANTA CRUZ DE TOLED	59
623	60507	TANTARICA	59
624	60508	YONAN	59
625	60601	CUTERVO	60
626	60602	CALLAYUC	60
627	60603	CHOROS	60
628	60604	CUJILLO	60
629	60605	LA RAMADA	60
630	60606	PIMPINGOS	60
631	60607	QUEROCOTILLO	60
632	60608	SAN ANDRES DE CUTERVO	60
633	60609	SAN JUAN DE CUTERVO	60
634	60610	SAN LUIS DE LUCMA	60
635	60611	SANTA CRUZ	60
636	60612	SANTO DOMINGO DE LA CAPILLA	60
637	60613	SANTO TOMAS	60
638	60614	SOCOTA	60
639	60615	TORIBIO CASANOVA	60
640	60701	BAMBAMARCA	61
641	60702	CHUGUR	61
642	60703	HUALGAYOC	61
643	60801	JAEN	62
644	60802	BELLAVISTA	62
645	60803	CHONTALI	62
646	60804	COLASAY	62
647	60805	HUABAL	62
648	60806	LAS PIRIAS	62
649	60807	POMAHUACA	62
650	60808	PUCARA	62
651	60809	SALLIQUE	62
652	60810	SAN FELIPE	62
653	60811	SAN JOSE DEL ALTO	62
654	60812	SANTA ROSA	62
655	60901	SAN IGNACIO	63
656	60902	CHIRINOS	63
657	60903	HUARANGO	63
658	60904	LA COIPA	63
659	60905	NAMBALLE	63
660	60906	SAN JOSE DE LOURDES	63
661	60907	TABACONAS	63
662	61001	PEDRO GALVEZ	64
663	61002	CHANCAY	64
664	61003	EDUARDO VILLANUEVA	64
665	61004	GREGORIO PITA	64
666	61005	ICHOCAN	64
667	61006	JOSE MANUEL QUIROZ	64
668	61007	JOSE SABOGAL	64
669	61101	SAN MIGUEL	65
670	61102	BOLIVAR	65
671	61103	CALQUIS	65
672	61104	CATILLUC	65
673	61105	EL PRADO	65
674	61106	LA FLORIDA	65
675	61107	LLAPA	65
676	61108	NANCHOC	65
677	61109	NIEPOS	65
678	61110	SAN GREGORIO	65
679	61111	SAN SILVESTRE DE COCHAN	65
680	61112	TONGOD	65
681	61113	UNION AGUA BLANCA	65
682	61201	SAN PABLO	66
683	61202	SAN BERNARDINO	66
684	61203	SAN LUIS	66
685	61204	TUMBADEN	66
686	61301	SANTA CRUZ	67
687	61302	ANDABAMBA	67
688	61303	CATACHE	67
689	61304	CHANCAYBAÑOS	67
690	61305	LA ESPERANZA	67
691	61306	NINABAMBA	67
692	61307	PULAN	67
693	61308	SAUCEPAMPA	67
694	61309	SEXI	67
695	61310	UTICYACU	67
696	61311	YAUYUCAN	67
697	70101	CALLAO	68
698	70102	BELLAVISTA	68
699	70103	CARMEN DE LA LEGUA REYNOSO	68
700	70104	LA PERLA	68
701	70105	LA PUNTA	68
702	70106	VENTANILLA	68
703	70107	MI PERU	68
704	80101	CUSCO	69
705	80102	CCORCA	69
706	80103	POROY	69
707	80104	SAN JERONIMO	69
708	80105	SAN SEBASTIAN	69
709	80106	SANTIAGO	69
710	80107	SAYLLA	69
711	80108	WANCHAQ	69
712	80201	ACOMAYO	70
713	80202	ACOPIA	70
714	80203	ACOS	70
715	80204	MOSOC LLACTA	70
716	80205	POMACANCHI	70
717	80206	RONDOCAN	70
718	80207	SANGARARA	70
719	80301	ANTA	71
720	80302	ANCAHUASI	71
721	80303	CACHIMAYO	71
722	80304	CHINCHAYPUJIO	71
723	80305	HUAROCONDO	71
724	80306	LIMATAMBO	71
725	80307	MOLLEPATA	71
726	80308	PUCYURA	71
727	80309	ZURITE	71
728	80401	CALCA	72
729	80402	COYA	72
730	80403	LAMAY	72
731	80404	LARES	72
732	80405	PISAC	72
733	80406	SAN SALVADOR	72
734	80407	TARAY	72
735	80408	YANATILE	72
736	80501	YANAOCA	73
737	80502	CHECCA	73
738	80503	KUNTURKANKI	73
739	80504	LANGUI	73
740	80505	LAYO	73
741	80506	PAMPAMARCA	73
742	80507	QUEHUE	73
743	80508	TUPAC AMARU	73
744	80601	SICUANI	74
745	80602	CHECACUPE	74
746	80603	COMBAPATA	74
747	80604	MARANGANI	74
748	80605	PITUMARCA	74
749	80606	SAN PABLO	74
750	80607	SAN PEDRO	74
751	80608	TINTA	74
752	80701	SANTO TOMAS	75
753	80702	CAPACMARCA	75
754	80703	CHAMACA	75
755	80704	COLQUEMARCA	75
756	80705	LIVITACA	75
757	80706	LLUSCO	75
758	80707	QUIÑOTA	75
759	80708	VELILLE	75
760	80801	ESPINAR	76
761	80802	CONDOROMA	76
762	80803	COPORAQUE	76
763	80804	OCORURO	76
764	80805	PALLPATA	76
765	80806	PICHIGUA	76
766	80807	SUYCKUTAMBO	76
767	80808	ALTO PICHIGUA	76
768	80901	SANTA ANA	77
769	80902	ECHARATE	77
770	80903	HUAYOPATA	77
771	80904	MARANURA	77
772	80905	OCOBAMBA	77
773	80906	QUELLOUNO	77
774	80907	KIMBIRI	77
775	80908	SANTA TERESA	77
776	80909	VILCABAMBA	77
777	80910	PICHARI	77
778	80911	INKAWASI	77
779	80912	VILLA VIRGEN	77
780	80913	VILLA KINTIARINA	77
781	80914	MEGANTONI	77
782	80915	KUMPIRUSHIATO	77
783	80916	CIELO PUNCO	77
784	80917	MANITEA	77
785	80918	UNION ASHANINKA	77
786	81001	PARURO	78
787	81002	ACCHA	78
788	81003	CCAPI	78
789	81004	COLCHA	78
790	81005	HUANOQUITE	78
791	81006	OMACHA	78
792	81007	PACCARITAMBO	78
793	81008	PILLPINTO	78
794	81009	YAURISQUE	78
795	81101	PAUCARTAMBO	79
796	81102	CAICAY	79
797	81103	CHALLABAMBA	79
798	81104	COLQUEPATA	79
799	81105	HUANCARANI	79
800	81106	KOSÑIPATA	79
801	81201	URCOS	80
802	81202	ANDAHUAYLILLAS	80
803	81203	CAMANTI	80
804	81204	CCARHUAYO	80
805	81205	CCATCA	80
806	81206	CUSIPATA	80
807	81207	HUARO	80
808	81208	LUCRE	80
809	81209	MARCAPATA	80
810	81210	OCONGATE	80
811	81211	OROPESA	80
812	81212	QUIQUIJANA	80
813	81301	URUBAMBA	81
814	81302	CHINCHERO	81
815	81303	HUAYLLABAMBA	81
816	81304	MACHUPICCHU	81
817	81305	MARAS	81
818	81306	OLLANTAYTAMBO	81
819	81307	YUCAY	81
820	90101	HUANCAVELICA	82
821	90102	ACOBAMBILLA	82
822	90103	ACORIA	82
823	90104	CONAYCA	82
824	90105	CUENCA	82
825	90106	HUACHOCOLPA	82
826	90107	HUAYLLAHUARA	82
827	90108	IZCUCHACA	82
828	90109	LARIA	82
829	90110	MANTA	82
830	90111	MARISCAL CACERES	82
831	90112	MOYA	82
832	90113	NUEVO OCCORO	82
833	90114	PALCA	82
834	90115	PILCHACA	82
835	90116	VILCA	82
836	90117	YAULI	82
837	90118	ASCENSION	82
838	90119	HUANDO	82
839	90201	ACOBAMBA	83
840	90202	ANDABAMBA	83
841	90203	ANTA	83
842	90204	CAJA	83
843	90205	MARCAS	83
844	90206	PAUCARA	83
845	90207	POMACOCHA	83
846	90208	ROSARIO	83
847	90301	LIRCAY	84
848	90302	ANCHONGA	84
849	90303	CALLANMARCA	84
850	90304	CCOCHACCASA	84
851	90305	CHINCHO	84
852	90306	CONGALLA	84
853	90307	HUANCA-HUANCA	84
854	90308	HUAYLLAY GRANDE	84
855	90309	JULCAMARCA	84
856	90310	SAN ANTONIO DE ANTAPARCO	84
857	90311	SANTO TOMAS DE PATA	84
858	90312	SECCLLA	84
859	90401	CASTROVIRREYNA	85
860	90402	ARMA	85
861	90403	AURAHUA	85
862	90404	CAPILLAS	85
863	90405	CHUPAMARCA	85
864	90406	COCAS	85
865	90407	HUACHOS	85
866	90408	HUAMATAMBO	85
867	90409	MOLLEPAMPA	85
868	90410	SAN JUAN	85
869	90411	SANTA ANA	85
870	90412	TANTARA	85
871	90413	TICRAPO	85
872	90501	CHURCAMPA	86
873	90502	ANCO	86
874	90503	CHINCHIHUASI	86
875	90504	EL CARMEN	86
876	90505	LA MERCED	86
877	90506	LOCROJA	86
878	90507	PAUCARBAMBA	86
879	90508	SAN MIGUEL DE MAYOCC	86
880	90509	SAN PEDRO DE CORIS	86
881	90510	PACHAMARCA	86
882	90511	COSME	86
883	90601	HUAYTARA	87
884	90602	AYAVI	87
885	90603	CORDOVA	87
886	90604	HUAYACUNDO ARMA	87
887	90605	LARAMARCA	87
888	90606	OCOYO	87
889	90607	PILPICHACA	87
890	90608	QUERCO	87
891	90609	QUITO-ARMA	87
892	90610	SAN ANTONIO DE CUSICANCHA	87
893	90611	SAN FRANCISCO DE SANGAYAICO	87
894	90612	SAN ISIDRO	87
895	90613	SANTIAGO DE CHOCORVOS	87
896	90614	SANTIAGO DE QUIRAHUARA	87
897	90615	SANTO DOMINGO DE CAPILLAS	87
898	90616	TAMBO	87
899	90701	PAMPAS	88
900	90702	ACOSTAMBO	88
901	90703	ACRAQUIA	88
902	90704	AHUAYCHA	88
903	90705	COLCABAMBA	88
904	90706	DANIEL HERNANDEZ	88
905	90707	HUACHOCOLPA	88
906	90708	HUARIBAMBA	88
907	90709	ÑAHUIMPUQUIO	88
908	90710	PAZOS	88
909	90711	QUISHUAR	88
910	90712	SALCABAMBA	88
911	90713	SALCAHUASI	88
912	90714	SAN MARCOS DE ROCCHAC	88
913	90715	SURCUBAMBA	88
914	90716	TINTAY PUNCU	88
915	90717	QUICHUAS	88
916	90718	ANDAYMARCA	88
917	90719	ROBLE	88
918	90720	PICHOS	88
919	90721	SANTIAGO DE TUCUMA	88
920	90722	LAMBRAS	88
921	90723	COCHABAMBA	88
922	100101	HUANUCO	89
923	100102	AMARILIS	89
924	100103	CHINCHAO	89
925	100104	CHURUBAMBA	89
926	100105	MARGOS	89
927	100106	QUISQUI (KICHKI)	89
928	100107	SAN FRANCISCO DE CAYRAN	89
929	100108	SAN PEDRO DE CHAULAN	89
930	100109	SANTA MARIA DEL VALLE	89
931	100110	YARUMAYO	89
932	100111	PILLCO MARCA	89
933	100112	YACUS	89
934	100113	SAN PABLO DE PILLAO	89
935	100201	AMBO	90
936	100202	CAYNA	90
937	100203	COLPAS	90
938	100204	CONCHAMARCA	90
939	100205	HUACAR	90
940	100206	SAN FRANCISCO	90
941	100207	SAN RAFAEL	90
942	100208	TOMAY KICHWA	90
943	100301	LA UNION	91
944	100302	CHUQUIS	91
945	100303	MARIAS	91
946	100304	PACHAS	91
947	100305	QUIVILLA	91
948	100306	RIPAN	91
949	100307	SHUNQUI	91
950	100308	SILLAPATA	91
951	100309	YANAS	91
952	100401	HUACAYBAMBA	92
953	100402	CANCHABAMBA	92
954	100403	COCHABAMBA	92
955	100404	PINRA	92
956	100501	LLATA	93
957	100502	ARANCAY	93
958	100503	CHAVIN DE PARIARCA	93
959	100504	JACAS GRANDE	93
960	100505	JIRCAN	93
961	100506	MIRAFLORES	93
962	100507	MONZON	93
963	100508	PUNCHAO	93
964	100509	PUÑOS	93
965	100510	SINGA	93
966	100511	TANTAMAYO	93
967	100601	RUPA-RUPA	94
968	100602	DANIEL ALOMIA ROBLES	94
969	100603	HERMILIO VALDIZAN	94
970	100604	JOSE CRESPO Y CASTILLO	94
971	100605	LUYANDO	94
972	100606	MARIANO DAMASO BERAUN	94
973	100607	PUCAYACU	94
974	100608	CASTILLO GRANDE	94
975	100609	PUEBLO NUEVO	94
976	100610	SANTO DOMINGO DE ANDA	94
977	100701	HUACRACHUCO	95
978	100702	CHOLON	95
979	100703	SAN BUENAVENTURA	95
980	100704	LA MORADA	95
981	100705	SANTA ROSA DE ALTO YANAJANCA	95
982	100801	PANAO	96
983	100802	CHAGLLA	96
984	100803	MOLINO	96
985	100804	UMARI	96
986	100901	PUERTO INCA	97
987	100902	CODO DEL POZUZO	97
988	100903	HONORIA	97
989	100904	TOURNAVISTA	97
990	100905	YUYAPICHIS	97
991	101001	JESUS	98
992	101002	BAÑOS	98
993	101003	JIVIA	98
994	101004	QUEROPALCA	98
995	101005	RONDOS	98
996	101006	SAN FRANCISCO DE ASIS	98
997	101007	SAN MIGUEL DE CAURI	98
998	101101	CHAVINILLO	99
999	101102	CAHUAC	99
1000	101103	CHACABAMBA	99
1001	101104	APARICIO POMARES	99
1002	101105	JACAS CHICO	99
1003	101106	OBAS	99
1004	101107	PAMPAMARCA	99
1005	101108	CHORAS	99
1006	110101	ICA	100
1007	110102	LA TINGUIÑA	100
1008	110103	LOS AQUIJES	100
1009	110104	OCUCAJE	100
1010	110105	PACHACUTEC	100
1011	110106	PARCONA	100
1012	110107	PUEBLO NUEVO	100
1013	110108	SALAS	100
1014	110109	SAN JOSE DE LOS MOLINOS	100
1015	110110	SAN JUAN BAUTISTA	100
1016	110111	SANTIAGO	100
1017	110112	SUBTANJALLA	100
1018	110113	TATE	100
1019	110114	YAUCA DEL ROSARIO	100
1020	110201	CHINCHA ALTA	101
1021	110202	ALTO LARAN	101
1022	110203	CHAVIN	101
1023	110204	CHINCHA BAJA	101
1024	110205	EL CARMEN	101
1025	110206	GROCIO PRADO	101
1026	110207	PUEBLO NUEVO	101
1027	110208	SAN JUAN DE YANAC	101
1028	110209	SAN PEDRO DE HUACARPANA	101
1029	110210	SUNAMPE	101
1030	110211	TAMBO DE MORA	101
1031	110301	NASCA	102
1032	110302	CHANGUILLO	102
1033	110303	EL INGENIO	102
1034	110304	MARCONA	102
1035	110305	VISTA ALEGRE	102
1036	110401	PALPA	103
1037	110402	LLIPATA	103
1038	110403	RIO GRANDE	103
1039	110404	SANTA CRUZ	103
1040	110405	TIBILLO	103
1041	110501	PISCO	104
1042	110502	HUANCANO	104
1043	110503	HUMAY	104
1044	110504	INDEPENDENCIA	104
1045	110505	PARACAS	104
1046	110506	SAN ANDRES	104
1047	110507	SAN CLEMENTE	104
1048	110508	TUPAC AMARU INCA	104
1049	120101	HUANCAYO	105
1050	120102	CARHUACALLANGA	105
1051	120103	CHACAPAMPA	105
1052	120104	CHICCHE	105
1053	120105	CHILCA	105
1054	120106	CHONGOS ALTO	105
1055	120107	CHUPURO	105
1056	120108	COLCA	105
1057	120109	CULLHUAS	105
1058	120110	EL TAMBO	105
1059	120111	HUACRAPUQUIO	105
1060	120112	HUALHUAS	105
1061	120113	HUANCAN	105
1062	120114	HUASICANCHA	105
1063	120115	HUAYUCACHI	105
1064	120116	INGENIO	105
1065	120117	PARIAHUANCA	105
1066	120118	PILCOMAYO	105
1067	120119	PUCARA	105
1068	120120	QUICHUAY	105
1069	120121	QUILCAS	105
1070	120122	SAN AGUSTIN	105
1071	120123	SAN JERONIMO DE TUNAN	105
1072	120124	SAÑO	105
1073	120125	SAPALLANGA	105
1074	120126	SICAYA	105
1075	120127	SANTO DOMINGO DE ACOBAMBA	105
1076	120128	VIQUES	105
1077	120201	CONCEPCION	106
1078	120202	ACO	106
1079	120203	ANDAMARCA	106
1080	120204	CHAMBARA	106
1081	120205	COCHAS	106
1082	120206	COMAS	106
1083	120207	HEROINAS TOLEDO	106
1084	120208	MANZANARES	106
1085	120209	MARISCAL CASTILLA	106
1086	120210	MATAHUASI	106
1087	120211	MITO	106
1088	120212	NUEVE DE JULIO	106
1089	120213	ORCOTUNA	106
1090	120214	SAN JOSE DE QUERO	106
1091	120215	SANTA ROSA DE OCOPA	106
1092	120301	CHANCHAMAYO	107
1093	120302	PERENE	107
1094	120303	PICHANAQUI	107
1095	120304	SAN LUIS DE SHUARO	107
1096	120305	SAN RAMON	107
1097	120306	VITOC	107
1098	120401	JAUJA	108
1099	120402	ACOLLA	108
1100	120403	APATA	108
1101	120404	ATAURA	108
1102	120405	CANCHAYLLO	108
1103	120406	CURICACA	108
1104	120407	EL MANTARO	108
1105	120408	HUAMALI	108
1106	120409	HUARIPAMPA	108
1107	120410	HUERTAS	108
1108	120411	JANJAILLO	108
1109	120412	JULCAN	108
1110	120413	LEONOR ORDOÑEZ	108
1111	120414	LLOCLLAPAMPA	108
1112	120415	MARCO	108
1113	120416	MASMA	108
1114	120417	MASMA CHICCHE	108
1115	120418	MOLINOS	108
1116	120419	MONOBAMBA	108
1117	120420	MUQUI	108
1118	120421	MUQUIYAUYO	108
1119	120422	PACA	108
1120	120423	PACCHA	108
1121	120424	PANCAN	108
1122	120425	PARCO	108
1123	120426	POMACANCHA	108
1124	120427	RICRAN	108
1125	120428	SAN LORENZO	108
1126	120429	SAN PEDRO DE CHUNAN	108
1127	120430	SAUSA	108
1128	120431	SINCOS	108
1129	120432	TUNAN MARCA	108
1130	120433	YAULI	108
1131	120434	YAUYOS	108
1132	120501	JUNIN	109
1133	120502	CARHUAMAYO	109
1134	120503	ONDORES	109
1135	120504	ULCUMAYO	109
1136	120601	SATIPO	110
1137	120602	COVIRIALI	110
1138	120603	LLAYLLA	110
1139	120604	MAZAMARI	110
1140	120605	PAMPA HERMOSA	110
1141	120606	PANGOA	110
1142	120607	RIO NEGRO	110
1143	120608	RIO TAMBO	110
1144	120609	VIZCATÁN DEL ENE	110
1145	120701	TARMA	111
1146	120702	ACOBAMBA	111
1147	120703	HUARICOLCA	111
1148	120704	HUASAHUASI	111
1149	120705	LA UNION	111
1150	120706	PALCA	111
1151	120707	PALCAMAYO	111
1152	120708	SAN PEDRO DE CAJAS	111
1153	120709	TAPO	111
1154	120801	LA OROYA	112
1155	120802	CHACAPALPA	112
1156	120803	HUAY-HUAY	112
1157	120804	MARCAPOMACOCHA	112
1158	120805	MOROCOCHA	112
1159	120806	PACCHA	112
1160	120807	SANTA BARBARA DE CARHUACAYAN	112
1161	120808	SANTA ROSA DE SACCO	112
1162	120809	SUITUCANCHA	112
1163	120810	YAULI	112
1164	120901	CHUPACA	113
1165	120902	AHUAC	113
1166	120903	CHONGOS BAJO	113
1167	120904	HUACHAC	113
1168	120905	HUAMANCACA CHICO	113
1169	120906	SAN JUAN DE ISCOS	113
1170	120907	SAN JUAN DE JARPA	113
1171	120908	TRES DE DICIEMBRE	113
1172	120909	YANACANCHA	113
1173	130101	TRUJILLO	114
1174	130102	EL PORVENIR	114
1175	130103	FLORENCIA DE MORA	114
1176	130104	HUANCHACO	114
1177	130105	LA ESPERANZA	114
1178	130106	LAREDO	114
1179	130107	MOCHE	114
1180	130108	POROTO	114
1181	130109	SALAVERRY	114
1182	130110	SIMBAL	114
1183	130111	VICTOR LARCO HERRERA	114
1184	130112	ALTO TRUJILLO	114
1185	130201	ASCOPE	115
1186	130202	CHICAMA	115
1187	130203	CHOCOPE	115
1188	130204	MAGDALENA DE CAO	115
1189	130205	PAIJAN	115
1190	130206	RAZURI	115
1191	130207	SANTIAGO DE CAO	115
1192	130208	CASA GRANDE	115
1193	130301	BOLIVAR	116
1194	130302	BAMBAMARCA	116
1195	130303	CONDORMARCA	116
1196	130304	LONGOTEA	116
1197	130305	UCHUMARCA	116
1198	130306	UCUNCHA	116
1199	130401	CHEPEN	117
1200	130402	PACANGA	117
1201	130403	PUEBLO NUEVO	117
1202	130501	JULCAN	118
1203	130502	CALAMARCA	118
1204	130503	CARABAMBA	118
1205	130504	HUASO	118
1206	130601	OTUZCO	119
1207	130602	AGALLPAMPA	119
1208	130603	CHARAT	119
1209	130604	HUARANCHAL	119
1210	130605	LA CUESTA	119
1211	130606	MACHE	119
1212	130607	PARANDAY	119
1213	130608	SALPO	119
1214	130609	SINSICAP	119
1215	130610	USQUIL	119
1216	130701	SAN PEDRO DE LLOC	120
1217	130702	GUADALUPE	120
1218	130703	JEQUETEPEQUE	120
1219	130704	PACASMAYO	120
1220	130705	SAN JOSE	120
1221	130801	TAYABAMBA	121
1222	130802	BULDIBUYO	121
1223	130803	CHILLIA	121
1224	130804	HUANCASPATA	121
1225	130805	HUAYLILLAS	121
1226	130806	HUAYO	121
1227	130807	ONGON	121
1228	130808	PARCOY	121
1229	130809	PATAZ	121
1230	130810	PIAS	121
1231	130811	SANTIAGO DE CHALLAS	121
1232	130812	TAURIJA	121
1233	130813	URPAY	121
1234	130901	HUAMACHUCO	122
1235	130902	CHUGAY	122
1236	130903	COCHORCO	122
1237	130904	CURGOS	122
1238	130905	MARCABAL	122
1239	130906	SANAGORAN	122
1240	130907	SARIN	122
1241	130908	SARTIMBAMBA	122
1242	131001	SANTIAGO DE CHUCO	123
1243	131002	ANGASMARCA	123
1244	131003	CACHICADAN	123
1245	131004	MOLLEBAMBA	123
1246	131005	MOLLEPATA	123
1247	131006	QUIRUVILCA	123
1248	131007	SANTA CRUZ DE CHUCA	123
1249	131008	SITABAMBA	123
1250	131101	CASCAS	124
1251	131102	LUCMA	124
1252	131103	MARMOT	124
1253	131104	SAYAPULLO	124
1254	131201	VIRU	125
1255	131202	CHAO	125
1256	131203	GUADALUPITO	125
1257	140101	CHICLAYO	126
1258	140102	CHONGOYAPE	126
1259	140103	ETEN	126
1260	140104	ETEN PUERTO	126
1261	140105	JOSE LEONARDO ORTIZ	126
1262	140106	LA VICTORIA	126
1263	140107	LAGUNAS	126
1264	140108	MONSEFU	126
1265	140109	NUEVA ARICA	126
1266	140110	OYOTUN	126
1267	140111	PICSI	126
1268	140112	PIMENTEL	126
1269	140113	REQUE	126
1270	140114	SANTA ROSA	126
1271	140115	SAÑA	126
1272	140116	CAYALTI	126
1273	140117	PATAPO	126
1274	140118	POMALCA	126
1275	140119	PUCALA	126
1276	140120	TUMAN	126
1277	140201	FERREÑAFE	127
1278	140202	CAÑARIS	127
1279	140203	INCAHUASI	127
1280	140204	MANUEL ANTONIO MESONES MURO	127
1281	140205	PITIPO	127
1282	140206	PUEBLO NUEVO	127
1283	140301	LAMBAYEQUE	128
1284	140302	CHOCHOPE	128
1285	140303	ILLIMO	128
1286	140304	JAYANCA	128
1287	140305	MOCHUMI	128
1288	140306	MORROPE	128
1289	140307	MOTUPE	128
1290	140308	OLMOS	128
1291	140309	PACORA	128
1292	140310	SALAS	128
1293	140311	SAN JOSE	128
1294	140312	TUCUME	128
1295	150101	LIMA	129
1296	150102	ANCON	129
1297	150103	ATE	129
1298	150104	BARRANCO	129
1299	150105	BREÑA	129
1300	150106	CARABAYLLO	129
1301	150107	CHACLACAYO	129
1302	150108	CHORRILLOS	129
1303	150109	CIENEGUILLA	129
1304	150110	COMAS	129
1305	150111	EL AGUSTINO	129
1306	150112	INDEPENDENCIA	129
1307	150113	JESUS MARIA	129
1308	150114	LA MOLINA	129
1309	150115	LA VICTORIA	129
1310	150116	LINCE	129
1311	150117	LOS OLIVOS	129
1312	150118	LURIGANCHO	129
1313	150119	LURIN	129
1314	150120	MAGDALENA DEL MAR	129
1315	150121	PUEBLO LIBRE	129
1316	150122	MIRAFLORES	129
1317	150123	PACHACAMAC	129
1318	150124	PUCUSANA	129
1319	150125	PUENTE PIEDRA	129
1320	150126	PUNTA HERMOSA	129
1321	150127	PUNTA NEGRA	129
1322	150128	RIMAC	129
1323	150129	SAN BARTOLO	129
1324	150130	SAN BORJA	129
1325	150131	SAN ISIDRO	129
1326	150132	SAN JUAN DE LURIGANCHO	129
1327	150133	SAN JUAN DE MIRAFLORES	129
1328	150134	SAN LUIS	129
1329	150135	SAN MARTIN DE PORRES	129
1330	150136	SAN MIGUEL	129
1331	150137	SANTA ANITA	129
1332	150138	SANTA MARIA DEL MAR	129
1333	150139	SANTA ROSA	129
1334	150140	SANTIAGO DE SURCO	129
1335	150141	SURQUILLO	129
1336	150142	VILLA EL SALVADOR	129
1337	150143	VILLA MARIA DEL TRIUNFO	129
1338	150201	BARRANCA	130
1339	150202	PARAMONGA	130
1340	150203	PATIVILCA	130
1341	150204	SUPE	130
1342	150205	SUPE PUERTO	130
1343	150301	CAJATAMBO	131
1344	150302	COPA	131
1345	150303	GORGOR	131
1346	150304	HUANCAPON	131
1347	150305	MANAS	131
1348	150401	CANTA	132
1349	150402	ARAHUAY	132
1350	150403	HUAMANTANGA	132
1351	150404	HUAROS	132
1352	150405	LACHAQUI	132
1353	150406	SAN BUENAVENTURA	132
1354	150407	SANTA ROSA DE QUIVES	132
1355	150501	SAN VICENTE DE CAÑETE	133
1356	150502	ASIA	133
1357	150503	CALANGO	133
1358	150504	CERRO AZUL	133
1359	150505	CHILCA	133
1360	150506	COAYLLO	133
1361	150507	IMPERIAL	133
1362	150508	LUNAHUANA	133
1363	150509	MALA	133
1364	150510	NUEVO IMPERIAL	133
1365	150511	PACARAN	133
1366	150512	QUILMANA	133
1367	150513	SAN ANTONIO	133
1368	150514	SAN LUIS	133
1369	150515	SANTA CRUZ DE FLORES	133
1370	150516	ZUÑIGA	133
1371	150601	HUARAL	134
1372	150602	ATAVILLOS ALTO	134
1373	150603	ATAVILLOS BAJO	134
1374	150604	AUCALLAMA	134
1375	150605	CHANCAY	134
1376	150606	IHUARI	134
1377	150607	LAMPIAN	134
1378	150608	PACARAOS	134
1379	150609	SAN MIGUEL DE ACOS	134
1380	150610	SANTA CRUZ DE ANDAMARCA	134
1381	150611	SUMBILCA	134
1382	150612	VEINTISIETE DE NOVIEMBRE	134
1383	150701	MATUCANA	135
1384	150702	ANTIOQUIA	135
1385	150703	CALLAHUANCA	135
1386	150704	CARAMPOMA	135
1387	150705	CHICLA	135
1388	150706	CUENCA	135
1389	150707	HUACHUPAMPA	135
1390	150708	HUANZA	135
1391	150709	HUAROCHIRI	135
1392	150710	LAHUAYTAMBO	135
1393	150711	LANGA	135
1394	150712	SAN PEDRO DE LARAOS	135
1395	150713	MARIATANA	135
1396	150714	RICARDO PALMA	135
1397	150715	SAN ANDRES DE TUPICOCHA	135
1398	150716	SAN ANTONIO	135
1399	150717	SAN BARTOLOME	135
1400	150718	SAN DAMIAN	135
1401	150719	SAN JUAN DE IRIS	135
1402	150720	SAN JUAN DE TANTARANCHE	135
1403	150721	SAN LORENZO DE QUINTI	135
1404	150722	SAN MATEO	135
1405	150723	SAN MATEO DE OTAO	135
1406	150724	SAN PEDRO DE CASTA	135
1407	150725	SAN PEDRO DE HUANCAYRE	135
1408	150726	SANGALLAYA	135
1409	150727	SANTA CRUZ DE COCACHACRA	135
1410	150728	SANTA EULALIA	135
1411	150729	SANTIAGO DE ANCHUCAYA	135
1412	150730	SANTIAGO DE TUNA	135
1413	150731	SANTO DOMINGO DE LOS OLLEROS	135
1414	150732	SURCO	135
1415	150801	HUACHO	136
1416	150802	AMBAR	136
1417	150803	CALETA DE CARQUIN	136
1418	150804	CHECRAS	136
1419	150805	HUALMAY	136
1420	150806	HUAURA	136
1421	150807	LEONCIO PRADO	136
1422	150808	PACCHO	136
1423	150809	SANTA LEONOR	136
1424	150810	SANTA MARIA	136
1425	150811	SAYAN	136
1426	150812	VEGUETA	136
1427	150901	OYON	137
1428	150902	ANDAJES	137
1429	150903	CAUJUL	137
1430	150904	COCHAMARCA	137
1431	150905	NAVAN	137
1432	150906	PACHANGARA	137
1433	151001	YAUYOS	138
1434	151002	ALIS	138
1435	151003	ALLAUCA	138
1436	151004	AYAVIRI	138
1437	151005	AZANGARO	138
1438	151006	CACRA	138
1439	151007	CARANIA	138
1440	151008	CATAHUASI	138
1441	151009	CHOCOS	138
1442	151010	COCHAS	138
1443	151011	COLONIA	138
1444	151012	HONGOS	138
1445	151013	HUAMPARA	138
1446	151014	HUANCAYA	138
1447	151015	HUANGASCAR	138
1448	151016	HUANTAN	138
1449	151017	HUAÑEC	138
1450	151018	LARAOS	138
1451	151019	LINCHA	138
1452	151020	MADEAN	138
1453	151021	MIRAFLORES	138
1454	151022	OMAS	138
1455	151023	PUTINZA	138
1456	151024	QUINCHES	138
1457	151025	QUINOCAY	138
1458	151026	SAN JOAQUIN	138
1459	151027	SAN PEDRO DE PILAS	138
1460	151028	TANTA	138
1461	151029	TAURIPAMPA	138
1462	151030	TOMAS	138
1463	151031	TUPE	138
1464	151032	VIÑAC	138
1465	151033	VITIS	138
1466	160101	IQUITOS	139
1467	160102	ALTO NANAY	139
1468	160103	FERNANDO LORES	139
1469	160104	INDIANA	139
1470	160105	LAS AMAZONAS	139
1471	160106	MAZAN	139
1472	160107	NAPO	139
1473	160108	PUNCHANA	139
1474	160109	TORRES CAUSANA	139
1475	160110	BELEN	139
1476	160111	SAN JUAN BAUTISTA	139
1477	160201	YURIMAGUAS	140
1478	160202	BALSAPUERTO	140
1479	160203	JEBEROS	140
1480	160204	LAGUNAS	140
1481	160205	SANTA CRUZ	140
1482	160206	TENIENTE CESAR LOPEZ ROJAS	140
1483	160301	NAUTA	141
1484	160302	PARINARI	141
1485	160303	TIGRE	141
1486	160304	TROMPETEROS	141
1487	160305	URARINAS	141
1488	160401	RAMON CASTILLA	142
1489	160402	PEBAS	142
1490	160403	YAVARI	142
1491	160404	SAN PABLO	142
1492	160501	REQUENA	143
1493	160502	ALTO TAPICHE	143
1494	160503	CAPELO	143
1495	160504	EMILIO SAN MARTIN	143
1496	160505	MAQUIA	143
1497	160506	PUINAHUA	143
1498	160507	SAQUENA	143
1499	160508	SOPLIN	143
1500	160509	TAPICHE	143
1501	160510	JENARO HERRERA	143
1502	160511	YAQUERANA	143
1503	160601	CONTAMANA	144
1504	160602	INAHUAYA	144
1505	160603	PADRE MARQUEZ	144
1506	160604	PAMPA HERMOSA	144
1507	160605	SARAYACU	144
1508	160606	VARGAS GUERRA	144
1509	160701	BARRANCA	145
1510	160702	CAHUAPANAS	145
1511	160703	MANSERICHE	145
1512	160704	MORONA	145
1513	160705	PASTAZA	145
1514	160706	ANDOAS	145
1515	160801	PUTUMAYO	146
1516	160802	ROSA PANDURO	146
1517	160803	TENIENTE MANUEL CLAVERO	146
1518	160804	YAGUAS	146
1519	170101	TAMBOPATA	147
1520	170102	INAMBARI	147
1521	170103	LAS PIEDRAS	147
1522	170104	LABERINTO	147
1523	170201	MANU	148
1524	170202	FITZCARRALD	148
1525	170203	MADRE DE DIOS	148
1526	170204	HUEPETUHE	148
1527	170301	IÑAPARI	149
1528	170302	IBERIA	149
1529	170303	TAHUAMANU	149
1530	180101	MOQUEGUA	150
1531	180102	CARUMAS	150
1532	180103	CUCHUMBAYA	150
1533	180104	SAMEGUA	150
1534	180105	SAN CRISTOBAL	150
1535	180106	TORATA	150
1536	180107	SAN ANTONIO	150
1537	180201	OMATE	151
1538	180202	CHOJATA	151
1539	180203	COALAQUE	151
1540	180204	ICHUÑA	151
1541	180205	LA CAPILLA	151
1542	180206	LLOQUE	151
1543	180207	MATALAQUE	151
1544	180208	PUQUINA	151
1545	180209	QUINISTAQUILLAS	151
1546	180210	UBINAS	151
1547	180211	YUNGA	151
1548	180301	ILO	152
1549	180302	EL ALGARROBAL	152
1550	180303	PACOCHA	152
1551	190101	CHAUPIMARCA	153
1552	190102	HUACHON	153
1553	190103	HUARIACA	153
1554	190104	HUAYLLAY	153
1555	190105	NINACACA	153
1556	190106	PALLANCHACRA	153
1557	190107	PAUCARTAMBO	153
1558	190108	SAN FRANCISCO DE ASIS DE YARUSYACAN	153
1559	190109	SIMON BOLIVAR	153
1560	190110	TICLACAYAN	153
1561	190111	TINYAHUARCO	153
1562	190112	VICCO	153
1563	190113	YANACANCHA	153
1564	190201	YANAHUANCA	154
1565	190202	CHACAYAN	154
1566	190203	GOYLLARISQUIZGA	154
1567	190204	PAUCAR	154
1568	190205	SAN PEDRO DE PILLAO	154
1569	190206	SANTA ANA DE TUSI	154
1570	190207	TAPUC	154
1571	190208	VILCABAMBA	154
1572	190301	OXAPAMPA	155
1573	190302	CHONTABAMBA	155
1574	190303	HUANCABAMBA	155
1575	190304	PALCAZU	155
1576	190305	POZUZO	155
1577	190306	PUERTO BERMUDEZ	155
1578	190307	VILLA RICA	155
1579	190308	CONSTITUCION	155
1580	200101	PIURA	156
1581	200102	CASTILLA	156
1582	200103	CATACAOS	156
1583	200104	CURA MORI	156
1584	200105	EL TALLAN	156
1585	200106	LA ARENA	156
1586	200107	LA UNION	156
1587	200108	LAS LOMAS	156
1588	200109	TAMBO GRANDE	156
1589	200110	VEINTISEIS DE OCTUBRE	156
1590	200201	AYABACA	157
1591	200202	FRIAS	157
1592	200203	JILILI	157
1593	200204	LAGUNAS	157
1594	200205	MONTERO	157
1595	200206	PACAIPAMPA	157
1596	200207	PAIMAS	157
1597	200208	SAPILLICA	157
1598	200209	SICCHEZ	157
1599	200210	SUYO	157
1600	200301	HUANCABAMBA	158
1601	200302	CANCHAQUE	158
1602	200303	EL CARMEN DE LA FRONTERA	158
1603	200304	HUARMACA	158
1604	200305	LALAQUIZ	158
1605	200306	SAN MIGUEL DE EL FAIQUE	158
1606	200307	SONDOR	158
1607	200308	SONDORILLO	158
1608	200401	CHULUCANAS	159
1609	200402	BUENOS AIRES	159
1610	200403	CHALACO	159
1611	200404	LA MATANZA	159
1612	200405	MORROPON	159
1613	200406	SALITRAL	159
1614	200407	SAN JUAN DE BIGOTE	159
1615	200408	SANTA CATALINA DE MOSSA	159
1616	200409	SANTO DOMINGO	159
1617	200410	YAMANGO	159
1618	200501	PAITA	160
1619	200502	AMOTAPE	160
1620	200503	ARENAL	160
1621	200504	COLAN	160
1622	200505	LA HUACA	160
1623	200506	TAMARINDO	160
1624	200507	VICHAYAL	160
1625	200601	SULLANA	161
1626	200602	BELLAVISTA	161
1627	200603	IGNACIO ESCUDERO	161
1628	200604	LANCONES	161
1629	200605	MARCAVELICA	161
1630	200606	MIGUEL CHECA	161
1631	200607	QUERECOTILLO	161
1632	200608	SALITRAL	161
1633	200701	PARIÑAS	162
1634	200702	EL ALTO	162
1635	200703	LA BREA	162
1636	200704	LOBITOS	162
1637	200705	LOS ORGANOS	162
1638	200706	MANCORA	162
1639	200801	SECHURA	163
1640	200802	BELLAVISTA DE LA UNION	163
1641	200803	BERNAL	163
1642	200804	CRISTO NOS VALGA	163
1643	200805	VICE	163
1644	200806	RINCONADA LLICUAR	163
1645	210101	PUNO	164
1646	210102	ACORA	164
1647	210103	AMANTANI	164
1648	210104	ATUNCOLLA	164
1649	210105	CAPACHICA	164
1650	210106	CHUCUITO	164
1651	210107	COATA	164
1652	210108	HUATA	164
1653	210109	MAÑAZO	164
1654	210110	PAUCARCOLLA	164
1655	210111	PICHACANI	164
1656	210112	PLATERIA	164
1657	210113	SAN ANTONIO	164
1658	210114	TIQUILLACA	164
1659	210115	VILQUE	164
1660	210201	AZANGARO	165
1661	210202	ACHAYA	165
1662	210203	ARAPA	165
1663	210204	ASILLO	165
1664	210205	CAMINACA	165
1665	210206	CHUPA	165
1666	210207	JOSE DOMINGO CHOQUEHUANCA	165
1667	210208	MUÑANI	165
1668	210209	POTONI	165
1669	210210	SAMAN	165
1670	210211	SAN ANTON	165
1671	210212	SAN JOSE	165
1672	210213	SAN JUAN DE SALINAS	165
1673	210214	SANTIAGO DE PUPUJA	165
1674	210215	TIRAPATA	165
1675	210301	MACUSANI	166
1676	210302	AJOYANI	166
1677	210303	AYAPATA	166
1678	210304	COASA	166
1679	210305	CORANI	166
1680	210306	CRUCERO	166
1681	210307	ITUATA	166
1682	210308	OLLACHEA	166
1683	210309	SAN GABAN	166
1684	210310	USICAYOS	166
1685	210401	JULI	167
1686	210402	DESAGUADERO	167
1687	210403	HUACULLANI	167
1688	210404	KELLUYO	167
1689	210405	PISACOMA	167
1690	210406	POMATA	167
1691	210407	ZEPITA	167
1692	210501	ILAVE	168
1693	210502	CAPAZO	168
1694	210503	PILCUYO	168
1695	210504	SANTA ROSA	168
1696	210505	CONDURIRI	168
1697	210601	HUANCANE	169
1698	210602	COJATA	169
1699	210603	HUATASANI	169
1700	210604	INCHUPALLA	169
1701	210605	PUSI	169
1702	210606	ROSASPATA	169
1703	210607	TARACO	169
1704	210608	VILQUE CHICO	169
1705	210701	LAMPA	170
1706	210702	CABANILLA	170
1707	210703	CALAPUJA	170
1708	210704	NICASIO	170
1709	210705	OCUVIRI	170
1710	210706	PALCA	170
1711	210707	PARATIA	170
1712	210708	PUCARA	170
1713	210709	SANTA LUCIA	170
1714	210710	VILAVILA	170
1715	210801	AYAVIRI	171
1716	210802	ANTAUTA	171
1717	210803	CUPI	171
1718	210804	LLALLI	171
1719	210805	MACARI	171
1720	210806	NUÑOA	171
1721	210807	ORURILLO	171
1722	210808	SANTA ROSA	171
1723	210809	UMACHIRI	171
1724	210901	MOHO	172
1725	210902	CONIMA	172
1726	210903	HUAYRAPATA	172
1727	210904	TILALI	172
1728	211001	PUTINA	173
1729	211002	ANANEA	173
1730	211003	PEDRO VILCA APAZA	173
1731	211004	QUILCAPUNCU	173
1732	211005	SINA	173
1733	211101	JULIACA	174
1734	211102	CABANA	174
1735	211103	CABANILLAS	174
1736	211104	CARACOTO	174
1737	211105	SAN MIGUEL	174
1738	211201	SANDIA	175
1739	211202	CUYOCUYO	175
1740	211203	LIMBANI	175
1741	211204	PATAMBUCO	175
1742	211205	PHARA	175
1743	211206	QUIACA	175
1744	211207	SAN JUAN DEL ORO	175
1745	211208	YANAHUAYA	175
1746	211209	ALTO INAMBARI	175
1747	211210	SAN PEDRO DE PUTINA PUNCO	175
1748	211301	YUNGUYO	176
1749	211302	ANAPIA	176
1750	211303	COPANI	176
1751	211304	CUTURAPI	176
1752	211305	OLLARAYA	176
1753	211306	TINICACHI	176
1754	211307	UNICACHI	176
1755	220101	MOYOBAMBA	177
1756	220102	CALZADA	177
1757	220103	HABANA	177
1758	220104	JEPELACIO	177
1759	220105	SORITOR	177
1760	220106	YANTALO	177
1761	220201	BELLAVISTA	178
1762	220202	ALTO BIAVO	178
1763	220203	BAJO BIAVO	178
1764	220204	HUALLAGA	178
1765	220205	SAN PABLO	178
1766	220206	SAN RAFAEL	178
1767	220301	SAN JOSE DE SISA	179
1768	220302	AGUA BLANCA	179
1769	220303	SAN MARTIN	179
1770	220304	SANTA ROSA	179
1771	220305	SHATOJA	179
1772	220401	SAPOSOA	180
1773	220402	ALTO SAPOSOA	180
1774	220403	EL ESLABON	180
1775	220404	PISCOYACU	180
1776	220405	SACANCHE	180
1777	220406	TINGO DE SAPOSOA	180
1778	220501	LAMAS	181
1779	220502	ALONSO DE ALVARADO	181
1780	220503	BARRANQUITA	181
1781	220504	CAYNARACHI	181
1782	220505	CUÑUMBUQUI	181
1783	220506	PINTO RECODO	181
1784	220507	RUMISAPA	181
1785	220508	SAN ROQUE DE CUMBAZA	181
1786	220509	SHANAO	181
1787	220510	TABALOSOS	181
1788	220511	ZAPATERO	181
1789	220601	JUANJUI	182
1790	220602	CAMPANILLA	182
1791	220603	HUICUNGO	182
1792	220604	PACHIZA	182
1793	220605	PAJARILLO	182
1794	220701	PICOTA	183
1795	220702	BUENOS AIRES	183
1796	220703	CASPISAPA	183
1797	220704	PILLUANA	183
1798	220705	PUCACACA	183
1799	220706	SAN CRISTOBAL	183
1800	220707	SAN HILARION	183
1801	220708	SHAMBOYACU	183
1802	220709	TINGO DE PONASA	183
1803	220710	TRES UNIDOS	183
1804	220801	RIOJA	184
1805	220802	AWAJUN	184
1806	220803	ELIAS SOPLIN VARGAS	184
1807	220804	NUEVA CAJAMARCA	184
1808	220805	PARDO MIGUEL	184
1809	220806	POSIC	184
1810	220807	SAN FERNANDO	184
1811	220808	YORONGOS	184
1812	220809	YURACYACU	184
1813	220901	TARAPOTO	185
1814	220902	ALBERTO LEVEAU	185
1815	220903	CACATACHI	185
1816	220904	CHAZUTA	185
1817	220905	CHIPURANA	185
1818	220906	EL PORVENIR	185
1819	220907	HUIMBAYOC	185
1820	220908	JUAN GUERRA	185
1821	220909	LA BANDA DE SHILCAYO	185
1822	220910	MORALES	185
1823	220911	PAPAPLAYA	185
1824	220912	SAN ANTONIO	185
1825	220913	SAUCE	185
1826	220914	SHAPAJA	185
1827	221001	TOCACHE	186
1828	221002	NUEVO PROGRESO	186
1829	221003	POLVORA	186
1830	221004	SHUNTE	186
1831	221005	UCHIZA	186
1832	221006	SANTA LUCIA	186
1833	230101	TACNA	187
1834	230102	ALTO DE LA ALIANZA	187
1835	230103	CALANA	187
1836	230104	CIUDAD NUEVA	187
1837	230105	INCLAN	187
1838	230106	PACHIA	187
1839	230107	PALCA	187
1840	230108	POCOLLAY	187
1841	230109	SAMA	187
1842	230110	CORONEL GREGORIO ALBARRACIN LANCHIPA	187
1843	230111	LA YARADA LOS PALOS	187
1844	230201	CANDARAVE	188
1845	230202	CAIRANI	188
1846	230203	CAMILACA	188
1847	230204	CURIBAYA	188
1848	230205	HUANUARA	188
1849	230206	QUILAHUANI	188
1850	230301	LOCUMBA	189
1851	230302	ILABAYA	189
1852	230303	ITE	189
1853	230401	TARATA	190
1854	230402	HEROES ALBARRACIN	190
1855	230403	ESTIQUE	190
1856	230404	ESTIQUE-PAMPA	190
1857	230405	SITAJARA	190
1858	230406	SUSAPAYA	190
1859	230407	TARUCACHI	190
1860	230408	TICACO	190
1861	240101	TUMBES	191
1862	240102	CORRALES	191
1863	240103	LA CRUZ	191
1864	240104	PAMPAS DE HOSPITAL	191
1865	240105	SAN JACINTO	191
1866	240106	SAN JUAN DE LA VIRGEN	191
1867	240201	ZORRITOS	192
1868	240202	CASITAS	192
1869	240203	CANOAS DE PUNTA SAL	192
1870	240301	ZARUMILLA	193
1871	240302	AGUAS VERDES	193
1872	240303	MATAPALO	193
1873	240304	PAPAYAL	193
1874	250101	CALLERIA	194
1875	250102	CAMPOVERDE	194
1876	250103	IPARIA	194
1877	250104	MASISEA	194
1878	250105	YARINACOCHA	194
1879	250106	NUEVA REQUENA	194
1880	250107	MANANTAY	194
1881	250201	RAIMONDI	195
1882	250202	SEPAHUA	195
1883	250203	TAHUANIA	195
1884	250204	YURUA	195
1885	250301	PADRE ABAD	196
1886	250302	IRAZOLA	196
1887	250303	CURIMANA	196
1888	250304	NESHUYA	196
1889	250305	ALEXANDER VON HUMBOLDT	196
1890	250306	HUIPOCA	196
1891	250307	BOQUERON	196
1892	250401	PURUS	197
\.


--
-- Data for Name: django_admin_log; Type: TABLE DATA; Schema: public; Owner: jarddigital_db_user
--

COPY public.django_admin_log (id, action_time, object_id, object_repr, action_flag, change_message, content_type_id, user_id) FROM stdin;
\.


--
-- Data for Name: django_content_type; Type: TABLE DATA; Schema: public; Owner: jarddigital_db_user
--

COPY public.django_content_type (id, app_label, model) FROM stdin;
1	admin	logentry
2	auth	group
3	auth	permission
4	contenttypes	contenttype
5	sessions	session
6	users	perfillaboral
7	users	permisoacceso
8	users	rolsistema
9	users	supervisorasignacion
10	users	usuario
11	sales	audioventa
12	sales	estadoaudio
13	sales	estadosot
14	sales	grabadoraudio
15	sales	historialagendasot
16	sales	producto
17	sales	subestadosot
18	sales	venta
19	tracking	seguimiento
20	tracking	seguimientomensual
21	finances	asistencia
22	finances	bolsacomisiones
23	finances	liquidacionmensualasesor
24	finances	reglarendimientomensual
25	core	modalidad
26	core	modalidadsede
27	core	sucursal
28	core	tipodocumento
29	ubigeo	departamento
30	ubigeo	distrito
31	ubigeo	provincia
\.


--
-- Data for Name: django_migrations; Type: TABLE DATA; Schema: public; Owner: jarddigital_db_user
--

COPY public.django_migrations (id, app, name, applied) FROM stdin;
1	core	0001_initial	2026-03-07 13:26:20.270187+00
2	contenttypes	0001_initial	2026-03-07 13:26:20.370584+00
3	contenttypes	0002_remove_content_type_name	2026-03-07 13:26:20.479287+00
4	auth	0001_initial	2026-03-07 13:26:20.594285+00
5	auth	0002_alter_permission_name_max_length	2026-03-07 13:26:20.5997+00
6	auth	0003_alter_user_email_max_length	2026-03-07 13:26:20.673043+00
7	auth	0004_alter_user_username_opts	2026-03-07 13:26:20.679555+00
8	auth	0005_alter_user_last_login_null	2026-03-07 13:26:20.685846+00
9	auth	0006_require_contenttypes_0002	2026-03-07 13:26:20.691778+00
10	auth	0007_alter_validators_add_error_messages	2026-03-07 13:26:20.699853+00
11	auth	0008_alter_user_username_max_length	2026-03-07 13:26:20.706879+00
12	auth	0009_alter_user_last_name_max_length	2026-03-07 13:26:20.714103+00
13	auth	0010_alter_group_name_max_length	2026-03-07 13:26:20.722453+00
14	auth	0011_update_proxy_permissions	2026-03-07 13:26:20.730391+00
15	auth	0012_alter_user_first_name_max_length	2026-03-07 13:26:20.736441+00
16	users	0001_initial	2026-03-07 13:26:20.973989+00
17	admin	0001_initial	2026-03-07 13:26:20.995082+00
18	admin	0002_logentry_remove_auto_add	2026-03-07 13:26:21.004759+00
19	admin	0003_logentry_add_action_flag_choices	2026-03-07 13:26:21.015735+00
20	finances	0001_initial	2026-03-07 13:26:21.105114+00
21	finances	0002_initial	2026-03-07 13:26:21.244742+00
22	ubigeo	0001_initial	2026-03-07 13:26:21.296739+00
23	sales	0001_initial	2026-03-07 13:26:21.970699+00
24	sales	0002_initial	2026-03-07 13:26:22.673401+00
25	sales	0003_alter_venta_fecha_venta	2026-03-07 13:26:22.695787+00
26	sales	0004_venta_cliente_fecha_nacimiento_venta_cliente_mama_and_more	2026-03-07 13:26:22.888118+00
27	sales	0005_audioventa_conforme_audioventa_motivo	2026-03-07 13:26:22.92151+00
28	sales	0006_audioventa_corregido	2026-03-07 13:26:22.94565+00
29	sales	0007_venta_solicitud_correccion	2026-03-07 13:26:22.971348+00
30	sales	0008_venta_tipo_venta	2026-03-07 13:26:22.993696+00
31	sales	0009_producto_nombre_campana_producto_nombre_paquete_and_more	2026-03-07 13:26:23.018742+00
32	sales	0010_venta_cant_decos_adicionales_and_more	2026-03-07 13:26:23.096624+00
33	sessions	0001_initial	2026-03-07 13:26:23.108418+00
34	tracking	0001_initial	2026-03-07 13:26:23.191383+00
35	sales	0011_remove_producto_nombre_plan	2026-03-10 16:07:50.275022+00
36	sales	0012_venta_nombre_grabador_externo	2026-03-12 13:46:56.820317+00
37	users	0002_usuario_celular_usuario_fecha_nacimiento	2026-03-12 13:46:56.850755+00
38	sales	0013_venta_cliente_genero	2026-03-16 18:50:10.940189+00
39	sales	0014_venta_permitir_reingreso	2026-03-18 21:47:48.834668+00
40	sales	0003_alter_venta_venta_origen	2026-03-20 16:38:54.138048+00
41	sales	0015_alter_venta_fecha_venta	2026-04-02 05:19:14.443323+00
\.


--
-- Data for Name: django_session; Type: TABLE DATA; Schema: public; Owner: jarddigital_db_user
--

COPY public.django_session (session_key, session_data, expire_date) FROM stdin;
\.


--
-- Data for Name: estados_audios; Type: TABLE DATA; Schema: public; Owner: jarddigital_db_user
--

COPY public.estados_audios (id, codigo, nombre, activo) FROM stdin;
1	CONFORME	Conforme	t
2	PENDIENTE	Pendiente	t
3	OBSERVADO	Observado	t
\.


--
-- Data for Name: estados_sot; Type: TABLE DATA; Schema: public; Owner: jarddigital_db_user
--

COPY public.estados_sot (id, codigo, nombre, orden, es_final, color_hex, activo) FROM stdin;
1	ATENDIDO	Atendido	1	f	#3498db	t
2	EJECUCION	Ejecución	2	f	#f1c40f	t
3	RECHAZADO	Rechazado	3	t	#e74c3c	t
\.


--
-- Data for Name: grabadores_audio; Type: TABLE DATA; Schema: public; Owner: jarddigital_db_user
--

COPY public.grabadores_audio (id, nombre_completo, activo, id_usuario_id) FROM stdin;
1	OTROS	t	\N
19	FIORELA MORALES	t	19
6	Antonio Valladares	t	7
12	Brigith Casas	t	12
11	Mariana Ruiz	t	11
13	Stephany Torres	t	13
10	Jeaneth Ventura	t	10
4	Carlos Barrantes	t	5
14	Nadia Muncibay	t	14
8	EVELYN EFFIO	t	8
2	Héctor Ordoñez Sanchez	t	2
9	Merly Bravo	t	9
15	Franco Gastulo	t	15
21	Yenny milagros capuñay salazar	t	21
3	Deivy Coronado Yajahuanca	t	3
16	Ariana Perez	t	16
18	Harold Romero	t	18
17	Dayana Rojas Solis	t	17
7	Alejandro Prueba	t	6
20	ROMMY GARBOZA	t	20
22	Deyvi Coronado	t	22
23	GONZALO VALENZUELA	t	23
24	Gladis Cubas Luna	t	24
\.


--
-- Data for Name: historial_agenda_sot; Type: TABLE DATA; Schema: public; Owner: jarddigital_db_user
--

COPY public.historial_agenda_sot (id, fecha_anterior, fecha_nueva, creado_en, usuario_responsable, id_sub_estado_motivo, id_venta) FROM stdin;
1	2026-03-28	2026-03-29	2026-03-28 17:14:34.413968+00	4	2	21
2	2026-03-28	2026-03-30	2026-03-28 21:10:04.732461+00	4	2	13
3	2026-03-28	2026-03-29	2026-03-28 21:13:39.141813+00	4	2	7
4	2026-03-30	2026-03-29	2026-03-28 22:45:25.447008+00	4	1	27
5	2026-03-29	2026-03-30	2026-03-30 14:10:14.171538+00	4	2	7
6	2026-03-28	2026-03-31	2026-03-30 14:16:39.572688+00	4	1	14
7	2026-03-28	2026-03-31	2026-03-30 14:18:09.691911+00	4	2	18
8	2026-03-30	2026-03-31	2026-03-30 14:20:09.384366+00	4	2	17
9	2026-03-30	2026-03-31	2026-03-30 14:26:12.599828+00	4	2	28
10	2026-03-30	2026-03-31	2026-03-30 14:27:17.28747+00	4	2	34
11	2026-03-30	2026-03-31	2026-03-30 14:29:48.296939+00	4	2	30
12	2026-03-27	2026-03-30	2026-03-30 14:46:41.998954+00	4	1	2
13	2026-03-29	2026-03-31	2026-03-30 16:34:34.596297+00	4	1	16
14	2026-03-31	2026-04-04	2026-03-30 20:09:46.674004+00	4	1	8
15	2026-03-30	2026-03-31	2026-03-30 20:11:16.975843+00	4	2	13
16	2026-03-31	2026-04-01	2026-03-30 22:45:42.186667+00	4	2	13
17	2026-03-31	2026-04-02	2026-03-31 21:38:24.084776+00	4	1	20
18	2026-04-01	2026-04-05	2026-04-01 16:11:41.372905+00	4	1	13
19	2026-04-01	2026-04-04	2026-04-01 22:28:22.802891+00	4	2	52
20	2026-03-29	2026-04-02	2026-04-01 22:47:13.381962+00	4	1	1
21	2026-04-01	2026-04-02	2026-04-02 17:36:41.827638+00	4	2	48
22	2026-04-06	2026-04-03	2026-04-02 17:37:31.100807+00	4	2	50
23	2026-04-03	2026-04-06	2026-04-02 17:49:10.033237+00	4	2	50
24	2026-04-02	2026-04-03	2026-04-02 17:49:59.41343+00	4	2	51
25	2026-04-02	2026-04-04	2026-04-02 21:35:20.9978+00	4	2	53
26	2026-04-02	2026-04-03	2026-04-02 22:44:13.798108+00	4	2	20
\.


--
-- Data for Name: liquidacion_mensual_asesor; Type: TABLE DATA; Schema: public; Owner: jarddigital_db_user
--

COPY public.liquidacion_mensual_asesor (id, mes, anio, total_instaladas_mes, sueldo_base_calculado, monto_comisiones_pagado, monto_descuento_inasistencias, monto_final_pago, fecha_calculo, id_bolsa_pagada, id_usuario) FROM stdin;
\.


--
-- Data for Name: modalidades; Type: TABLE DATA; Schema: public; Owner: jarddigital_db_user
--

COPY public.modalidades (id, nombre, activo) FROM stdin;
1	CALL CENTER	t
2	CAMPO	t
\.


--
-- Data for Name: modalidades_sede; Type: TABLE DATA; Schema: public; Owner: jarddigital_db_user
--

COPY public.modalidades_sede (id, activo, id_modalidad, id_sucursal) FROM stdin;
3	t	2	2
4	t	1	2
5	t	1	1
\.


--
-- Data for Name: perfiles_laborales; Type: TABLE DATA; Schema: public; Owner: jarddigital_db_user
--

COPY public.perfiles_laborales (id, sueldo_base_part_time, fecha_inicio_contrato, id_usuario) FROM stdin;
\.


--
-- Data for Name: permisos_acceso; Type: TABLE DATA; Schema: public; Owner: jarddigital_db_user
--

COPY public.permisos_acceso (id, id_modalidad_sede, id_usuario) FROM stdin;
39	3	19
42	4	4
43	3	4
44	5	4
45	4	7
46	4	12
47	4	11
48	4	13
49	4	10
50	4	5
51	4	14
52	4	8
53	4	2
54	4	9
58	4	15
61	3	21
62	4	3
63	5	3
64	4	16
65	3	18
66	4	17
70	4	6
71	3	20
72	3	22
73	4	22
74	5	22
76	3	23
77	3	24
\.


--
-- Data for Name: productos; Type: TABLE DATA; Schema: public; Owner: jarddigital_db_user
--

COPY public.productos (id, es_alto_valor, costo_fijo_plan, comision_base, fecha_inicio_vigencia, fecha_fin_vigencia, activo, nombre_campana, nombre_paquete, tipo_solucion) FROM stdin;
4	f	110.00	13.00	2026-03-19	\N	f	FTTH REGULAR PRO	500 MB	1 PLAY
3	f	94.00	23.50	2026-03-07	\N	f	FTTH RELAMPAGO	300 MB TELEFONIA 5000	2 PLAY
5	f	94.00	25.00	2026-03-21	\N	t	HFC OFERTA RELAMPAGO	400 MB TELEFONIA 5000	2 PLAY
1	f	94.00	30.00	2026-03-07	\N	t	FTTH OFERTA RELAMPAGO	400 MB TELEFONIA 5000	2 PLAY
2	t	170.00	60.00	2026-03-07	\N	t	FTTH OFERTA REGULAR	400 MB CLARO TV ESTANDAR PRO	2 PLAY
7	f	110.00	35.00	2026-03-27	\N	t	HFC REGULAR PRO	500 MB	1 PLAY
8	f	110.00	35.00	2026-03-27	\N	t	FTTH REGULAR PRO	500 MB	1 PLAY
9	f	115.00	35.00	2026-03-27	\N	t	FTTH REGULAR PRO	500 MB TELEFONIA 5000	2 PLAY
10	f	115.00	35.00	2026-03-27	\N	t	HFC REGULAR PRO	500 MB TELEFONIA 5000	2 PLAY
11	t	175.00	52.00	2026-03-30	\N	t	FTTH OFERTA REGULAR	400 MB CLARO TV ESTANDAR PRO 5000	3 PLAY
13	f	69.00	10.00	2026-03-30	\N	t	HFC OFERTA BASICO	200 MB	1 PLAY
12	f	69.00	10.00	2026-03-30	\N	t	FTTH OFERTA BASICO	200 MB	1 PLAY
14	f	89.00	15.00	2026-03-31	\N	t	HFC OFERTA MEDIO	400 MB	1 PLAY
6	t	170.00	22.00	2026-03-21	\N	t	HFC OFERTA REGULAR	400 MB CLARO TV ESTANDAR PRO	2 PLAY
16	f	100.00	10.00	2026-03-31	\N	t	HFC OFERTA GRANDE	850 MB	1 PLAY
17	f	100.00	10.00	2026-03-31	\N	t	FTTH OFERTA GRANDE	850 MB	1 PLAY
18	f	145.00	10.00	2026-03-31	\N	t	HFC OFERTA GRANDE	1000 MB	1 PLAY
19	f	145.00	10.00	2026-03-31	\N	t	FTTH OFERTA GRANDE	1000 MB	1 PLAY
15	f	89.00	10.00	2026-03-31	\N	t	FTTH OFERTA MEDIO	400 MB	1 PLAY
20	f	105.00	30.00	2026-04-01	\N	t	FTTH OFERTA RELAMPAGO	800 MB TELEFONIA 5000	2 PLAY
21	t	225.00	10.00	2026-04-02	\N	t	FTTH SUPERIOR PRO	800 MB TV SUPERIOR PRO	2 PLAY
22	t	225.00	10.00	2026-04-02	\N	t	HFC SUPERIOR PRO	800 MB TV SUPERIOR PRO	2 PLAY
24	t	230.00	10.00	2026-04-02	\N	t	HFC SUPERIOR PRO	800 MB TV SUPERIOR PRO 5000	3 PLAY
23	t	230.00	10.00	2026-04-02	\N	t	FTTH SUPERIOR PRO	800 MB TV SUPERIOR PRO 5000	3 PLAY
\.


--
-- Data for Name: provincias; Type: TABLE DATA; Schema: public; Owner: jarddigital_db_user
--

COPY public.provincias (id, codigo_ubigeo, nombre, id_departamento_id) FROM stdin;
2	101	CHACHAPOYAS	2
3	102	BAGUA	2
4	103	BONGARA	2
5	104	CONDORCANQUI	2
6	105	LUYA	2
7	106	RODRIGUEZ DE MENDOZA	2
8	107	UTCUBAMBA	2
9	201	HUARAZ	3
10	202	AIJA	3
11	203	ANTONIO RAYMONDI	3
12	204	ASUNCION	3
13	205	BOLOGNESI	3
14	206	CARHUAZ	3
15	207	CARLOS FERMIN FITZCARRALD	3
16	208	CASMA	3
17	209	CORONGO	3
18	210	HUARI	3
19	211	HUARMEY	3
20	212	HUAYLAS	3
21	213	MARISCAL LUZURIAGA	3
22	214	OCROS	3
23	215	PALLASCA	3
24	216	POMABAMBA	3
25	217	RECUAY	3
26	218	SANTA	3
27	219	SIHUAS	3
28	220	YUNGAY	3
29	301	ABANCAY	4
30	302	ANDAHUAYLAS	4
31	303	ANTABAMBA	4
32	304	AYMARAES	4
33	305	COTABAMBAS	4
34	306	CHINCHEROS	4
35	307	GRAU	4
36	401	AREQUIPA	5
37	402	CAMANA	5
38	403	CARAVELI	5
39	404	CASTILLA	5
40	405	CAYLLOMA	5
41	406	CONDESUYOS	5
42	407	ISLAY	5
43	408	LA UNION	5
44	501	HUAMANGA	6
45	502	CANGALLO	6
46	503	HUANCA SANCOS	6
47	504	HUANTA	6
48	505	LA MAR	6
49	506	LUCANAS	6
50	507	PARINACOCHAS	6
51	508	PAUCAR DEL SARA SARA	6
52	509	SUCRE	6
53	510	VICTOR FAJARDO	6
54	511	VILCAS HUAMAN	6
55	601	CAJAMARCA	7
56	602	CAJABAMBA	7
57	603	CELENDIN	7
58	604	CHOTA	7
59	605	CONTUMAZA	7
60	606	CUTERVO	7
61	607	HUALGAYOC	7
62	608	JAEN	7
63	609	SAN IGNACIO	7
64	610	SAN MARCOS	7
65	611	SAN MIGUEL	7
66	612	SAN PABLO	7
67	613	SANTA CRUZ	7
68	701	CALLAO	8
69	801	CUSCO	9
70	802	ACOMAYO	9
71	803	ANTA	9
72	804	CALCA	9
73	805	CANAS	9
74	806	CANCHIS	9
75	807	CHUMBIVILCAS	9
76	808	ESPINAR	9
77	809	LA CONVENCION	9
78	810	PARURO	9
79	811	PAUCARTAMBO	9
80	812	QUISPICANCHI	9
81	813	URUBAMBA	9
82	901	HUANCAVELICA	10
83	902	ACOBAMBA	10
84	903	ANGARAES	10
85	904	CASTROVIRREYNA	10
86	905	CHURCAMPA	10
87	906	HUAYTARA	10
88	907	TAYACAJA	10
89	1001	HUANUCO	11
90	1002	AMBO	11
91	1003	DOS DE MAYO	11
92	1004	HUACAYBAMBA	11
93	1005	HUAMALIES	11
94	1006	LEONCIO PRADO	11
95	1007	MARAÑON	11
96	1008	PACHITEA	11
97	1009	PUERTO INCA	11
98	1010	LAURICOCHA	11
99	1011	YAROWILCA	11
100	1101	ICA	12
101	1102	CHINCHA	12
102	1103	NASCA	12
103	1104	PALPA	12
104	1105	PISCO	12
105	1201	HUANCAYO	13
106	1202	CONCEPCION	13
107	1203	CHANCHAMAYO	13
108	1204	JAUJA	13
109	1205	JUNIN	13
110	1206	SATIPO	13
111	1207	TARMA	13
112	1208	YAULI	13
113	1209	CHUPACA	13
114	1301	TRUJILLO	14
115	1302	ASCOPE	14
116	1303	BOLIVAR	14
117	1304	CHEPEN	14
118	1305	JULCAN	14
119	1306	OTUZCO	14
120	1307	PACASMAYO	14
121	1308	PATAZ	14
122	1309	SANCHEZ CARRION	14
123	1310	SANTIAGO DE CHUCO	14
124	1311	GRAN CHIMU	14
125	1312	VIRU	14
126	1401	CHICLAYO	15
127	1402	FERREÑAFE	15
128	1403	LAMBAYEQUE	15
129	1501	LIMA	16
130	1502	BARRANCA	16
131	1503	CAJATAMBO	16
132	1504	CANTA	16
133	1505	CAÑETE	16
134	1506	HUARAL	16
135	1507	HUAROCHIRI	16
136	1508	HUAURA	16
137	1509	OYON	16
138	1510	YAUYOS	16
139	1601	MAYNAS	17
140	1602	ALTO AMAZONAS	17
141	1603	LORETO	17
142	1604	MARISCAL RAMON CASTILLA	17
143	1605	REQUENA	17
144	1606	UCAYALI	17
145	1607	DATEM DEL MARAÑON	17
146	1608	PUTUMAYO	17
147	1701	TAMBOPATA	18
148	1702	MANU	18
149	1703	TAHUAMANU	18
150	1801	MARISCAL NIETO	19
151	1802	GENERAL SANCHEZ CERRO	19
152	1803	ILO	19
153	1901	PASCO	20
154	1902	DANIEL ALCIDES CARRION	20
155	1903	OXAPAMPA	20
156	2001	PIURA	21
157	2002	AYABACA	21
158	2003	HUANCABAMBA	21
159	2004	MORROPON	21
160	2005	PAITA	21
161	2006	SULLANA	21
162	2007	TALARA	21
163	2008	SECHURA	21
164	2101	PUNO	22
165	2102	AZANGARO	22
166	2103	CARABAYA	22
167	2104	CHUCUITO	22
168	2105	EL COLLAO	22
169	2106	HUANCANE	22
170	2107	LAMPA	22
171	2108	MELGAR	22
172	2109	MOHO	22
173	2110	SAN ANTONIO DE PUTINA	22
174	2111	SAN ROMAN	22
175	2112	SANDIA	22
176	2113	YUNGUYO	22
177	2201	MOYOBAMBA	23
178	2202	BELLAVISTA	23
179	2203	EL DORADO	23
180	2204	HUALLAGA	23
181	2205	LAMAS	23
182	2206	MARISCAL CACERES	23
183	2207	PICOTA	23
184	2208	RIOJA	23
185	2209	SAN MARTIN	23
186	2210	TOCACHE	23
187	2301	TACNA	24
188	2302	CANDARAVE	24
189	2303	JORGE BASADRE	24
190	2304	TARATA	24
191	2401	TUMBES	25
192	2402	CONTRALMIRANTE VILLAR	25
193	2403	ZARUMILLA	25
194	2501	CORONEL PORTILLO	26
195	2502	ATALAYA	26
196	2503	PADRE ABAD	26
197	2504	PURUS	26
\.


--
-- Data for Name: reglas_rendimiento_mensual; Type: TABLE DATA; Schema: public; Owner: jarddigital_db_user
--

COPY public.reglas_rendimiento_mensual (id, nombre, anio, mes, min_instaladas, max_instaladas, activa_sueldo_ft, monto_sueldo_ft, factor_comision_futura, activo) FROM stdin;
\.


--
-- Data for Name: roles_sistema; Type: TABLE DATA; Schema: public; Owner: jarddigital_db_user
--

COPY public.roles_sistema (id, codigo, nombre, descripcion, nivel_jerarquia, activo) FROM stdin;
1	DUENO	Dueño	Acceso total	1	t
2	SUPERVISOR	Supervisor	Gestiona sede	2	t
3	RRHH	Recursos Humanos	Asistencias	2	t
4	BACKOFFICE	BackOffice	Liquidador	3	t
5	ASESOR	Asesor	Ventas	4	t
6	COORDINADOR	Coordinador	Acceso global y edición de todas las ventas	2	t
\.


--
-- Data for Name: seguimiento; Type: TABLE DATA; Schema: public; Owner: jarddigital_db_user
--

COPY public.seguimiento (id, codigo_pago, ciclo_facturacion, fecha_inicio, activo, id_venta) FROM stdin;
\.


--
-- Data for Name: seguimiento_mensual; Type: TABLE DATA; Schema: public; Owner: jarddigital_db_user
--

COPY public.seguimiento_mensual (id, mes_numero, pago_cliente_realizado, fecha_validacion_pago, observacion, activo, id_seguimiento) FROM stdin;
\.


--
-- Data for Name: sub_estados_sot; Type: TABLE DATA; Schema: public; Owner: jarddigital_db_user
--

COPY public.sub_estados_sot (id, nombre, color_hex, requiere_nueva_fecha, activo) FROM stdin;
1	Reagendado por cliente	#e67e22	t	t
2	Reagendado por claro	#9b59b6	t	t
\.


--
-- Data for Name: sucursales; Type: TABLE DATA; Schema: public; Owner: jarddigital_db_user
--

COPY public.sucursales (id, nombre, direccion, activo, creado_en) FROM stdin;
2	JLO (Chiclayo)	Roosevelt 1859, José Leonardo Ortiz	t	2026-03-07 13:37:29.079271+00
1	CHICLAYO (Chiclayo)	Roosevelt 1859, José Leonardo Ortiz	t	2026-03-07 13:37:28.607002+00
\.


--
-- Data for Name: supervisor_asignacion; Type: TABLE DATA; Schema: public; Owner: jarddigital_db_user
--

COPY public.supervisor_asignacion (id, fecha_inicio, fecha_fin, activo, id_modalidad_sede, id_supervisor) FROM stdin;
1	2026-03-08	\N	t	4	3
2	2026-03-08	\N	t	4	3
3	2026-03-08	\N	t	3	3
4	2026-03-08	\N	t	5	3
5	2026-03-28	\N	t	4	3
6	2026-03-28	\N	t	3	3
7	2026-03-28	\N	t	5	3
8	2026-03-28	\N	t	4	3
9	2026-03-28	\N	t	5	3
10	2026-03-28	\N	t	3	21
11	2026-03-28	\N	t	4	3
12	2026-03-28	\N	t	5	3
\.


--
-- Data for Name: tipos_documento; Type: TABLE DATA; Schema: public; Owner: jarddigital_db_user
--

COPY public.tipos_documento (id, codigo, nombre, longitud_exacta, regex_validacion, activo) FROM stdin;
1	DNI	Documento Nacional de Identidad	8	\N	t
2	CE	Carné de Extranjería	9	\N	t
3	RUC	Registro Único de Contribuyentes	11	\N	t
\.


--
-- Data for Name: usuarios; Type: TABLE DATA; Schema: public; Owner: jarddigital_db_user
--

COPY public.usuarios (id, password, last_login, is_superuser, username, first_name, last_name, email, is_staff, is_active, date_joined, nombre_completo, activo, creado_en, id_rol, celular, fecha_nacimiento) FROM stdin;
5	pbkdf2_sha256$1200000$WeB1ynnAMrOxYJXPjHltSg$Eq+aciHfDSVhSliCu265evjnDCwU4EUF/1yeTjCn1aQ=	\N	f	carlosb			carlosb@jarddigital.com	f	t	2026-03-08 03:06:08.228859+00	Carlos Barrantes	t	2026-03-08 03:06:10.535179+00	5	926667079	\N
1	pbkdf2_sha256$1200000$qPFZsOEUEYP2jTkB0SFHm4$gTBMucGeanu7y8a11tDUH7Ea2rGEGEX31SP1uW4xOsM=	\N	t	admin	Admin	Super	admin@prueba.com	t	t	2026-03-07 13:42:10.225976+00	Super Admin	t	2026-03-07 13:42:10.913995+00	1	\N	\N
17	pbkdf2_sha256$1200000$P532u4U4XLgG7u5iD0NEDx$nkT3EFV6xvb/iZ8OU5pD9rZ+pXfD9XSMkXKhwdh26ZI=	\N	f	drojas			dayana@gmail.com	f	t	2026-03-25 21:03:34.777312+00	Dayana Rojas Solis	t	2026-03-25 21:03:37.714811+00	5	910334352	\N
19	pbkdf2_sha256$1200000$FTlGDCrH3rw9U879PLxJmG$i7GSIzqMM67M+65zzJONkYyAAp5JE4e8TVr0EUn9IHw=	\N	f	fmorales			fmorales@gmail.com	f	t	2026-03-27 17:41:02.649923+00	FIORELA MORALES	t	2026-03-27 17:41:05.843211+00	5	\N	\N
14	pbkdf2_sha256$1200000$uDmrzhSllpxe1z6A5SnPh6$2WwKAxAQnmfym13l0PUrlEo1Da9V0BZW83h4eXujqJY=	\N	f	nadiam			nadiam@jard.com	f	t	2026-03-25 20:47:18.862949+00	Nadia Muncibay	t	2026-03-25 20:47:21.315342+00	5	922794269	\N
6	pbkdf2_sha256$1200000$ERMKqep4aW4uOjlF7ekaHn$MY2bNvomxxLQ3L+PnI/uDcwPPTv0NCayr4VUgkrd8F0=	\N	f	alejop			alejo@jardigital.com	f	t	2026-03-21 05:32:45.511728+00	Alejandro Prueba	t	2026-03-21 05:32:48.11769+00	5	926667079	\N
8	pbkdf2_sha256$1200000$s5IUwHxlBT2XJQ0b4t77Rs$uUwXTCAWEIpD5JlclxTwXCBEMjMmsQ8Du+gXhJEYDSI=	\N	f	eeffioc			eeffioc@gmail.com	f	t	2026-03-23 15:26:56.632638+00	EVELYN EFFIO	t	2026-03-23 15:26:59.136483+00	5	970416092	\N
4	pbkdf2_sha256$1200000$OsMGPJr7F16dsxz3cuynV0$v7vLRg1s8NeL3jdqVCEDw612b+yAA1THKMkqDCOABP4=	\N	f	yvegav			a@jarddigital.com	f	t	2026-03-08 02:27:07.428888+00	Yadira Vega Vasquez	t	2026-03-08 02:27:10.347845+00	4	977796569	\N
7	pbkdf2_sha256$1200000$LXLqtoBHCfMj8XBaTYFXOe$Ve6zh5Jp6Bbl5+xHpBHQHec5fNqVfmZEkCc+jaOMZRw=	\N	f	avalladares			avalladares@gmail.com	f	t	2026-03-21 18:47:41.610164+00	Antonio Valladares	t	2026-03-21 18:47:44.842782+00	5	912529457	\N
12	pbkdf2_sha256$1200000$9wCrcgjRaTAROOqMUHFr74$j8ceUptoP9vGSOpaVlfBVGuqP1q3C9XxD0XO+2gkH1k=	\N	f	brigithc			brigithc@jard.com	f	t	2026-03-25 20:45:29.677365+00	Brigith Casas	t	2026-03-25 20:45:32.113486+00	5	902389378	\N
11	pbkdf2_sha256$1200000$H9TiGI5ISmZyM3zLBZ6v9b$FWbi0kczTKlx9M8FwLcvElE4lK18fJmoewGaq2shmV4=	\N	f	marianar			marianar@jard.com	f	t	2026-03-25 20:43:45.859902+00	Mariana Ruiz	t	2026-03-25 20:43:48.310964+00	5	972225212	\N
13	pbkdf2_sha256$1200000$wqICpMlnow2jjMNeusi32s$S8KVRRE+0zDQeYjffkyjo5LWMFZbG06auBe3C7zhPx8=	\N	f	stephanyt			stephanyt@jard.com	f	t	2026-03-25 20:46:13.959734+00	Stephany Torres	t	2026-03-25 20:46:16.216552+00	5	973084256	\N
10	pbkdf2_sha256$1200000$5gqntmeEcTYlIrduzx6C40$gw9h7DoWD5zy7LKA0xjIQQXVrGgSH8xHDsKJewKY3sU=	\N	f	jeanethv			jeanethv@jard.com	f	t	2026-03-25 20:42:23.611615+00	Jeaneth Ventura	t	2026-03-25 20:42:26.218899+00	5	924821156	\N
2	pbkdf2_sha256$1200000$k3ZqDCVN17In6dmET8aXnS$96o4ExrNrgb8eCZ5UsQi1G4rYNWAG9MsLN/SAtaAFxI=	\N	f	hordonezs			a@jarddigital.com	f	t	2026-03-08 02:24:28.941916+00	Héctor Ordoñez Sanchez	t	2026-03-08 02:24:31.536099+00	5	908755432	\N
9	pbkdf2_sha256$1200000$gQ6a3rEqz4LyQvwRbVsDK3$bJPL372xDs93ghpkK0NFzghEYRku9O5H5VK0B6LcLyM=	\N	f	mbravos			mbravos@gmail.com	f	t	2026-03-23 15:29:02.609844+00	Merly Bravo	t	2026-03-23 15:29:05.121684+00	5	952081064	\N
20	pbkdf2_sha256$1200000$4vh1Sj1VOVkTVafVxuCUcq$D6sia0W2Lv29oV6qDb+EIYCAQnQpOHTXn9qjeMHQ4FM=	\N	f	rgarboza			rgarboza@gmail.com	f	t	2026-03-27 17:41:56.677408+00	ROMMY GARBOZA	t	2026-03-27 17:41:59.838339+00	5	955348150	\N
15	pbkdf2_sha256$1200000$17cBB17djt2f7783kNTtH9$fpeQZyezbos6ssOAoYNXCQUxmzr3xlBwc5VrsRRRo3o=	\N	f	fgastulo			fgastulo@gmail.com	f	t	2026-03-25 20:59:39.310885+00	Franco Gastulo	t	2026-03-25 20:59:41.710403+00	5	957977658	\N
22	pbkdf2_sha256$1200000$IPLDzNtJir1atj9KwYvzlr$RVL5nVKgnxaJQ2AR1bvjKCZy1NkwTceqSZBt4WVFTis=	\N	f	coronadoc			coronadoc@gmail.com	f	t	2026-04-02 14:00:07.302981+00	Deyvi Coronado	t	2026-04-02 14:00:10.193867+00	6	915184739	\N
21	pbkdf2_sha256$1200000$4eYHFOB88q71d29Y7wow4i$u80PZSbL2CtjBDLXJnzs78X7tlYqIPggfAE08DYCuNs=	\N	f	ycapunay			milagroscapunay.87@gmail.com	f	t	2026-03-28 15:49:43.90138+00	Yenny milagros capuñay salazar	t	2026-03-28 15:49:46.88087+00	2	935423564	\N
3	pbkdf2_sha256$1200000$qEPp4VnAPx6Q6hoBL4bNBC$H2nhyq4me9IvH2zv9VeFdyWG7JbcgHBdXP3zHg9rNGY=	\N	f	decoronado			supervisor@jarddigital.com	f	t	2026-03-08 02:26:03.891477+00	Deivy Coronado Yajahuanca	t	2026-03-08 02:26:06.747458+00	2	915184739	\N
16	pbkdf2_sha256$1200000$AynPGFR0s2Jc0UQkn7fhga$+YS1l1Ll+mocJ/uilVC72Nyc0AK6zprnx0TSKcogxeQ=	\N	f	aperez			aperez@gmail.com	f	t	2026-03-25 21:00:14.990092+00	Ariana Perez	t	2026-03-25 21:00:17.41239+00	5	953945642	\N
18	pbkdf2_sha256$1200000$lN8eoYoKZ8DiObaquIK4ce$SKcQz00G+M0WS5Av5hvO2jbk6XjpKXyQkNlEe/GVbuE=	\N	f	haroldr			haroldr@jard.com	f	t	2026-03-26 14:33:02.4875+00	Harold Romero	t	2026-03-26 14:33:05.140764+00	5	910279703	\N
23	pbkdf2_sha256$1200000$9aRtSAy5MzRhdBZjQv48Bi$tSsTX+XPzNLm6h3TBeBjnnUX+Xe6MkxHpcPrm4JzGxU=	\N	f	gvalenzuela			gvalenzuela@gmail.com	f	t	2026-04-02 18:15:50.645184+00	GONZALO VALENZUELA	t	2026-04-02 18:15:52.996577+00	5	947753946	\N
24	pbkdf2_sha256$1200000$8ZMZDru9PpZbG5yW4ONuur$g6JWSdNEfPX0/Y0MfJZBapwSwARzO0K4QTIGJhk+Yg8=	\N	f	gladisc			gladisc@gmail.com	f	t	2026-04-02 19:37:21.264409+00	Gladis Cubas Luna	t	2026-04-02 19:37:23.590744+00	5	900593081	\N
\.


--
-- Data for Name: usuarios_groups; Type: TABLE DATA; Schema: public; Owner: jarddigital_db_user
--

COPY public.usuarios_groups (id, usuario_id, group_id) FROM stdin;
\.


--
-- Data for Name: usuarios_user_permissions; Type: TABLE DATA; Schema: public; Owner: jarddigital_db_user
--

COPY public.usuarios_user_permissions (id, usuario_id, permission_id) FROM stdin;
\.


--
-- Data for Name: ventas; Type: TABLE DATA; Schema: public; Owner: jarddigital_db_user
--

COPY public.ventas (id, tecnologia, cliente_numero_doc, cliente_nombre, cliente_telefono, cliente_email, direccion_detalle, coordenadas_gps, es_full_claro, score_crediticio, codigo_sec, codigo_sot, fecha_venta, fecha_visita_programada, bloque_horario, fecha_real_inst, fecha_rechazo, comentario_gestion, audio_subido, fecha_subida_audios, fecha_revision_audios, observacion_audios, fecha_creacion, fecha_modificacion, activo, id_asesor, id_distrito_instalacion, id_distrito_nacimiento, id_estado_audios, id_estado_sot, id_grabador_audios, id_origen_venta, id_producto, id_sub_estado_sot, id_supervisor_vigente, id_tipo_documento, usuario_creacion, usuario_modificacion, usuario_revision_audios, cliente_fecha_nacimiento, cliente_mama, cliente_papa, numero_instalacion, plano, referencias, representante_legal_dni, representante_legal_nombre, solicitud_correccion, tipo_venta, cant_decos_adicionales, cant_repetidores_adicionales, venta_origen, nombre_grabador_externo, cliente_genero, permitir_reingreso) FROM stdin;
72	FTTH	40953801	María Ana suxe villareal	928105847	Badarsteban2@gmail.com	Cpm villa los ángeles mz c lt 1	-6.752375, -79.819379	f	3	102551509	86118456	2026-04-02 22:02:33.408866+00	2026-04-03	4:00 - 6:00 / (PM2)	\N	\N	\N	t	2026-04-02 22:16:07.095529+00	2026-04-02 22:16:07.095539+00	\N	2026-04-02 21:04:07.107169+00	2026-04-02 22:16:07.095829+00	t	20	1261	686	1	2	21	3	14	\N	10	1	20	4	4	1981-07-11 05:00:00+00	Rosalía	Amaranto	928105847	LBLO050-F	Al costado del colegio miguel ángel buonarroti	\N	\N	f	MASIVO	0	1	\N	\N	FEMENINO	f
60	FTTH	47083978	ANALI SUAREZ CAMPOS	995043948	SUAREZCAMPOS20178@GMAIL.COM	CPM VILLA HERMOSA MZ. N2 LOTE 18A	-6.7520565,-79.819864828	f	2	\N	\N	\N	\N	\N	\N	\N	CL CON COSTO DE INSTALACION, CAMBIAR TITULAR	f	\N	\N	\N	2026-04-01 18:27:18.536262+00	2026-04-01 19:03:59.494228+00	t	18	1261	1308	2	\N	\N	3	1	\N	10	1	18	4	\N	1991-06-27 05:00:00+00	VALERIA	LINO	995043948	LBLO051-F	CALLE LOS CHIRIMOYOS AL FRENTE DEL COLEGIO BUONARROTI	\N	\N	t	MASIVO	0	1	\N	\N	FEMENINO	f
46	HFC	46855275	GROVER MILTON  MAMANI CCALLE	970 367 032	grover.mamani.ccalle@gmail.com	ASOC.28 DE AGOSTO MZ 386 LT 04 / PISO 1	-17.978479,-70.228859	f	10	102468995	86032477	2026-03-30 20:46:15.689468+00	2026-03-31	9:00 - 11:00 / (AM1)	2026-03-31 05:00:00+00	\N	\N	t	2026-03-30 20:52:38.181244+00	2026-03-30 21:08:44.287571+00	\N	2026-03-30 20:19:06.010056+00	2026-03-31 16:58:31.390413+00	t	12	1836	1694	1	1	6	4	5	\N	11	1	12	4	4	1992-01-06 05:00:00+00	CARMEN	ALFONSO	970 367 032	TCNA062		\N	\N	f	MASIVO	0	0	\N	\N	MASCULINO	f
16	HFC	42364969	VICTORIA OJEDA CARRILLO	990137179	victoriaojedacarrillo@gmail.com	CALLE SANTIAGO DE CHUCO 222 PISO 1 - LIMA LIMA SANTA ANITA	-12.041232,-76.9752	f	6	102399676	85982557	2026-03-27 20:16:44.888966+00	2026-03-31	9:00 - 11:00 / (AM1)	2026-03-31 05:00:00+00	2026-03-30 05:00:00+00	\N	t	2026-03-27 20:27:28.493758+00	2026-03-27 20:34:08.146273+00	\N	2026-03-27 19:55:11.814433+00	2026-03-31 15:53:23.201553+00	t	11	1331	1295	1	1	11	4	5	\N	1	1	11	4	4	1984-04-28 05:00:00+00	ENCARNACION	ELADIO	990137179	LMSA005		\N	\N	f	MASIVO	0	0	\N	\N	FEMENINO	f
20	HFC	72737475	LUIS ENRIQUE NIMBOMA SANCHEZ	976 010 001	MIGA0269@GMAIL.COM	JR SAN LUIS MZ H LT 2 BARRIO MOLLEPAMPA - PISO 2	-7.183555468577951, -78.49936032761802	f	8	102416411	85996430	2026-03-28 16:06:31.484076+00	2026-04-03	2:00 - 4:00 / (PM1)	\N	\N	REAG POR CLARO	t	2026-03-28 16:12:04.283487+00	2026-03-28 16:56:23.18945+00	\N	2026-03-27 22:10:16.481755+00	2026-04-02 22:44:13.781143+00	t	15	570	570	1	2	15	4	5	2	1	1	15	4	4	1995-03-23 05:00:00+00	ANA	LUIS	976 010 001	CJCJ044	ENTRE LA CALLE CÁCERES Y LA JR SAN LUIS	\N	\N	f	MASIVO	0	0	\N	\N	MASCULINO	f
1	FTTH	10415275	HAYDEE ELBA LAUREANO HILARIO	969 607 633	pol.f.p.p@hotmail.com	AV METROPOLITANA MZ A LT 4 PISO 2 URBANIZACION BENJAMIN DOUG	-12.036108, -76.95005	t	10	102345860	85931422	2026-03-25 22:09:43.989128+00	2026-04-02	9:00 - 11:00 / (AM1)	\N	2026-03-29 05:00:00+00	FRANJA : 02.04 AM1\nOBS: CLIENTE CONFIRMA VISITA	t	2026-03-25 22:09:43.989109+00	2026-03-25 22:09:43.989124+00	\N	2026-03-25 22:03:15.114312+00	2026-04-01 22:47:13.332037+00	t	7	1331	1348	1	2	10	4	2	1	1	1	7	4	4	1963-07-04 05:00:00+00	EDILBERTA	ANACLETO	969 607 633	LMSA058-F	-	\N	\N	f	MASIVO	0	1	\N	\N	FEMENINO	f
2	FTTH	27830713	TEODORO RUIZ SILVA	908020253	frankyramos576@gmail.com	PROLONGACION ARICA 2790 PISO 1	-6.766483, -79.820954	f	5	102357507	85944909	2026-03-26 15:25:44.08712+00	2026-03-30	4:00 - 6:00 / (PM2)	2026-03-31 05:00:00+00	2026-03-27 05:00:00+00	\N	t	2026-03-26 15:25:44.087104+00	2026-03-26 15:36:29.182411+00	\N	2026-03-25 23:06:07.984238+00	2026-04-01 14:32:58.844655+00	t	14	1257	598	1	1	2	4	2	\N	1	1	14	4	4	1940-09-30 05:00:00+00	GRIMALDINA	GRIMANIEL	908020253	LBCH056-F		\N	\N	f	MASIVO	0	1	\N	\N	MASCULINO	f
15	FTTH	16542260	SOFIA MERCEDES CAJO QUEVEDO	929 157 813	torogarciacielolizet@gmail.com	AVENIDA Venezuela 1640 PISO 1 - LAMBAYEQUE CHICLAYO JOSE LEONARDO ORTIZ	-6.754638, -79.839966	f	7	102399803	85982982	2026-03-27 20:37:20.175119+00	2026-03-28	11:00 - 1:00 / (AM2)	2026-03-28 05:00:00+00	\N	\N	t	2026-03-27 20:40:52.582124+00	2026-03-27 20:47:09.07398+00	\N	2026-03-27 19:52:53.007901+00	2026-03-30 14:14:07.368175+00	t	13	1261	649	1	1	14	4	1	\N	1	1	13	4	4	1962-03-24 05:00:00+00	SOFIA	HERADIO	929 157 813	LBLO012-F		\N	\N	f	MASIVO	0	1	\N	\N	FEMENINO	f
6	FTTH	10713111321	MAMANI VALENTIN JAVIER	999241215	jmamanivalentin@gmail.com	URBANIZACION LA COLINA MZ G LT 18 PISO 3 - AREQUIPA CAYLLOMA MAJES	-16.339991, -72.174381	f	7	102372148	85951511	2026-03-26 21:03:02.591199+00	2026-03-27	2:00 - 4:00 / (PM1)	\N	2026-03-27 05:00:00+00	CONTROL DE IRREGULARIDADES, FRAUDE	t	2026-03-26 21:10:42.678304+00	2026-03-26 21:25:44.88597+00	\N	2026-03-26 19:53:23.036607+00	2026-03-27 19:32:23.691492+00	t	5	420	337	1	3	4	4	2	\N	1	3	5	4	4	1993-01-29 05:00:00+00	CARMEN	MANUEL	999241215	AQMJ011-F	AL FRENTE DEL COLEGIO SANTA TERESA DE LISIEUX	71311132	MAMANI VALENTIN JAVIER	f	CORPORATIVO	2	1	\N	\N	MASCULINO	f
4	FTTH	76863634	CARLOS ARTEMIO VILLANUEVA GRANDA	916881537	PILARGRANDAGUTIERREZ@GMAIL.COM	CPM VIRGEN DEL CARMEN DEL FATIMA MZ E LT 24 PISO 1	-6.779946, -79.885585	f	SCORE 5	102377037	85952911	2026-03-26 22:16:59.906133+00	2026-03-27	11:00 - 1:00 / (AM2)	\N	2026-03-27 05:00:00+00	AUDIO SUBIDO VARIAS VECES	t	2026-03-27 14:28:13.69527+00	2026-03-27 18:20:04.88427+00	\N	2026-03-26 18:09:08.599127+00	2026-03-27 19:40:42.082435+00	t	18	1268	1257	1	3	1	3	1	\N	3	1	18	4	4	1998-07-06 05:00:00+00	CARMEN DEL PILAR	JOSÉ ORLANDO	916881537	LBPI011-F	A UNA CUADRA FRENTE DE LA CAPILLA VIRGEN MARÍA DEL MONTE CARMELO	\N	\N	f	MASIVO	0	1	\N	JESUS PERALTA	MASCULINO	t
21	FTTH	71123601	RONAL IRVIN FUENTES CARRANZA	908010983	ronalf80@yahoo.com	Pueblo joven villa el sol Mochicas Mz c lt16 PISO 2  - LAMBAYEQUE CHICLAYO JOSE LEONARDO ORTIZ	-6.747127, -79.840511	t	8	102405778	85986664	2026-03-27 22:41:03.97793+00	2026-03-29	9:00 - 11:00 / (AM1)	2026-03-29 05:00:00+00	\N	\N	t	2026-03-27 22:41:03.977919+00	2026-03-28 13:50:21.087042+00	\N	2026-03-27 22:30:37.774323+00	2026-03-30 14:21:27.880365+00	t	14	1261	1261	1	1	2	4	1	\N	1	1	14	4	4	1993-09-22 05:00:00+00	edita	jorge	908010983	LBLO039-F		\N	\N	f	MASIVO	0	1	\N	\N	MASCULINO	f
10	FTTH	23013347	WALTER NOMBERTO CHUNGA BLANCO	994 886 331	walterchb123@hotmail.com	C.P.M LA PERLA DEL PACIFICO MZ I LT 16	-6.77958, - 79.88929	f	SCORE 10	102387886	85976090	2026-03-27 15:33:51.97107+00	2026-03-28	2:00 - 4:00 / (PM1)	2026-03-28 05:00:00+00	\N	ATENDIDA	t	2026-03-27 16:11:57.338995+00	2026-03-27 18:00:15.589189+00	\N	2026-03-27 15:05:36.448317+00	2026-03-28 17:54:32.49258+00	t	18	1268	1286	1	1	1	3	2	\N	3	1	18	4	4	1976-04-14 05:00:00+00	LINDAURA	JOSE ABRAHAM	994 886 331	LBPI010-F	A espaldas del colegio Montessori	\N	\N	f	MASIVO	1	1	\N	Miguel peralta	MASCULINO	f
27	FTTH	43478551	ANITA JIMENEZ CERVANTEZ	905754493	DOCTORAGESTORA@GMAIL.COM	JESUS DE LA OLIVA 139	-6.747746,-79.836733	f	SCORE 4	102422699	85998636	2026-03-28 18:01:27.986233+00	2026-03-29	11:00 - 1:00 / (AM2)	2026-03-29 05:00:00+00	\N	\N	t	2026-03-28 18:05:52.315208+00	2026-03-28 19:02:27.990284+00	\N	2026-03-28 17:29:06.321238+00	2026-03-30 14:25:02.475621+00	t	18	1261	661	1	1	19	3	8	\N	3	1	18	4	4	1985-01-02 05:00:00+00	BEATRIZ	JUAN	905754493	LBLO038-F	ENTRE ABANCAY Y JESUS DE LA OLIVA	\N	\N	f	MASIVO	0	1	\N	\N	FEMENINO	f
8	FTTH	08740485	ANA MARIA MENDOZA TORRES	945 108 705	mendoza.torres.1110@gmail.com	CALLE JORGE BASADRE GROHMANN 324 URB. EL AMAUTA//PISO 2	-12.161671956, -76.980243216	t	8	102374539	85952585	2026-03-26 21:58:05.379421+00	2026-04-04	9:00 - 11:00 / (AM1)	\N	\N	Cambios en las fechas y franjas de visita solicitados por el cliente	t	2026-03-26 21:58:05.379411+00	2026-03-27 16:07:57.575253+00	\N	2026-03-26 21:05:15.908777+00	2026-03-30 20:09:46.59072+00	t	13	1327	1295	1	2	13	4	1	1	1	1	13	4	4	1960-10-11 05:00:00+00	DINA	JESUS	945 108 705	LMJR172-F		\N	\N	f	MASIVO	0	1	\N	\N	FEMENINO	f
5	FTTH	80188253	RAÚL TSEJEMPO  SARASARA	942186411	REBECASEJEKAN10@GMAIL.COM	CENTRO POBLADO MENOR SAN GERONIMO MZ N1 LT 11 PISO 1 - LAMBAYEQUE CHICLAYO PIMENTEL	-6.778919,-79.888229	f	SCORE 5	102368495	85952266	2026-03-26 21:41:45.017862+00	2026-03-27	2:00 - 4:00 / (PM1)	2026-03-27 05:00:00+00	\N	ATENDIDA	t	2026-03-26 21:41:45.017843+00	2026-03-26 22:20:57.470255+00	\N	2026-03-26 18:25:56.595098+00	2026-03-28 14:09:12.274936+00	t	18	1268	41	1	1	6	3	2	\N	3	1	18	4	4	1976-10-21 05:00:00+00	SARA	RAÚL	942186411	LBPI010-F	ATRÁS DE LA FERRETERÍA DEYSI LIZZETH	\N	\N	f	MASIVO	0	1	\N	\N	MASCULINO	f
17	FTTH	76863634	CARLOS ARTEMIO VILLANUEVA GRANDA	916881537	PILARGRANDAGUTIERREZ@GMAIL.COM	CPM VIRGEN DEL CARMEN DEL FATIMA MZ E LT 24 PISO 1	-6.779946, -79.885585	f	SCORE 5	102401742	85983821	2026-03-27 21:06:57.087968+00	2026-03-31	9:00 - 11:00 / (AM1)	2026-03-31 05:00:00+00	\N	\N	t	2026-03-27 21:06:57.087951+00	2026-03-27 21:27:58.888346+00	\N	2026-03-27 19:56:27.626586+00	2026-03-31 17:01:17.398442+00	t	18	1268	1257	1	1	\N	3	1	\N	3	1	18	4	4	1998-07-06 05:00:00+00	CARMEN DEL PILAR	JOSÉ ORLANDO	916881537	LBPI011-F	A UNA CUADRA FRENTE DE LA CAPILLA VIRGEN MARÍA DEL MONTE CARMELO	\N	\N	f	MASIVO	0	1	4	\N	MASCULINO	f
22	FTTH	10725693	SEGUNDO FACUNDO QUESÑAY ÁNGELES	918494418	cynthia0522zoe@gmail.com	CENTRO POBLADO MENOR VIRGEN DE FATIMA MZ P LT 19 PISO 1 - LAMBAYEQUE CHICLAYO PIMENTEL	-6.781087, -79.886628	t	SCORE 9	102414785	85995134	2026-03-28 14:55:44.184878+00	2026-03-31	9:00 - 11:00 / (AM1)	\N	2026-03-30 05:00:00+00	FRAUDE (CUENTA CON SERVICIO ACTIVO)	t	2026-03-28 15:08:33.904128+00	2026-03-28 15:43:19.48691+00	\N	2026-03-28 13:35:20.262844+00	2026-03-30 15:52:03.30745+00	t	18	1268	1257	1	3	\N	3	2	\N	3	1	18	4	4	1967-10-26 05:00:00+00	MARCELINA	ANDRES	918 494 418	LBPI011-F	FRENTE AL GRIFO LA PRADERA	\N	\N	f	MASIVO	3	1	3	\N	MASCULINO	f
24	FTTH	40886870	JUAN ANTICONA VALDERRAMA	928219958	ANTICONAJUAN089@GMAIL.COM	AV LA UNION 1237 //URB LA INTENDENCIA //1 ER PISO	-8.100765,-79.013756	f	3	102419032	85997268	2026-03-28 16:49:54.912156+00	2026-03-30	11:00 - 1:00 / (AM2)	2026-03-29 05:00:00+00	\N	\N	t	2026-03-28 16:56:34.872142+00	2026-03-28 17:38:44.984358+00	\N	2026-03-28 16:12:36.245476+00	2026-03-30 14:23:57.799909+00	t	8	1173	1238	1	1	3	4	1	\N	1	1	8	4	4	1979-03-18 05:00:00+00	CARMELA	MANUEL	928219958	LLTR025-F	CERCA AL HOSPITAL LAZARTE	\N	\N	f	MASIVO	0	1	\N	\N	MASCULINO	f
34	FTTH	47080627	OMAR GUILLERMO PORTAL DELGADO	986861912	Daresnaider2017@gmail.com	Calle Elías Aguirre 374	-6.771619,-79.841749	f	4	102426567	86000349	2026-03-28 20:45:47.986082+00	2026-03-31	4:00 - 6:00 / (PM2)	\N	\N	NO CONTESTA	t	2026-03-28 20:45:47.986071+00	2026-03-28 20:45:47.98608+00	\N	2026-03-28 20:17:11.915519+00	2026-03-30 14:27:17.285118+00	t	18	1257	1257	1	2	\N	3	1	2	3	1	18	4	4	1991-06-29 05:00:00+00	EVA	ANGEL	986861912	CHI050-S	\N	\N	\N	f	MASIVO	0	0	\N	\N	MASCULINO	f
47	FTTH	77271946	FRANSHESKA JACKELINE CAMACHO SANCHEZ	933905844	CAMACHOSANCHEZFRANSHESKA@GMAIL.COM	MZ. P LOTE 22 AAHH PRIMERO DE JUNIO	-6.804594,-79.836952	t	5	102487898	86080458	2026-03-31 19:42:49.790665+00	2026-04-02	9:00 - 11:00 / (AM1)	2026-04-02 05:00:00+00	\N	\N	t	2026-03-31 19:47:09.002159+00	2026-03-31 19:56:37.189871+00	\N	2026-03-31 15:23:39.495942+00	2026-04-02 17:35:32.391544+00	t	18	1262	1257	1	1	21	3	8	\N	10	1	18	4	4	1995-04-07 05:00:00+00	AMERICA	VICTOR	933905844	LBLV006-F	ENTRE PACHACAMAC Y MAYTA CAPAC	\N	\N	f	MASIVO	0	1	\N	\N	FEMENINO	f
54	FTTH	74026041	ANTHONY ALEXANDER DIAZ SANCHEZ	912975365	ANTHONYDIAZ10X@GMAIL.COM	MZ B LT 34 P. J  7 DE JUNIO	-6.8356745, -79.932345204	f	8	102510810	86099334	2026-04-01 15:34:08.914932+00	2026-04-02	2:00 - 4:00 / (PM1)	2026-04-02 05:00:00+00	\N	\N	t	2026-04-01 15:43:04.728285+00	2026-04-01 16:05:38.570628+00	\N	2026-03-31 22:49:33.674099+00	2026-04-02 19:56:17.418251+00	t	18	1268	1268	1	1	1	3	2	\N	10	1	18	4	4	1993-05-28 05:00:00+00	ARMINDA	EULOGIO	912975365	CHPI003-S	ENTRE LA BAYOBAR  Y TUPAC AMARU	\N	\N	f	MASIVO	2	1	49	OMAR PORTAL	MASCULINO	f
19	FTTH	71919575	DIEGO ALEXIS GONZALES RAMIREZ	972 052 384	DIEGO2005P17@gmail.com	CALLE CARABAYA 1110 PISO 1 - LAMBAYEQUE CHICLAYO JOSE LEONARDO ORTIZ	-6.746544,-79.841506	f	SCORE 2	11111111111111111111111111111	1111111111111111111111111	2026-03-27 21:26:18.14042+00	2026-03-27	9:00 - 11:00 / (AM1)	\N	\N	CLIENTE NO CALIFICA, COSTO TE INSTALACION	f	\N	\N	\N	2026-03-27 20:52:24.081746+00	2026-03-27 21:27:07.611454+00	t	19	1261	1261	2	3	3	3	8	\N	3	1	19	4	\N	2005-02-17 05:00:00+00	BLANCA	WALTER	956052047	LBLO039-F	AL FRENTE DEL PARQUE	\N	\N	f	MASIVO	0	1	\N	\N	MASCULINO	f
3	FTTH	10725693	SEGUNDO FACUNDO QUESÑAY ÁNGELES	918494418	cynthia0522zoe@gmail.com	CENTRO POBLADO MENOR VIRGEN DE FATIMA MZ P LT 19 PISO 1 - LAMBAYEQUE CHICLAYO PIMENTEL	-6.781087, -79.886628	t	SCORE 9	102366203	85951840	2026-03-26 21:20:09.193779+00	2026-03-27	2:00 - 4:00 / (PM1)	\N	2026-03-27 05:00:00+00	MALA OFERTA, CL DESEA 3 DECOS	t	2026-03-26 21:20:09.193769+00	2026-03-26 21:34:14.978815+00	\N	2026-03-26 17:28:02.629823+00	2026-03-27 21:43:41.189939+00	t	18	1268	1257	1	3	1	3	2	\N	3	1	18	4	4	1967-10-26 05:00:00+00	MARCELINA	ANDRES	918 494 418	LBPI011-F	FRENTE AL GRIFO LA PRADERA	\N	\N	f	MASIVO	0	1	\N	Miguel Peralta	MASCULINO	t
45	FTTH	18057741	GHINO NORMAN GUTIERREZ COTRINA	948552296	gutierrezcotrinaghino@gmail.com	MZ H 1 LT 23 URB SAN ISIDRO PISO 1	-8.094365,-79.047041	f	8	102467431	86031400	2026-03-30 19:57:21.280172+00	2026-04-01	9:00 - 11:00 / (AM1)	2026-03-31 05:00:00+00	\N	\N	t	2026-03-30 20:05:07.886185+00	2026-03-30 20:07:05.685655+00	\N	2026-03-30 19:13:54.79095+00	2026-03-31 19:08:16.086993+00	t	11	1173	1295	1	1	4	4	1	\N	11	1	11	4	4	1967-10-02 05:00:00+00	COTRINA	PABLO	948552296	LLTR021-F		\N	\N	f	MASIVO	0	1	32	\N	FEMENINO	f
11	FTTH	20612574589	JARD DIGITAL SAC	918832971	GERENCIA@JARDDIGITAL.COM	CALLE ELÍAS AGUIRRE 374 - PISO 3 - OFIC. 304	-6.771619,-79.841749	t	SCORE ( 7)	102402421	85986934	2026-03-27 22:54:02.092106+00	2026-03-30	9:00 - 11:00 / (AM1)	\N	2026-03-27 05:00:00+00	REINGRESAR VENTA CON DNI, (PERSONA NATURAL)	t	2026-03-27 23:01:29.988181+00	2026-03-28 13:52:18.793452+00	\N	2026-03-27 16:40:59.921751+00	2026-03-28 14:46:57.583777+00	t	18	1257	1261	1	3	1	3	1	\N	3	3	18	4	4	1997-03-28 05:00:00+00	JULIA	FRANCISCO	918832971	CHI050-S	ENTRE ELÍAS AGUIRRE Y ALFONSO UGARTE	72385010	RONALDO RENATO MANAY CORONADO	f	CORPORATIVO	0	1	\N	Renato manay	MASCULINO	t
26	FTTH	72385010	RONALDO RENATO MANAY CORONADO	918832971	gerencia@jarddigital.com	CALLE ELÍAS AGUIRRE 374 - PISO 3 - OFIC. 304	-6.771619,-79.841749	t	SCORE ( 7)	102421891	85998039	2026-03-28 17:27:03.710817+00	2026-03-30	11:00 - 1:00 / (AM2)	\N	2026-03-28 05:00:00+00	FRAUDE, SE PUEDE REINGRESAR CON OTRO TITULAR	t	2026-03-28 17:30:30.079716+00	2026-03-28 19:02:34.489514+00	\N	2026-03-28 17:11:28.52295+00	2026-03-28 19:12:09.287997+00	t	18	1257	1261	1	3	\N	3	1	\N	3	1	18	4	4	1997-03-28 05:00:00+00	JULIA	FRANCISCO	918832971	CHI050-S	ENTRE ELÍAS AGUIRRE Y ALFONSO UGARTE	\N	\N	f	MASIVO	0	1	11	\N	MASCULINO	t
28	FTTH	16526853	Mirope Mercedes Alvarado de Mendoza	921458237	alvaradopazmercedes@gmail.com	Ca. Circunvalación 127	-6.747709, -79.83474	f	7	102424119	85999028	2026-03-28 19:01:36.326384+00	2026-03-31	2:00 - 4:00 / (PM1)	\N	2026-04-01 05:00:00+00	CLIENTE NO DESEA EL SERVICIO Sub-motivo rechazo: Mudanza o viaje	t	2026-03-28 19:01:36.326362+00	2026-03-28 19:01:36.32638+00	\N	2026-03-28 18:40:57.625133+00	2026-04-01 16:09:31.590714+00	t	18	1261	1266	1	3	\N	3	8	\N	3	1	18	4	4	1943-07-13 05:00:00+00	Itamar	Maximo	921458237	LBLO001-F	Ca. Circunvalación paralelo a la Av. Chiclayo	\N	\N	f	MASIVO	0	0	\N	\N	FEMENINO	f
12	FTTH	10181673091	ROCIO SILVIA HORNA ARMAS	943 150 001	derossevencos@gmail.com	CALLE JOSE CRESPO Y CASTILLO 1548 PISO 3	-8.082195, -78.997857	t	5	102390815	85978839	2026-03-27 17:19:33.772197+00	2026-03-28	11:00 - 1:00 / (AM2)	2026-03-28 05:00:00+00	\N	\N	t	2026-03-27 17:29:46.023497+00	2026-03-27 18:00:33.225372+00	\N	2026-03-27 16:59:51.226187+00	2026-03-28 21:11:31.781114+00	t	14	1174	1174	1	1	8	4	1	\N	1	3	14	4	4	1976-05-21 05:00:00+00	JUANA	MESIAS	943 150 001	TREP003-S		18167309	HORNA ARMAS ROCIO SILVIA	f	CORPORATIVO	0	3	\N	\N	FEMENINO	f
25	FTTH	77574305	BEATRIZ ESTHER FLORES PASCASIO	904 497 084	juan_matta@outlook.com	CL 54A MZ 64 LT 16 URB AH ARMANDO VILLANUEVA DEL CAMPO - PISO 5	-11.961199, -77.075762	f	4	102421707	85998215	2026-03-28 17:35:11.274567+00	2026-03-30	9:00 - 11:00 / (AM1)	\N	2026-03-28 05:00:00+00	FRAUDE, SE PUEDE REINGRESAR CON OTRO NUMERO DE TELEFONO	t	2026-03-28 17:39:09.076303+00	2026-03-28 18:06:08.583134+00	\N	2026-03-28 17:05:16.713069+00	2026-03-28 19:27:26.175502+00	t	16	1311	1311	1	3	16	4	1	\N	1	1	16	4	4	1998-10-24 05:00:00+00	MARIA	ESTEBAN	904 497 084	LMLO082-S	POR LA AV. PROCERES, AL COSTADO DEL MERCADO	\N	\N	f	MASIVO	0	1	\N	\N	FEMENINO	t
44	FTTH	76964915	JHONY ALAMIRO TORRES VASQUEZ	994787137	JHONNYTORRESVASQUEZ98@GMAIL.COM	Mz A LT 11 AH MIGUEL A. BARTRA GROSSO	-678194,-79.886061	f	2	102466272	86030811	2026-03-30 19:28:23.494109+00	2026-03-31	11:00 - 1:00 / (AM2)	2026-03-31 05:00:00+00	\N	\N	t	2026-03-30 19:34:46.910272+00	2026-03-30 19:58:14.374189+00	\N	2026-03-30 18:04:11.031018+00	2026-04-01 14:28:10.759457+00	t	20	1268	1257	1	1	18	3	12	\N	10	1	20	4	4	2002-01-01 05:00:00+00	MARIA	MARCOS	994787137	LBPI012-F	POR EL GRIFO DE LA PRADERA LLEGANDO A LA POSTA	\N	\N	f	MASIVO	0	0	\N	\N	MASCULINO	f
30	FTTH	46894393	JULIO CESAR FLORES SIFUENTES	927822565	floressifuentes1995@gmail.com	PSJ 12 MZ G28 LT 6 AH BOCANEGRA SC5 // PISO 4	-12.02216064, -77.10124769	f	5	102426838	86000832	2026-03-28 20:29:27.283872+00	2026-03-31	4:00 - 6:00 / (PM2)	\N	2026-04-01 05:00:00+00	FALTA DE CONTACTO	t	2026-03-28 20:43:23.075969+00	2026-03-28 20:43:23.075984+00	\N	2026-03-28 19:28:30.801487+00	2026-04-02 14:09:00.515027+00	t	17	697	1874	1	3	1	4	1	\N	1	1	17	4	4	1991-11-24 05:00:00+00	DOMITILA	JULIO	927822565	LMCA036-S	\N	\N	\N	f	MASIVO	0	1	\N	MEMO	MASCULINO	f
31	HFC	40938492	LIZ ROSEMARY YSIQUE SOTO	981104150	ysiquesotorosemary@gmail.com	JR CARLOS DE LOS HEROS 544 URB CERCADO DE BELLAVISTA PISO 1	-12.06243431,-77.12755775	f	7	102427079	86000552	2026-03-28 20:08:09.585245+00	2026-03-30	9:00 - 11:00 / (AM1)	2026-03-29 05:00:00+00	\N	\N	t	2026-03-28 20:14:56.085552+00	2026-03-28 20:18:46.376933+00	\N	2026-03-28 19:43:01.392971+00	2026-03-30 14:28:21.880031+00	t	11	698	1257	1	1	11	4	5	\N	1	1	11	4	4	1981-06-28 05:00:00+00	MARGARITA	CARLOS	981104150	LMBV004		\N	\N	f	MASIVO	0	0	\N	\N	FEMENINO	f
14	FTTH	72285521	MAMANI GONZALES SUSANA LEONOR	968705852	susanamamani23@yahoo.com	URBANIZACION LA COLINA MZ G LT 18 PISO 3 - AREQUIPA CAYLLOMA MAJES	-16.339991, -72.174381	f	6	102399567	85982796	2026-03-27 20:27:01.691679+00	2026-03-31	11:00 - 1:00 / (AM2)	\N	2026-03-31 05:00:00+00	MOTIVO DEL RECHAZO: MAL INGRESO DE DIRECCIÓN\nDIRECCIÓN CORRECTA: DIRECCIÓN CORRECTA ES MZ H LT 5\nSUBMOTIVO DE RECHAZO: \n*Dirección registrada en el sistema es errada. (URB LA COLINA MZ.GLT.18 INTERIOR Piso 3)\nMANDAR LLAMADA CON CLIENTE PARA REINGRESAR VENTA	t	2026-03-27 20:33:38.183622+00	2026-03-27 20:41:31.689171+00	\N	2026-03-27 19:45:44.803476+00	2026-03-31 15:57:42.970847+00	t	5	420	1295	1	3	10	4	2	\N	1	1	5	4	4	1998-12-10 05:00:00+00	MARIA	ERNESTO	968705852	AQMJ011-F	AL FRENTE DEL COLEGIO SANTA TERESA DE LISIEUX	\N	\N	f	MASIVO	2	1	\N	\N	FEMENINO	t
42	FTTH	41294625	ROSARIO DEL PILAR MEDINA YAIPEN	996541371	LESZAKURA14@GMAIL.COM	MZ. I  LOTE 8 CPMEN. VILLA HERMOSA	-6.75229221, - 79.82445512	f	4	102460935	86028696	2026-03-30 17:46:23.568218+00	2026-04-01	9:00 - 11:00 / (AM1)	2026-04-01 05:00:00+00	\N	\N	t	2026-03-30 17:59:12.680465+00	2026-03-30 19:34:33.689167+00	\N	2026-03-30 16:47:43.916843+00	2026-04-01 18:08:35.181379+00	t	18	1261	1257	1	1	21	3	11	\N	10	1	18	4	4	1982-02-22 05:00:00+00	ROSARIO	JOSE	996541371	LBLO047-F	PASANDO LA IGLESIA MOVIMIENTO MISIONERO A LA DERECHA	\N	\N	f	MASIVO	2	1	\N	\N	FEMENINO	f
32	FTTH	18057741	GHINO NORMAN GUTIERREZ COTRINA	948552296	gutierrezcotrinaghino@gmail.com	MZ H` LT 23 URB LOS ROSALES DE SAN ISIDRO PISO 1	-8.094365,-79.047041	f	8	102427212	86000734	2026-03-28 20:21:40.723362+00	2026-03-29	9:00 - 11:00 / (AM1)	\N	2026-03-29 05:00:00+00	DIRECCION ERRADA\nENVIAR LLAMADA O PRUEBAS CON CLIENTE PARA REINGRESAR VENTA.	t	2026-03-28 20:25:12.876082+00	2026-03-28 20:33:15.49504+00	\N	2026-03-28 19:46:50.819058+00	2026-03-30 14:32:33.802603+00	t	11	1173	1295	1	3	4	4	1	\N	1	1	11	4	4	1967-10-02 05:00:00+00	COTRINA	PABLO	948552296	LLTR021-F	\N	\N	\N	f	MASIVO	0	1	\N	\N	FEMENINO	t
33	FTTH	77574305	BEATRIZ ESTHER FLORES PASCASIO	953945642	juan_matta@outlook.com	CL 54A MZ 64 LT 16 URB AH ARMANDO VILLANUEVA DEL CAMPO - PISO 5	-11.961199, -77.075762	f	4	102428513	86001002	2026-03-28 20:41:19.410502+00	2026-03-29	2:00 - 4:00 / (PM1)	\N	2026-03-28 05:00:00+00	FRAUDE, TELEFONO BL	t	2026-03-28 20:43:30.16987+00	2026-03-28 20:46:18.184996+00	\N	2026-03-28 19:54:13.132802+00	2026-03-30 16:04:45.492712+00	t	16	1311	1311	1	3	16	4	1	\N	1	1	16	4	4	1998-10-24 05:00:00+00	MARIA	ESTEBAN	953945642	LMLO082-S	POR LA AV. PROCERES, AL COSTADO DEL MERCADO	\N	\N	f	MASIVO	0	1	25	\N	FEMENINO	t
66	FTTH	29553351	SOREY GARLET GAYOSO DIANDERAS	957111408	SGAYOSO@USAT.EDU.PE	CALLE JOSE QUIÑONES GONZALES 29	-6.83458042,-79.93774199	t	10	102546059	86116314	2026-04-02 18:36:14.392699+00	2026-04-05	2:00 - 4:00 / (PM1)	\N	\N	\N	t	2026-04-02 18:40:59.516976+00	2026-04-02 19:06:50.692687+00	\N	2026-04-02 17:09:57.450941+00	2026-04-02 19:06:50.692963+00	t	18	1268	339	1	2	1	3	21	\N	10	1	18	4	4	1972-05-13 05:00:00+00	NANCY	ALCIDES	957111408	CHPI002-S	DEL MUELLE DE PIMENTEL 3 CUADRAS HACIA LA DERECHA FRENTE AL EDIFICIO DE LAS BRISAS	\N	\N	f	MASIVO	4	2	\N	HAROLD ROMERO	FEMENINO	f
70	FTTH	16556316	BLANCA ESPERANZA GONZALES LLUEN	925098009	JESUSARNALDO141@GMAIL.COM	CALLE VIRREY TOLEDO  576 PISO 2	-6.758488, -79.830730	f	7	102549421	86117841	2026-04-02 21:03:10.173327+00	2026-04-04	9:00 - 11:00 / (AM1)	\N	\N	\N	t	2026-04-02 21:03:10.173312+00	2026-04-02 21:18:14.390522+00	\N	2026-04-02 20:06:00.906877+00	2026-04-02 21:18:14.390951+00	t	23	1261	1264	1	2	1	3	15	\N	10	1	23	4	4	1954-06-09 05:00:00+00	JUANA	DOMINGO	925098009	LBLO035-F	ENTRE LA CALLE CARLOS CASTAÑEDA Y VIRREY TOLEDO	\N	\N	f	MASIVO	0	1	\N	Yadira Vega	FEMENINO	f
7	FTTH	40627540	HAYDEE TICLLA BELITO	991945870	carlosalbertoquinonesrivera1@gmail.com	JIRON PROFESOR NEMESIO RAEZ 4563 PISO 1 - JUNIN HUANCAYO EL TAMBO	-12.027614, -75.235031	t	5	102371928	85951217	2026-03-26 20:46:38.480671+00	2026-03-30	2:00 - 4:00 / (PM1)	\N	2026-03-30 05:00:00+00	NO DESEA (TIENE MENOS DE UN MES CON SU ACTUAL OPERADOR)	t	2026-03-26 20:46:38.480661+00	2026-03-26 21:25:27.994551+00	\N	2026-03-26 20:01:20.218319+00	2026-03-30 20:05:59.580734+00	t	12	1058	848	1	3	12	4	2	\N	1	1	12	4	4	1980-07-11 05:00:00+00	GREGORIA	JESUS	991945870	JNTB004-F		\N	\N	f	MASIVO	2	1	\N	\N	FEMENINO	f
29	FTTH	17550397	MELCHOR ALEJANDRO DAMIAN OLIVA	920 102 315	abrahan962@gmail.com	URBANIZACION LAS DUNAS MZ E LT 16 PISO 1 - LAMBAYEQUE - LAMBAYEQUE - LAMBAYEQUE	-6.703476, -79.917254	f	5	102426696	86000634	2026-03-28 20:14:36.782968+00	2026-03-31	9:00 - 11:00 / (AM1)	2026-03-30 05:00:00+00	\N	\N	t	2026-03-28 20:22:34.185673+00	2026-03-28 20:25:19.070067+00	\N	2026-03-28 19:26:24.640371+00	2026-03-30 20:13:14.801259+00	t	7	1283	1286	1	1	6	4	1	\N	1	1	7	4	4	1960-09-06 05:00:00+00	SANTOS	ALEJANDRO	920 102 315	LBLB016-F	-	\N	\N	f	MASIVO	0	0	\N	\N	MASCULINO	f
43	FTTH	77574305	BEATRIZ ESTHER FLORES PASCASIO	904253878	juan_matta@outlook.com	CL 54A MZ 64 LT 16 URB AH ARMANDO VILLANUEVA DEL CAMPO - PISO 5	-11.961199, -77.075762	f	4	102461172	86028296	2026-03-30 17:29:17.612653+00	2026-03-31	2:00 - 4:00 / (PM1)	\N	2026-03-30 05:00:00+00	FRAUDE, OTRO DNI	t	2026-03-30 17:40:26.399719+00	2026-03-30 17:40:26.399734+00	\N	2026-03-30 16:49:04.404649+00	2026-03-30 21:33:20.684681+00	t	16	1311	1311	1	3	16	4	1	\N	11	1	16	4	4	1998-10-24 05:00:00+00	MARIA	ESTEBAN	953945642	LMLO082-S	POR LA AV. PROCERES, AL COSTADO DEL MERCADO	\N	\N	f	MASIVO	0	1	33	\N	FEMENINO	t
35	FTTH	18899230	MANUEL CHINCHE CHAVEZ	910944212	neko_28@hotmail.com	CL PACHITEA 30 URB CERCADO DE CASA GRANDE PISO 1	-7.742338245,-79.188376852	f	8	102431661	86002727	2026-03-28 22:50:12.983035+00	2026-03-30	2:00 - 4:00 / (PM1)	2026-03-30 05:00:00+00	\N	\N	t	2026-03-28 22:52:01.092293+00	2026-03-28 22:56:38.588332+00	\N	2026-03-28 22:00:37.892613+00	2026-03-30 22:08:06.113047+00	t	11	1192	1187	1	1	1	4	1	\N	1	1	11	4	4	1978-07-12 05:00:00+00	MARIA	MANUEL	910944212	LLCG004-F		\N	\N	f	MASIVO	0	1	\N	JHON	MASCULINO	f
18	FTTH	47409401	CINDHY JANNETT GAMBOA ESPINOZA	999 905 498	cigaes9@hotmail.com	CALLE TENIENTE PEDRO GAREZON 227 PISO 1 - LAMBAYEQUE CHICLAYO CHICLAYO	-6.770266,-79.829331	t	7	102401107	85983312	2026-03-27 20:50:51.778876+00	2026-03-31	11:00 - 1:00 / (AM2)	2026-03-31 05:00:00+00	\N	\N	t	2026-03-27 20:54:28.89349+00	2026-03-27 21:19:23.596399+00	\N	2026-03-27 20:20:13.102078+00	2026-03-31 21:39:45.490208+00	t	10	1257	649	1	1	12	4	1	\N	1	1	10	4	4	1962-03-24 05:00:00+00	SOFIA	HERADIO	999 905 498	LBCH010-F	INTERSECCION CON LA CALLE JORGE CHAVES Y LEONCIO PRADO	\N	\N	f	MASIVO	0	1	\N	\N	FEMENINO	f
62	FTTH	10420123	EDWIN JARA ALVARADO	938584573	owen_29005@hotmail.com	CL HAWAI 157 URB EL SOL DE LA MOLINA / PISO 1	-12.08039904, -76.89894084	f	7	102526666	86106532	2026-04-01 22:15:56.171805+00	2026-04-04	11:00 - 1:00 / (AM2)	\N	2026-04-02 05:00:00+00	SUBMOTIVO DE RECHAZO: FAT DE PLANO OVERLAP EXCEDE\nLOS 280 METROS\n(OFRECER HFC, PASARME LLAMADA PARA CONFIRMAR)	t	2026-04-01 22:24:11.729468+00	2026-04-02 14:09:38.099276+00	\N	2026-04-01 20:48:56.272981+00	2026-04-02 17:33:05.299382+00	t	5	1308	1295	1	3	6	4	1	\N	11	1	5	4	4	1976-10-31 05:00:00+00	MARIA	FELIX	938584573	LAMO062-S		\N	\N	f	MASIVO	0	1	\N	\N	MASCULINO	t
48	FTTH	44423032	ALIPIO CHIPANA RAMOS	957857504	CHIPANADISTRIBUCIONES.EIRL2019@GMAIL.COM	RESIDENCIA VILLA DEL PRADO MZ K LT 7  - PISO 1	-16.406904, -71.566048	t	9	102492510	86076510	2026-03-31 18:56:25.97994+00	2026-04-02	4:00 - 6:00 / (PM2)	\N	\N		t	2026-03-31 19:02:05.285948+00	2026-03-31 19:14:12.610928+00	\N	2026-03-31 17:36:25.878105+00	2026-04-02 17:36:41.809644+00	t	8	362	1697	1	2	2	4	1	2	11	1	8	4	4	1987-07-01 05:00:00+00	LORENZA	BUENAVENTURA	933533228	AQYA017-F	2 CUADRAS DEL OVALO	\N	\N	f	MASIVO	0	1	\N	\N	MASCULINO	f
50	FTTH	25506177	SABINA PERALTA BARBOZA	954458278	Smoriperalta@gmail.com	CL 1 DE JULIO 347 URB OYAGUE PISO 1	-12.08736117, -77.06723036	t	6	102497998	86087291	2026-03-31 21:54:06.785873+00	2026-04-06	9:00 - 11:00 / (AM1)	\N	\N	\N	t	2026-03-31 21:56:04.984863+00	2026-04-01 15:43:11.737895+00	\N	2026-03-31 20:18:00.280912+00	2026-04-02 17:49:16.685226+00	t	11	1314	697	1	2	11	4	2	\N	11	1	11	4	4	1965-10-17 05:00:00+00	SABINA	JUAN	954458278	LMMG010-S		\N	\N	f	MASIVO	2	1	\N	\N	FEMENINO	f
65	FTTH	08048080	JOSE ARTURO VARGAS FUENTES	999006587	drarturovargas@hotmail.com	AL LOS HORIZONTES MZ X LT 9U URB LOS HUERTOS DE VILLA / PISO 2	-12.19922, -77.001399	t	8	102540696	86114298	2026-04-02 16:05:18.998506+00	2026-04-05	11:00 - 1:00 / (AM2)	\N	\N	\N	t	2026-04-02 16:10:06.898639+00	2026-04-02 19:06:44.807125+00	\N	2026-04-02 15:39:24.597841+00	2026-04-02 19:06:44.807361+00	t	12	1302	1295	1	2	6	4	1	\N	11	1	12	4	4	1955-03-22 05:00:00+00	DORILA	FERNANDO	920093498	LMCH158-F		\N	\N	f	MASIVO	0	1	\N	\N	MASCULINO	f
67	HFC	02894771	JESSICA MATILDE PACHERREZ PACHERRE DE DIAZ	962097188	jesi_111@hotmail.com	CL JOSE EUGENIO PAREDES 2433/piso 5 / URB NEON LUX	-12.05122031, -77.07318087	t	6	102545851	86116786	2026-04-02 19:26:27.593386+00	2026-04-04	11:00 - 1:00 / (AM2)	\N	\N	\N	t	2026-04-02 19:26:27.593371+00	2026-04-02 19:53:38.690615+00	\N	2026-04-02 17:46:03.104305+00	2026-04-02 19:53:38.691074+00	t	9	1295	1581	1	2	9	4	5	\N	11	1	9	4	4	1977-07-03 05:00:00+00	MATILDE	MANUEL	962097188	LMLM014	CRUZA CON Av. Aurelio García y García	\N	\N	f	MASIVO	0	0	\N	\N	FEMENINO	f
71	HFC	10420123	EDWIN JARA ALVARADO	938584573	owen_29005@hotmail.com	CL HAWAI 157 URB EL SOL DE LA MOLINA / PISO 1	-12.08039904, -76.89894084	f	7	\N	\N	\N	\N	\N	\N	\N	\N	f	\N	\N	\N	2026-04-02 20:35:24.304157+00	2026-04-02 20:35:24.304172+00	t	5	1308	1295	2	\N	6	4	5	\N	11	1	5	\N	\N	1976-10-31 05:00:00+00	MARIA	FELIX	938584573	LAMO062-S		\N	\N	f	MASIVO	0	0	62	\N	MASCULINO	f
68	HFC	08141510	MIRIAM RUTH CHIPA MORALES	942 107 338	mirianchipa0102@hotmail.com	CALLE BOCANEGRA 266 LOTE A	-12.016611, -77.034958	t	4	102548283	86117231	2026-04-02 20:03:22.687227+00	2026-04-04	11:00 - 1:00 / (AM2)	\N	\N	\N	t	2026-04-02 20:07:26.195477+00	2026-04-02 21:05:04.180179+00	\N	2026-04-02 18:07:34.933346+00	2026-04-02 21:05:04.180498+00	t	15	1322	1295	1	2	1	4	1	\N	11	1	15	4	4	1971-02-01 05:00:00+00	LUCIA	ENRIQUE	933 730 849	LMRC001	A UNA CUADRA DEL PARQUE VIRGEN DE FATIMA	\N	\N	f	MASIVO	0	0	\N	LUZ GUEVERA	FEMENINO	f
56	FTTH	45840564	JORGE LUIS JUAREZ VASQUEZ	943283831	amayarosalesc360@gmail.com	CL SANTA ELENA 650 AH GENERAL LUIS MIGUEL SANCHEZ CERRO	-4.906318638, -80.692891874	f	8	102512407	86099879	2026-04-01 16:05:19.806976+00	2026-04-02	11:00 - 1:00 / (AM2)	2026-04-02 05:00:00+00	\N	\N	t	2026-04-01 16:05:19.806959+00	2026-04-01 16:32:02.888293+00	\N	2026-04-01 15:09:41.223937+00	2026-04-02 22:42:30.478042+00	t	5	1625	1625	1	1	4	4	20	\N	11	1	5	4	4	1989-07-08 05:00:00+00	PASCUALA	JORGE	943283831	PIUS027-F		\N	\N	f	MASIVO	0	2	\N	\N	MASCULINO	f
49	FTTH	16588222	JORGE ANTONIO DIAZ BERNAL	912975365	JORGEDIAZ@GMAIL.COM	MZ B LT 34 P. J  7 DE JUNIO	-6.8356745, -79.932345204	f	6	102495873	86084043	2026-03-31 20:19:01.286477+00	2026-04-01	2:00 - 4:00 / (PM1)	\N	2026-03-31 05:00:00+00	FRAUDE, REINGRESAR VENTA CON OTRO TITULAR	t	2026-03-31 20:25:39.085766+00	2026-03-31 21:18:02.390489+00	\N	2026-03-31 17:52:08.332625+00	2026-03-31 22:07:46.489931+00	t	18	1268	1268	1	3	1	3	2	\N	10	1	18	4	4	1960-07-30 05:00:00+00	CARMEN	EULOGIO	912975365	CHPI003-S	ENTRE LA BAYOBAR  Y TUPAC AMARU	\N	\N	f	MASIVO	2	1	\N	HAROLD ROMERO	MASCULINO	t
59	FTTH	40906935	HARUMI OCHOA CONCEPCION	923883786	haru8a@hotmail.com	JR RIO UCAYALI  MZ H LT 1 PUESTO 29 URB  CANTO REY	-11.976826369193443, -76.99818175382411	f	7	102523486	86104958	2026-04-01 20:55:36.988352+00	2026-04-03	11:00 - 1:00 / (AM2)	\N	\N	\N	t	2026-04-01 22:24:24.085784+00	2026-04-01 22:26:04.309523+00	\N	2026-04-01 18:03:19.42433+00	2026-04-01 22:26:04.309736+00	t	9	1326	1295	1	2	9	4	15	\N	11	1	9	4	4	1981-02-06 05:00:00+00	TEONIA	MANUEL	923883786	LMJL123-S	DENTRO DEL MERCADO CANTO REY	\N	\N	f	MASIVO	0	1	\N	\N	FEMENINO	f
23	FTTH	18008623	JULIO CESAR CAMACHO ALAYO	949 813 610	r.a.s_1975@hotmail.com	JULIO CESAR TELLLO 560, URB. CHIMU// PISO 2	-8.090207, -79.009331	f	8	102416163	85996146	2026-03-28 15:53:12.384337+00	2026-03-30	4:00 - 6:00 / (PM2)	\N	2026-03-31 05:00:00+00	Se Rechaza SOT Motivo rechazo: FACTIBILIDAD TECNICA\nEn los pasajes solo hay postes del operador movistar claro no tiene postes de anclaje	t	2026-03-28 16:00:04.677395+00	2026-03-28 16:56:15.200412+00	\N	2026-03-28 15:12:36.065204+00	2026-04-01 14:30:46.923948+00	t	13	1173	1173	1	3	2	4	1	\N	1	1	13	4	4	1969-06-29 05:00:00+00	BERTHA	NICOLAS	949 813 610	TRUJ137-S	\N	\N	\N	f	MASIVO	0	1	\N	\N	MASCULINO	f
52	FTTH	15636457	GLORIA AVILES HINOJOSA DE TUPAYACHI	989276876	marcodavid48@hotmail.com	PSJ LOS ALHELIES MZ E LT 24 URB JARDIN PISO 2	-10.759637,-77.759827	t	7	102498677	86086682	2026-03-31 21:28:01.683971+00	2026-04-04	4:00 - 6:00 / (PM2)	\N	\N	\N	t	2026-03-31 21:43:01.901119+00	2026-03-31 21:43:01.901129+00	\N	2026-03-31 20:49:14.904388+00	2026-04-01 22:28:22.789795+00	t	11	1338	704	1	2	1	4	1	2	11	1	11	4	4	1947-05-18 05:00:00+00	MARCELINA	MARIANO	989276876	LMBR019-F		\N	\N	f	MASIVO	0	1	\N	MARICIELO CAPUÑAY	FEMENINO	f
64	FTTH	10635012	MEDINA LAVALLE CESAR AUGUSTO	988130361	cesaraugustomedina92@gmail.com	CL LOS SAUCES MZ O LT 2A ASOC BELLO HORIZONTE / PISO 1	-12.19960053, -77.01668304	t	8	102539345	86113914	2026-04-02 15:36:07.500334+00	2026-04-05	9:00 - 11:00 / (AM1)	\N	\N	\N	t	2026-04-02 15:41:02.803246+00	2026-04-02 16:10:01.897711+00	\N	2026-04-02 14:29:38.396322+00	2026-04-02 16:10:01.8981+00	t	12	1302	1295	1	2	6	4	1	\N	11	1	12	4	4	1972-01-24 05:00:00+00	MARIA	BENITO	988130361	LMCH154-F		\N	\N	f	MASIVO	0	1	\N	\N	MASCULINO	f
58	HFC	21436804	ANGEL GUILLERMO MENDOZA PEREZ	947 422 085	aguimepe@hotmail.com	CL LOS CAPULIES CDRA 1 MZ C4 LT 27 URB SAN ISIDRO PISO 2	-14.072029, -75.73131	f	9	102519574	86102561	2026-04-01 18:29:01.281209+00	2026-04-02	9:00 - 11:00 / (AM1)	\N	2026-04-02 05:00:00+00	Motivo rechazo: FACILIDADES TECNICAS DEL CLIENTE\nSub-motivo rechazo: Ductos obstruidos\nObservaciones: cliente indica que aun falta techar su domicilio y que terminara en 2 semanas por eso se rechaza por limite de programacion ademsa indica que cuadno termine hara una nueva solicitud	t	2026-04-01 18:33:46.886465+00	2026-04-01 22:25:34.481852+00	\N	2026-04-01 17:54:43.476556+00	2026-04-02 17:34:16.727674+00	t	2	1006	1006	1	3	2	4	5	\N	11	1	2	4	4	1966-02-10 05:00:00+00	ROSA	ELIAS	947 422 085	ICAX038		\N	\N	f	MASIVO	0	0	\N	\N	MASCULINO	t
51	FTTH	72285521	MAMANI GONZALES SUSANA LEONOR	968705852	susanamamani23@yahoo.com	URBANIZACION LA COLINA MZ H LT 5 PISO 3 - AREQUIPA CAYLLOMA MAJES	-16.339991, -72.174381	f	6	102497832	86085987	2026-03-31 21:00:31.490558+00	2026-04-03	9:00 - 11:00 / (AM1)	\N	\N	NC	t	2026-03-31 21:00:31.490548+00	2026-03-31 21:17:41.905017+00	\N	2026-03-31 20:22:43.684716+00	2026-04-02 17:49:59.401104+00	t	5	420	1295	1	2	10	4	2	2	11	1	5	4	4	1998-12-10 05:00:00+00	MARIA	ERNESTO	968705852	AQMJ011-F	AL FRENTE DEL COLEGIO SANTA TERESA DE LISIEUX	\N	\N	f	MASIVO	2	1	14	\N	FEMENINO	f
69	FTTH	61161589	MARIA FERNANDA HIDALGO QUEREVALU DNI:61161589	931544361	mama.teo@hotmail.com	MZ SC LT 20 URB LA ESTANCIA DE LURIN PISO 1	-12.277249,-76.83994	f	5	\N	\N	\N	\N	\N	\N	\N	\N	f	\N	\N	\N	2026-04-02 19:27:39.745733+00	2026-04-02 19:43:26.825961+00	t	11	1313	698	2	\N	11	4	11	\N	11	1	11	11	\N	2007-09-24 05:00:00+00	EDITH	BENJAMIN	931544361	LMLR018-F		\N	\N	f	MASIVO	2	1	\N	\N	FEMENINO	f
55	FTTH	27573199	VICTOR HOMERO RODRIGUEZ CAMPOS	971 363 345	mari.250415.acuario@gmail.com	PJE ISTIPILCO 226//BARR CHONTAPACCHA ALTA // 1 PISO	-7.14534173,-78.526814315	f	5	102512621	86099536	2026-04-01 15:45:56.546987+00	2026-04-05	9:00 - 11:00 / (AM1)	\N	\N	\N	t	2026-04-01 15:51:04.844569+00	2026-04-01 16:06:52.070747+00	\N	2026-04-01 15:08:24.450467+00	2026-04-01 16:06:52.071035+00	t	8	570	640	1	2	15	4	2	\N	11	1	8	4	4	1975-10-14 05:00:00+00	DOMITILA	MELCHOR	971 363 345	CJCJ067-F	PROL AVENIDA PERU & PJE ISHPICOL	\N	\N	f	MASIVO	2	1	\N	\N	MASCULINO	f
13	FTTH	02841370	JESSICA THALIA SILVA CARMEN	955039301	pcardoza780@gmail.com	AVENIDA MONTE VERDE MZ R LOTE 7 piso 1 RESIDENCIAL MONTEVERDE - PIURA PIURA CASTILLA	-5.229503, -80.6381	f	7	102395674	85981450	2026-03-27 19:20:37.382574+00	2026-04-05	4:00 - 6:00 / (PM2)	\N	\N	MOTIVO DE REPROGRAMACIÓN: CLIENTE # Cambios en las fechas y franjas solicitadas\nCLIENTE: JESSICA THALIA SILVA CARMEN\nTELÉFONO: 906499728\nNUEVA FECHA Y FRANJA DE VISITA: 05/04 - PM2	t	2026-03-27 19:26:35.493702+00	2026-03-27 20:34:01.9735+00	\N	2026-03-27 18:02:01.275167+00	2026-04-01 16:11:41.295931+00	t	8	1581	1581	1	2	1	4	1	1	1	1	8	4	4	1973-12-17 05:00:00+00	irma	mario	955039301	PIUC110-S	al costado del restaurante El Sabor de Mi Tierra	\N	\N	f	MASIVO	0	1	\N	LUZ GUEVARA	FEMENINO	f
63	FTTH	22253010	VERONICA INES BAUTISTA RIVAS	947 132 028	francovania.0711@gmail.com	AV SINCHI ROCA 932// piso 1	-13.717176, -76.148109	f	8	102530062	86106966	2026-04-01 22:38:14.407677+00	2026-04-02	4:00 - 6:00 / (PM2)	\N	2026-04-02 05:00:00+00	Fuera cobertura, sin postes de apoyo todo es electro sin facilidades técnicas	t	2026-04-01 22:40:25.086043+00	2026-04-02 14:09:43.336827+00	\N	2026-04-01 22:32:58.193991+00	2026-04-02 21:33:31.916436+00	t	13	1048	1295	1	3	\N	4	1	\N	11	1	13	4	4	1966-01-28 05:00:00+00	SEFERINA	DIONICIO	947 132 028	ICTA002-F		\N	\N	f	MASIVO	0	1	\N	\N	FEMENINO	f
53	FTTH	31657204	MARIA ESPERANZA COCHACHIN YANAC DE VILLANQUE	938428427	mariacochachin46@gmail.com	CL LOS LIBERTADORES 174 URB CENTENARIO PISO 2	-9.52086,-77.529989	t	7	102511159	86099685	2026-04-01 16:00:06.285328+00	2026-04-04	4:00 - 6:00 / (PM2)	\N	\N	CICLO DE LLAMADAS CICLO DE LLAMADA NRO: 1 CANTIDAD DE LLAMADAS: 4 NUMERO: 938428427 MOTIVO: FALTA DE CONTACTO SUB-MOTIVO: No contesta\nREAGENDADO POR CLARO	t	2026-04-01 16:00:26.880161+00	2026-04-01 18:04:34.288369+00	\N	2026-03-31 22:36:33.808338+00	2026-04-02 21:35:20.916306+00	t	11	90	86	1	2	11	4	11	2	11	1	11	4	4	1968-12-10 05:00:00+00	SABINA	JUAN	938428427	HZIN008-F		\N	\N	f	MASIVO	2	1	\N	\N	FEMENINO	f
\.


--
-- Name: asistencia_id_seq; Type: SEQUENCE SET; Schema: public; Owner: jarddigital_db_user
--

SELECT pg_catalog.setval('public.asistencia_id_seq', 1, false);


--
-- Name: audios_venta_id_seq; Type: SEQUENCE SET; Schema: public; Owner: jarddigital_db_user
--

SELECT pg_catalog.setval('public.audios_venta_id_seq', 718, true);


--
-- Name: auth_group_id_seq; Type: SEQUENCE SET; Schema: public; Owner: jarddigital_db_user
--

SELECT pg_catalog.setval('public.auth_group_id_seq', 1, false);


--
-- Name: auth_group_permissions_id_seq; Type: SEQUENCE SET; Schema: public; Owner: jarddigital_db_user
--

SELECT pg_catalog.setval('public.auth_group_permissions_id_seq', 1, false);


--
-- Name: auth_permission_id_seq; Type: SEQUENCE SET; Schema: public; Owner: jarddigital_db_user
--

SELECT pg_catalog.setval('public.auth_permission_id_seq', 124, true);


--
-- Name: bolsa_comisiones_id_seq; Type: SEQUENCE SET; Schema: public; Owner: jarddigital_db_user
--

SELECT pg_catalog.setval('public.bolsa_comisiones_id_seq', 1, false);


--
-- Name: departamentos_id_seq; Type: SEQUENCE SET; Schema: public; Owner: jarddigital_db_user
--

SELECT pg_catalog.setval('public.departamentos_id_seq', 26, true);


--
-- Name: distritos_id_seq; Type: SEQUENCE SET; Schema: public; Owner: jarddigital_db_user
--

SELECT pg_catalog.setval('public.distritos_id_seq', 1892, true);


--
-- Name: django_admin_log_id_seq; Type: SEQUENCE SET; Schema: public; Owner: jarddigital_db_user
--

SELECT pg_catalog.setval('public.django_admin_log_id_seq', 1, false);


--
-- Name: django_content_type_id_seq; Type: SEQUENCE SET; Schema: public; Owner: jarddigital_db_user
--

SELECT pg_catalog.setval('public.django_content_type_id_seq', 31, true);


--
-- Name: django_migrations_id_seq; Type: SEQUENCE SET; Schema: public; Owner: jarddigital_db_user
--

SELECT pg_catalog.setval('public.django_migrations_id_seq', 41, true);


--
-- Name: estados_audios_id_seq; Type: SEQUENCE SET; Schema: public; Owner: jarddigital_db_user
--

SELECT pg_catalog.setval('public.estados_audios_id_seq', 3, true);


--
-- Name: estados_sot_id_seq; Type: SEQUENCE SET; Schema: public; Owner: jarddigital_db_user
--

SELECT pg_catalog.setval('public.estados_sot_id_seq', 3, true);


--
-- Name: grabadores_audio_id_seq; Type: SEQUENCE SET; Schema: public; Owner: jarddigital_db_user
--

SELECT pg_catalog.setval('public.grabadores_audio_id_seq', 24, true);


--
-- Name: historial_agenda_sot_id_seq; Type: SEQUENCE SET; Schema: public; Owner: jarddigital_db_user
--

SELECT pg_catalog.setval('public.historial_agenda_sot_id_seq', 26, true);


--
-- Name: liquidacion_mensual_asesor_id_seq; Type: SEQUENCE SET; Schema: public; Owner: jarddigital_db_user
--

SELECT pg_catalog.setval('public.liquidacion_mensual_asesor_id_seq', 1, false);


--
-- Name: modalidades_id_seq; Type: SEQUENCE SET; Schema: public; Owner: jarddigital_db_user
--

SELECT pg_catalog.setval('public.modalidades_id_seq', 2, true);


--
-- Name: modalidades_sede_id_seq; Type: SEQUENCE SET; Schema: public; Owner: jarddigital_db_user
--

SELECT pg_catalog.setval('public.modalidades_sede_id_seq', 5, true);


--
-- Name: perfiles_laborales_id_seq; Type: SEQUENCE SET; Schema: public; Owner: jarddigital_db_user
--

SELECT pg_catalog.setval('public.perfiles_laborales_id_seq', 1, false);


--
-- Name: permisos_acceso_id_seq; Type: SEQUENCE SET; Schema: public; Owner: jarddigital_db_user
--

SELECT pg_catalog.setval('public.permisos_acceso_id_seq', 77, true);


--
-- Name: productos_id_seq; Type: SEQUENCE SET; Schema: public; Owner: jarddigital_db_user
--

SELECT pg_catalog.setval('public.productos_id_seq', 24, true);


--
-- Name: provincias_id_seq; Type: SEQUENCE SET; Schema: public; Owner: jarddigital_db_user
--

SELECT pg_catalog.setval('public.provincias_id_seq', 197, true);


--
-- Name: reglas_rendimiento_mensual_id_seq; Type: SEQUENCE SET; Schema: public; Owner: jarddigital_db_user
--

SELECT pg_catalog.setval('public.reglas_rendimiento_mensual_id_seq', 1, false);


--
-- Name: roles_sistema_id_seq; Type: SEQUENCE SET; Schema: public; Owner: jarddigital_db_user
--

SELECT pg_catalog.setval('public.roles_sistema_id_seq', 6, true);


--
-- Name: seguimiento_id_seq; Type: SEQUENCE SET; Schema: public; Owner: jarddigital_db_user
--

SELECT pg_catalog.setval('public.seguimiento_id_seq', 1, false);


--
-- Name: seguimiento_mensual_id_seq; Type: SEQUENCE SET; Schema: public; Owner: jarddigital_db_user
--

SELECT pg_catalog.setval('public.seguimiento_mensual_id_seq', 1, false);


--
-- Name: sub_estados_sot_id_seq; Type: SEQUENCE SET; Schema: public; Owner: jarddigital_db_user
--

SELECT pg_catalog.setval('public.sub_estados_sot_id_seq', 2, true);


--
-- Name: sucursales_id_seq; Type: SEQUENCE SET; Schema: public; Owner: jarddigital_db_user
--

SELECT pg_catalog.setval('public.sucursales_id_seq', 2, true);


--
-- Name: supervisor_asignacion_id_seq; Type: SEQUENCE SET; Schema: public; Owner: jarddigital_db_user
--

SELECT pg_catalog.setval('public.supervisor_asignacion_id_seq', 12, true);


--
-- Name: tipos_documento_id_seq; Type: SEQUENCE SET; Schema: public; Owner: jarddigital_db_user
--

SELECT pg_catalog.setval('public.tipos_documento_id_seq', 3, true);


--
-- Name: usuarios_groups_id_seq; Type: SEQUENCE SET; Schema: public; Owner: jarddigital_db_user
--

SELECT pg_catalog.setval('public.usuarios_groups_id_seq', 1, false);


--
-- Name: usuarios_id_seq; Type: SEQUENCE SET; Schema: public; Owner: jarddigital_db_user
--

SELECT pg_catalog.setval('public.usuarios_id_seq', 24, true);


--
-- Name: usuarios_user_permissions_id_seq; Type: SEQUENCE SET; Schema: public; Owner: jarddigital_db_user
--

SELECT pg_catalog.setval('public.usuarios_user_permissions_id_seq', 1, false);


--
-- Name: ventas_id_seq; Type: SEQUENCE SET; Schema: public; Owner: jarddigital_db_user
--

SELECT pg_catalog.setval('public.ventas_id_seq', 72, true);


--
-- Name: asistencia asistencia_pkey; Type: CONSTRAINT; Schema: public; Owner: jarddigital_db_user
--

ALTER TABLE ONLY public.asistencia
    ADD CONSTRAINT asistencia_pkey PRIMARY KEY (id);


--
-- Name: audios_venta audios_venta_pkey; Type: CONSTRAINT; Schema: public; Owner: jarddigital_db_user
--

ALTER TABLE ONLY public.audios_venta
    ADD CONSTRAINT audios_venta_pkey PRIMARY KEY (id);


--
-- Name: auth_group auth_group_name_key; Type: CONSTRAINT; Schema: public; Owner: jarddigital_db_user
--

ALTER TABLE ONLY public.auth_group
    ADD CONSTRAINT auth_group_name_key UNIQUE (name);


--
-- Name: auth_group_permissions auth_group_permissions_group_id_permission_id_0cd325b0_uniq; Type: CONSTRAINT; Schema: public; Owner: jarddigital_db_user
--

ALTER TABLE ONLY public.auth_group_permissions
    ADD CONSTRAINT auth_group_permissions_group_id_permission_id_0cd325b0_uniq UNIQUE (group_id, permission_id);


--
-- Name: auth_group_permissions auth_group_permissions_pkey; Type: CONSTRAINT; Schema: public; Owner: jarddigital_db_user
--

ALTER TABLE ONLY public.auth_group_permissions
    ADD CONSTRAINT auth_group_permissions_pkey PRIMARY KEY (id);


--
-- Name: auth_group auth_group_pkey; Type: CONSTRAINT; Schema: public; Owner: jarddigital_db_user
--

ALTER TABLE ONLY public.auth_group
    ADD CONSTRAINT auth_group_pkey PRIMARY KEY (id);


--
-- Name: auth_permission auth_permission_content_type_id_codename_01ab375a_uniq; Type: CONSTRAINT; Schema: public; Owner: jarddigital_db_user
--

ALTER TABLE ONLY public.auth_permission
    ADD CONSTRAINT auth_permission_content_type_id_codename_01ab375a_uniq UNIQUE (content_type_id, codename);


--
-- Name: auth_permission auth_permission_pkey; Type: CONSTRAINT; Schema: public; Owner: jarddigital_db_user
--

ALTER TABLE ONLY public.auth_permission
    ADD CONSTRAINT auth_permission_pkey PRIMARY KEY (id);


--
-- Name: bolsa_comisiones bolsa_comisiones_pkey; Type: CONSTRAINT; Schema: public; Owner: jarddigital_db_user
--

ALTER TABLE ONLY public.bolsa_comisiones
    ADD CONSTRAINT bolsa_comisiones_pkey PRIMARY KEY (id);


--
-- Name: departamentos departamentos_codigo_ubigeo_key; Type: CONSTRAINT; Schema: public; Owner: jarddigital_db_user
--

ALTER TABLE ONLY public.departamentos
    ADD CONSTRAINT departamentos_codigo_ubigeo_key UNIQUE (codigo_ubigeo);


--
-- Name: departamentos departamentos_pkey; Type: CONSTRAINT; Schema: public; Owner: jarddigital_db_user
--

ALTER TABLE ONLY public.departamentos
    ADD CONSTRAINT departamentos_pkey PRIMARY KEY (id);


--
-- Name: distritos distritos_codigo_ubigeo_key; Type: CONSTRAINT; Schema: public; Owner: jarddigital_db_user
--

ALTER TABLE ONLY public.distritos
    ADD CONSTRAINT distritos_codigo_ubigeo_key UNIQUE (codigo_ubigeo);


--
-- Name: distritos distritos_pkey; Type: CONSTRAINT; Schema: public; Owner: jarddigital_db_user
--

ALTER TABLE ONLY public.distritos
    ADD CONSTRAINT distritos_pkey PRIMARY KEY (id);


--
-- Name: django_admin_log django_admin_log_pkey; Type: CONSTRAINT; Schema: public; Owner: jarddigital_db_user
--

ALTER TABLE ONLY public.django_admin_log
    ADD CONSTRAINT django_admin_log_pkey PRIMARY KEY (id);


--
-- Name: django_content_type django_content_type_app_label_model_76bd3d3b_uniq; Type: CONSTRAINT; Schema: public; Owner: jarddigital_db_user
--

ALTER TABLE ONLY public.django_content_type
    ADD CONSTRAINT django_content_type_app_label_model_76bd3d3b_uniq UNIQUE (app_label, model);


--
-- Name: django_content_type django_content_type_pkey; Type: CONSTRAINT; Schema: public; Owner: jarddigital_db_user
--

ALTER TABLE ONLY public.django_content_type
    ADD CONSTRAINT django_content_type_pkey PRIMARY KEY (id);


--
-- Name: django_migrations django_migrations_pkey; Type: CONSTRAINT; Schema: public; Owner: jarddigital_db_user
--

ALTER TABLE ONLY public.django_migrations
    ADD CONSTRAINT django_migrations_pkey PRIMARY KEY (id);


--
-- Name: django_session django_session_pkey; Type: CONSTRAINT; Schema: public; Owner: jarddigital_db_user
--

ALTER TABLE ONLY public.django_session
    ADD CONSTRAINT django_session_pkey PRIMARY KEY (session_key);


--
-- Name: estados_audios estados_audios_codigo_key; Type: CONSTRAINT; Schema: public; Owner: jarddigital_db_user
--

ALTER TABLE ONLY public.estados_audios
    ADD CONSTRAINT estados_audios_codigo_key UNIQUE (codigo);


--
-- Name: estados_audios estados_audios_pkey; Type: CONSTRAINT; Schema: public; Owner: jarddigital_db_user
--

ALTER TABLE ONLY public.estados_audios
    ADD CONSTRAINT estados_audios_pkey PRIMARY KEY (id);


--
-- Name: estados_sot estados_sot_codigo_key; Type: CONSTRAINT; Schema: public; Owner: jarddigital_db_user
--

ALTER TABLE ONLY public.estados_sot
    ADD CONSTRAINT estados_sot_codigo_key UNIQUE (codigo);


--
-- Name: estados_sot estados_sot_pkey; Type: CONSTRAINT; Schema: public; Owner: jarddigital_db_user
--

ALTER TABLE ONLY public.estados_sot
    ADD CONSTRAINT estados_sot_pkey PRIMARY KEY (id);


--
-- Name: grabadores_audio grabadores_audio_id_usuario_id_key; Type: CONSTRAINT; Schema: public; Owner: jarddigital_db_user
--

ALTER TABLE ONLY public.grabadores_audio
    ADD CONSTRAINT grabadores_audio_id_usuario_id_key UNIQUE (id_usuario_id);


--
-- Name: grabadores_audio grabadores_audio_pkey; Type: CONSTRAINT; Schema: public; Owner: jarddigital_db_user
--

ALTER TABLE ONLY public.grabadores_audio
    ADD CONSTRAINT grabadores_audio_pkey PRIMARY KEY (id);


--
-- Name: historial_agenda_sot historial_agenda_sot_pkey; Type: CONSTRAINT; Schema: public; Owner: jarddigital_db_user
--

ALTER TABLE ONLY public.historial_agenda_sot
    ADD CONSTRAINT historial_agenda_sot_pkey PRIMARY KEY (id);


--
-- Name: liquidacion_mensual_asesor liquidacion_mensual_asesor_id_bolsa_pagada_key; Type: CONSTRAINT; Schema: public; Owner: jarddigital_db_user
--

ALTER TABLE ONLY public.liquidacion_mensual_asesor
    ADD CONSTRAINT liquidacion_mensual_asesor_id_bolsa_pagada_key UNIQUE (id_bolsa_pagada);


--
-- Name: liquidacion_mensual_asesor liquidacion_mensual_asesor_pkey; Type: CONSTRAINT; Schema: public; Owner: jarddigital_db_user
--

ALTER TABLE ONLY public.liquidacion_mensual_asesor
    ADD CONSTRAINT liquidacion_mensual_asesor_pkey PRIMARY KEY (id);


--
-- Name: modalidades modalidades_pkey; Type: CONSTRAINT; Schema: public; Owner: jarddigital_db_user
--

ALTER TABLE ONLY public.modalidades
    ADD CONSTRAINT modalidades_pkey PRIMARY KEY (id);


--
-- Name: modalidades_sede modalidades_sede_pkey; Type: CONSTRAINT; Schema: public; Owner: jarddigital_db_user
--

ALTER TABLE ONLY public.modalidades_sede
    ADD CONSTRAINT modalidades_sede_pkey PRIMARY KEY (id);


--
-- Name: perfiles_laborales perfiles_laborales_id_usuario_key; Type: CONSTRAINT; Schema: public; Owner: jarddigital_db_user
--

ALTER TABLE ONLY public.perfiles_laborales
    ADD CONSTRAINT perfiles_laborales_id_usuario_key UNIQUE (id_usuario);


--
-- Name: perfiles_laborales perfiles_laborales_pkey; Type: CONSTRAINT; Schema: public; Owner: jarddigital_db_user
--

ALTER TABLE ONLY public.perfiles_laborales
    ADD CONSTRAINT perfiles_laborales_pkey PRIMARY KEY (id);


--
-- Name: permisos_acceso permisos_acceso_pkey; Type: CONSTRAINT; Schema: public; Owner: jarddigital_db_user
--

ALTER TABLE ONLY public.permisos_acceso
    ADD CONSTRAINT permisos_acceso_pkey PRIMARY KEY (id);


--
-- Name: productos productos_pkey; Type: CONSTRAINT; Schema: public; Owner: jarddigital_db_user
--

ALTER TABLE ONLY public.productos
    ADD CONSTRAINT productos_pkey PRIMARY KEY (id);


--
-- Name: provincias provincias_codigo_ubigeo_key; Type: CONSTRAINT; Schema: public; Owner: jarddigital_db_user
--

ALTER TABLE ONLY public.provincias
    ADD CONSTRAINT provincias_codigo_ubigeo_key UNIQUE (codigo_ubigeo);


--
-- Name: provincias provincias_pkey; Type: CONSTRAINT; Schema: public; Owner: jarddigital_db_user
--

ALTER TABLE ONLY public.provincias
    ADD CONSTRAINT provincias_pkey PRIMARY KEY (id);


--
-- Name: reglas_rendimiento_mensual reglas_rendimiento_mensual_pkey; Type: CONSTRAINT; Schema: public; Owner: jarddigital_db_user
--

ALTER TABLE ONLY public.reglas_rendimiento_mensual
    ADD CONSTRAINT reglas_rendimiento_mensual_pkey PRIMARY KEY (id);


--
-- Name: roles_sistema roles_sistema_codigo_key; Type: CONSTRAINT; Schema: public; Owner: jarddigital_db_user
--

ALTER TABLE ONLY public.roles_sistema
    ADD CONSTRAINT roles_sistema_codigo_key UNIQUE (codigo);


--
-- Name: roles_sistema roles_sistema_pkey; Type: CONSTRAINT; Schema: public; Owner: jarddigital_db_user
--

ALTER TABLE ONLY public.roles_sistema
    ADD CONSTRAINT roles_sistema_pkey PRIMARY KEY (id);


--
-- Name: seguimiento seguimiento_id_venta_key; Type: CONSTRAINT; Schema: public; Owner: jarddigital_db_user
--

ALTER TABLE ONLY public.seguimiento
    ADD CONSTRAINT seguimiento_id_venta_key UNIQUE (id_venta);


--
-- Name: seguimiento_mensual seguimiento_mensual_pkey; Type: CONSTRAINT; Schema: public; Owner: jarddigital_db_user
--

ALTER TABLE ONLY public.seguimiento_mensual
    ADD CONSTRAINT seguimiento_mensual_pkey PRIMARY KEY (id);


--
-- Name: seguimiento seguimiento_pkey; Type: CONSTRAINT; Schema: public; Owner: jarddigital_db_user
--

ALTER TABLE ONLY public.seguimiento
    ADD CONSTRAINT seguimiento_pkey PRIMARY KEY (id);


--
-- Name: sub_estados_sot sub_estados_sot_pkey; Type: CONSTRAINT; Schema: public; Owner: jarddigital_db_user
--

ALTER TABLE ONLY public.sub_estados_sot
    ADD CONSTRAINT sub_estados_sot_pkey PRIMARY KEY (id);


--
-- Name: sucursales sucursales_pkey; Type: CONSTRAINT; Schema: public; Owner: jarddigital_db_user
--

ALTER TABLE ONLY public.sucursales
    ADD CONSTRAINT sucursales_pkey PRIMARY KEY (id);


--
-- Name: supervisor_asignacion supervisor_asignacion_pkey; Type: CONSTRAINT; Schema: public; Owner: jarddigital_db_user
--

ALTER TABLE ONLY public.supervisor_asignacion
    ADD CONSTRAINT supervisor_asignacion_pkey PRIMARY KEY (id);


--
-- Name: tipos_documento tipos_documento_codigo_key; Type: CONSTRAINT; Schema: public; Owner: jarddigital_db_user
--

ALTER TABLE ONLY public.tipos_documento
    ADD CONSTRAINT tipos_documento_codigo_key UNIQUE (codigo);


--
-- Name: tipos_documento tipos_documento_pkey; Type: CONSTRAINT; Schema: public; Owner: jarddigital_db_user
--

ALTER TABLE ONLY public.tipos_documento
    ADD CONSTRAINT tipos_documento_pkey PRIMARY KEY (id);


--
-- Name: bolsa_comisiones unica_bolsa_por_mes; Type: CONSTRAINT; Schema: public; Owner: jarddigital_db_user
--

ALTER TABLE ONLY public.bolsa_comisiones
    ADD CONSTRAINT unica_bolsa_por_mes UNIQUE (id_usuario, mes_origen, anio_origen);


--
-- Name: usuarios_groups usuarios_groups_pkey; Type: CONSTRAINT; Schema: public; Owner: jarddigital_db_user
--

ALTER TABLE ONLY public.usuarios_groups
    ADD CONSTRAINT usuarios_groups_pkey PRIMARY KEY (id);


--
-- Name: usuarios_groups usuarios_groups_usuario_id_group_id_a66c5ef3_uniq; Type: CONSTRAINT; Schema: public; Owner: jarddigital_db_user
--

ALTER TABLE ONLY public.usuarios_groups
    ADD CONSTRAINT usuarios_groups_usuario_id_group_id_a66c5ef3_uniq UNIQUE (usuario_id, group_id);


--
-- Name: usuarios usuarios_pkey; Type: CONSTRAINT; Schema: public; Owner: jarddigital_db_user
--

ALTER TABLE ONLY public.usuarios
    ADD CONSTRAINT usuarios_pkey PRIMARY KEY (id);


--
-- Name: usuarios_user_permissions usuarios_user_permission_usuario_id_permission_id_474b33a5_uniq; Type: CONSTRAINT; Schema: public; Owner: jarddigital_db_user
--

ALTER TABLE ONLY public.usuarios_user_permissions
    ADD CONSTRAINT usuarios_user_permission_usuario_id_permission_id_474b33a5_uniq UNIQUE (usuario_id, permission_id);


--
-- Name: usuarios_user_permissions usuarios_user_permissions_pkey; Type: CONSTRAINT; Schema: public; Owner: jarddigital_db_user
--

ALTER TABLE ONLY public.usuarios_user_permissions
    ADD CONSTRAINT usuarios_user_permissions_pkey PRIMARY KEY (id);


--
-- Name: usuarios usuarios_username_key; Type: CONSTRAINT; Schema: public; Owner: jarddigital_db_user
--

ALTER TABLE ONLY public.usuarios
    ADD CONSTRAINT usuarios_username_key UNIQUE (username);


--
-- Name: ventas ventas_pkey; Type: CONSTRAINT; Schema: public; Owner: jarddigital_db_user
--

ALTER TABLE ONLY public.ventas
    ADD CONSTRAINT ventas_pkey PRIMARY KEY (id);


--
-- Name: asistencia_id_sucursal_40dd2879; Type: INDEX; Schema: public; Owner: jarddigital_db_user
--

CREATE INDEX asistencia_id_sucursal_40dd2879 ON public.asistencia USING btree (id_sucursal);


--
-- Name: asistencia_id_usuario_bd688cf9; Type: INDEX; Schema: public; Owner: jarddigital_db_user
--

CREATE INDEX asistencia_id_usuario_bd688cf9 ON public.asistencia USING btree (id_usuario);


--
-- Name: audios_venta_id_venta_9e1d0775; Type: INDEX; Schema: public; Owner: jarddigital_db_user
--

CREATE INDEX audios_venta_id_venta_9e1d0775 ON public.audios_venta USING btree (id_venta);


--
-- Name: auth_group_name_a6ea08ec_like; Type: INDEX; Schema: public; Owner: jarddigital_db_user
--

CREATE INDEX auth_group_name_a6ea08ec_like ON public.auth_group USING btree (name varchar_pattern_ops);


--
-- Name: auth_group_permissions_group_id_b120cbf9; Type: INDEX; Schema: public; Owner: jarddigital_db_user
--

CREATE INDEX auth_group_permissions_group_id_b120cbf9 ON public.auth_group_permissions USING btree (group_id);


--
-- Name: auth_group_permissions_permission_id_84c5c92e; Type: INDEX; Schema: public; Owner: jarddigital_db_user
--

CREATE INDEX auth_group_permissions_permission_id_84c5c92e ON public.auth_group_permissions USING btree (permission_id);


--
-- Name: auth_permission_content_type_id_2f476e4b; Type: INDEX; Schema: public; Owner: jarddigital_db_user
--

CREATE INDEX auth_permission_content_type_id_2f476e4b ON public.auth_permission USING btree (content_type_id);


--
-- Name: bolsa_comisiones_id_regla_aplicada_b5dbc9ab; Type: INDEX; Schema: public; Owner: jarddigital_db_user
--

CREATE INDEX bolsa_comisiones_id_regla_aplicada_b5dbc9ab ON public.bolsa_comisiones USING btree (id_regla_aplicada);


--
-- Name: bolsa_comisiones_id_usuario_b2595177; Type: INDEX; Schema: public; Owner: jarddigital_db_user
--

CREATE INDEX bolsa_comisiones_id_usuario_b2595177 ON public.bolsa_comisiones USING btree (id_usuario);


--
-- Name: departamentos_codigo_ubigeo_41392b17_like; Type: INDEX; Schema: public; Owner: jarddigital_db_user
--

CREATE INDEX departamentos_codigo_ubigeo_41392b17_like ON public.departamentos USING btree (codigo_ubigeo varchar_pattern_ops);


--
-- Name: distritos_codigo_ubigeo_7c6c3035_like; Type: INDEX; Schema: public; Owner: jarddigital_db_user
--

CREATE INDEX distritos_codigo_ubigeo_7c6c3035_like ON public.distritos USING btree (codigo_ubigeo varchar_pattern_ops);


--
-- Name: distritos_id_provincia_id_4b37ab0c; Type: INDEX; Schema: public; Owner: jarddigital_db_user
--

CREATE INDEX distritos_id_provincia_id_4b37ab0c ON public.distritos USING btree (id_provincia_id);


--
-- Name: django_admin_log_content_type_id_c4bce8eb; Type: INDEX; Schema: public; Owner: jarddigital_db_user
--

CREATE INDEX django_admin_log_content_type_id_c4bce8eb ON public.django_admin_log USING btree (content_type_id);


--
-- Name: django_admin_log_user_id_c564eba6; Type: INDEX; Schema: public; Owner: jarddigital_db_user
--

CREATE INDEX django_admin_log_user_id_c564eba6 ON public.django_admin_log USING btree (user_id);


--
-- Name: django_session_expire_date_a5c62663; Type: INDEX; Schema: public; Owner: jarddigital_db_user
--

CREATE INDEX django_session_expire_date_a5c62663 ON public.django_session USING btree (expire_date);


--
-- Name: django_session_session_key_c0390e0f_like; Type: INDEX; Schema: public; Owner: jarddigital_db_user
--

CREATE INDEX django_session_session_key_c0390e0f_like ON public.django_session USING btree (session_key varchar_pattern_ops);


--
-- Name: estados_audios_codigo_2f2a9878_like; Type: INDEX; Schema: public; Owner: jarddigital_db_user
--

CREATE INDEX estados_audios_codigo_2f2a9878_like ON public.estados_audios USING btree (codigo varchar_pattern_ops);


--
-- Name: estados_sot_codigo_67e4674f_like; Type: INDEX; Schema: public; Owner: jarddigital_db_user
--

CREATE INDEX estados_sot_codigo_67e4674f_like ON public.estados_sot USING btree (codigo varchar_pattern_ops);


--
-- Name: historial_agenda_sot_id_sub_estado_motivo_c7d9983a; Type: INDEX; Schema: public; Owner: jarddigital_db_user
--

CREATE INDEX historial_agenda_sot_id_sub_estado_motivo_c7d9983a ON public.historial_agenda_sot USING btree (id_sub_estado_motivo);


--
-- Name: historial_agenda_sot_id_venta_b863e6dd; Type: INDEX; Schema: public; Owner: jarddigital_db_user
--

CREATE INDEX historial_agenda_sot_id_venta_b863e6dd ON public.historial_agenda_sot USING btree (id_venta);


--
-- Name: historial_agenda_sot_usuario_responsable_5cebfce3; Type: INDEX; Schema: public; Owner: jarddigital_db_user
--

CREATE INDEX historial_agenda_sot_usuario_responsable_5cebfce3 ON public.historial_agenda_sot USING btree (usuario_responsable);


--
-- Name: idx_filtro_agenda; Type: INDEX; Schema: public; Owner: jarddigital_db_user
--

CREATE INDEX idx_filtro_agenda ON public.ventas USING btree (fecha_visita_programada, id_sub_estado_sot);


--
-- Name: liquidacion_mensual_asesor_id_usuario_2d2f0e2f; Type: INDEX; Schema: public; Owner: jarddigital_db_user
--

CREATE INDEX liquidacion_mensual_asesor_id_usuario_2d2f0e2f ON public.liquidacion_mensual_asesor USING btree (id_usuario);


--
-- Name: modalidades_sede_id_modalidad_53ef5935; Type: INDEX; Schema: public; Owner: jarddigital_db_user
--

CREATE INDEX modalidades_sede_id_modalidad_53ef5935 ON public.modalidades_sede USING btree (id_modalidad);


--
-- Name: modalidades_sede_id_sucursal_919c03a4; Type: INDEX; Schema: public; Owner: jarddigital_db_user
--

CREATE INDEX modalidades_sede_id_sucursal_919c03a4 ON public.modalidades_sede USING btree (id_sucursal);


--
-- Name: permisos_acceso_id_modalidad_sede_911a416f; Type: INDEX; Schema: public; Owner: jarddigital_db_user
--

CREATE INDEX permisos_acceso_id_modalidad_sede_911a416f ON public.permisos_acceso USING btree (id_modalidad_sede);


--
-- Name: permisos_acceso_id_usuario_985426a6; Type: INDEX; Schema: public; Owner: jarddigital_db_user
--

CREATE INDEX permisos_acceso_id_usuario_985426a6 ON public.permisos_acceso USING btree (id_usuario);


--
-- Name: provincias_codigo_ubigeo_b3085d98_like; Type: INDEX; Schema: public; Owner: jarddigital_db_user
--

CREATE INDEX provincias_codigo_ubigeo_b3085d98_like ON public.provincias USING btree (codigo_ubigeo varchar_pattern_ops);


--
-- Name: provincias_id_departamento_id_eec28920; Type: INDEX; Schema: public; Owner: jarddigital_db_user
--

CREATE INDEX provincias_id_departamento_id_eec28920 ON public.provincias USING btree (id_departamento_id);


--
-- Name: roles_sistema_codigo_26a3e1c4_like; Type: INDEX; Schema: public; Owner: jarddigital_db_user
--

CREATE INDEX roles_sistema_codigo_26a3e1c4_like ON public.roles_sistema USING btree (codigo varchar_pattern_ops);


--
-- Name: seguimiento_mensual_id_seguimiento_4552e470; Type: INDEX; Schema: public; Owner: jarddigital_db_user
--

CREATE INDEX seguimiento_mensual_id_seguimiento_4552e470 ON public.seguimiento_mensual USING btree (id_seguimiento);


--
-- Name: supervisor_asignacion_id_modalidad_sede_70ee8bd0; Type: INDEX; Schema: public; Owner: jarddigital_db_user
--

CREATE INDEX supervisor_asignacion_id_modalidad_sede_70ee8bd0 ON public.supervisor_asignacion USING btree (id_modalidad_sede);


--
-- Name: supervisor_asignacion_id_supervisor_fb0739de; Type: INDEX; Schema: public; Owner: jarddigital_db_user
--

CREATE INDEX supervisor_asignacion_id_supervisor_fb0739de ON public.supervisor_asignacion USING btree (id_supervisor);


--
-- Name: tipos_documento_codigo_75b6bddc_like; Type: INDEX; Schema: public; Owner: jarddigital_db_user
--

CREATE INDEX tipos_documento_codigo_75b6bddc_like ON public.tipos_documento USING btree (codigo varchar_pattern_ops);


--
-- Name: usuarios_groups_group_id_18c61092; Type: INDEX; Schema: public; Owner: jarddigital_db_user
--

CREATE INDEX usuarios_groups_group_id_18c61092 ON public.usuarios_groups USING btree (group_id);


--
-- Name: usuarios_groups_usuario_id_1132ca50; Type: INDEX; Schema: public; Owner: jarddigital_db_user
--

CREATE INDEX usuarios_groups_usuario_id_1132ca50 ON public.usuarios_groups USING btree (usuario_id);


--
-- Name: usuarios_id_rol_af950121; Type: INDEX; Schema: public; Owner: jarddigital_db_user
--

CREATE INDEX usuarios_id_rol_af950121 ON public.usuarios USING btree (id_rol);


--
-- Name: usuarios_user_permissions_permission_id_af615ca1; Type: INDEX; Schema: public; Owner: jarddigital_db_user
--

CREATE INDEX usuarios_user_permissions_permission_id_af615ca1 ON public.usuarios_user_permissions USING btree (permission_id);


--
-- Name: usuarios_user_permissions_usuario_id_232fd58d; Type: INDEX; Schema: public; Owner: jarddigital_db_user
--

CREATE INDEX usuarios_user_permissions_usuario_id_232fd58d ON public.usuarios_user_permissions USING btree (usuario_id);


--
-- Name: usuarios_username_50482a29_like; Type: INDEX; Schema: public; Owner: jarddigital_db_user
--

CREATE INDEX usuarios_username_50482a29_like ON public.usuarios USING btree (username varchar_pattern_ops);


--
-- Name: ventas_fecha_venta_fd6faed7; Type: INDEX; Schema: public; Owner: jarddigital_db_user
--

CREATE INDEX ventas_fecha_venta_fd6faed7 ON public.ventas USING btree (fecha_venta);


--
-- Name: ventas_id_asesor_a6dee3f8; Type: INDEX; Schema: public; Owner: jarddigital_db_user
--

CREATE INDEX ventas_id_asesor_a6dee3f8 ON public.ventas USING btree (id_asesor);


--
-- Name: ventas_id_distrito_instalacion_eb82cf4b; Type: INDEX; Schema: public; Owner: jarddigital_db_user
--

CREATE INDEX ventas_id_distrito_instalacion_eb82cf4b ON public.ventas USING btree (id_distrito_instalacion);


--
-- Name: ventas_id_distrito_nacimiento_186100e2; Type: INDEX; Schema: public; Owner: jarddigital_db_user
--

CREATE INDEX ventas_id_distrito_nacimiento_186100e2 ON public.ventas USING btree (id_distrito_nacimiento);


--
-- Name: ventas_id_estado_audios_e65ca900; Type: INDEX; Schema: public; Owner: jarddigital_db_user
--

CREATE INDEX ventas_id_estado_audios_e65ca900 ON public.ventas USING btree (id_estado_audios);


--
-- Name: ventas_id_estado_sot_b783ef95; Type: INDEX; Schema: public; Owner: jarddigital_db_user
--

CREATE INDEX ventas_id_estado_sot_b783ef95 ON public.ventas USING btree (id_estado_sot);


--
-- Name: ventas_id_grabador_audios_589b36e6; Type: INDEX; Schema: public; Owner: jarddigital_db_user
--

CREATE INDEX ventas_id_grabador_audios_589b36e6 ON public.ventas USING btree (id_grabador_audios);


--
-- Name: ventas_id_origen_venta_b175b7a4; Type: INDEX; Schema: public; Owner: jarddigital_db_user
--

CREATE INDEX ventas_id_origen_venta_b175b7a4 ON public.ventas USING btree (id_origen_venta);


--
-- Name: ventas_id_producto_54e1cc49; Type: INDEX; Schema: public; Owner: jarddigital_db_user
--

CREATE INDEX ventas_id_producto_54e1cc49 ON public.ventas USING btree (id_producto);


--
-- Name: ventas_id_sub_estado_sot_a4b0b232; Type: INDEX; Schema: public; Owner: jarddigital_db_user
--

CREATE INDEX ventas_id_sub_estado_sot_a4b0b232 ON public.ventas USING btree (id_sub_estado_sot);


--
-- Name: ventas_id_supervisor_vigente_35b03c28; Type: INDEX; Schema: public; Owner: jarddigital_db_user
--

CREATE INDEX ventas_id_supervisor_vigente_35b03c28 ON public.ventas USING btree (id_supervisor_vigente);


--
-- Name: ventas_id_tipo_documento_791cd617; Type: INDEX; Schema: public; Owner: jarddigital_db_user
--

CREATE INDEX ventas_id_tipo_documento_791cd617 ON public.ventas USING btree (id_tipo_documento);


--
-- Name: ventas_usuario_creacion_38751943; Type: INDEX; Schema: public; Owner: jarddigital_db_user
--

CREATE INDEX ventas_usuario_creacion_38751943 ON public.ventas USING btree (usuario_creacion);


--
-- Name: ventas_usuario_modificacion_032acd31; Type: INDEX; Schema: public; Owner: jarddigital_db_user
--

CREATE INDEX ventas_usuario_modificacion_032acd31 ON public.ventas USING btree (usuario_modificacion);


--
-- Name: ventas_usuario_revision_audios_37476eb3; Type: INDEX; Schema: public; Owner: jarddigital_db_user
--

CREATE INDEX ventas_usuario_revision_audios_37476eb3 ON public.ventas USING btree (usuario_revision_audios);


--
-- Name: ventas_venta_origen_d0ee3374; Type: INDEX; Schema: public; Owner: jarddigital_db_user
--

CREATE INDEX ventas_venta_origen_d0ee3374 ON public.ventas USING btree (venta_origen);


--
-- Name: asistencia asistencia_id_sucursal_40dd2879_fk_sucursales_id; Type: FK CONSTRAINT; Schema: public; Owner: jarddigital_db_user
--

ALTER TABLE ONLY public.asistencia
    ADD CONSTRAINT asistencia_id_sucursal_40dd2879_fk_sucursales_id FOREIGN KEY (id_sucursal) REFERENCES public.sucursales(id) DEFERRABLE INITIALLY DEFERRED;


--
-- Name: asistencia asistencia_id_usuario_bd688cf9_fk_usuarios_id; Type: FK CONSTRAINT; Schema: public; Owner: jarddigital_db_user
--

ALTER TABLE ONLY public.asistencia
    ADD CONSTRAINT asistencia_id_usuario_bd688cf9_fk_usuarios_id FOREIGN KEY (id_usuario) REFERENCES public.usuarios(id) DEFERRABLE INITIALLY DEFERRED;


--
-- Name: audios_venta audios_venta_id_venta_9e1d0775_fk_ventas_id; Type: FK CONSTRAINT; Schema: public; Owner: jarddigital_db_user
--

ALTER TABLE ONLY public.audios_venta
    ADD CONSTRAINT audios_venta_id_venta_9e1d0775_fk_ventas_id FOREIGN KEY (id_venta) REFERENCES public.ventas(id) DEFERRABLE INITIALLY DEFERRED;


--
-- Name: auth_group_permissions auth_group_permissio_permission_id_84c5c92e_fk_auth_perm; Type: FK CONSTRAINT; Schema: public; Owner: jarddigital_db_user
--

ALTER TABLE ONLY public.auth_group_permissions
    ADD CONSTRAINT auth_group_permissio_permission_id_84c5c92e_fk_auth_perm FOREIGN KEY (permission_id) REFERENCES public.auth_permission(id) DEFERRABLE INITIALLY DEFERRED;


--
-- Name: auth_group_permissions auth_group_permissions_group_id_b120cbf9_fk_auth_group_id; Type: FK CONSTRAINT; Schema: public; Owner: jarddigital_db_user
--

ALTER TABLE ONLY public.auth_group_permissions
    ADD CONSTRAINT auth_group_permissions_group_id_b120cbf9_fk_auth_group_id FOREIGN KEY (group_id) REFERENCES public.auth_group(id) DEFERRABLE INITIALLY DEFERRED;


--
-- Name: auth_permission auth_permission_content_type_id_2f476e4b_fk_django_co; Type: FK CONSTRAINT; Schema: public; Owner: jarddigital_db_user
--

ALTER TABLE ONLY public.auth_permission
    ADD CONSTRAINT auth_permission_content_type_id_2f476e4b_fk_django_co FOREIGN KEY (content_type_id) REFERENCES public.django_content_type(id) DEFERRABLE INITIALLY DEFERRED;


--
-- Name: bolsa_comisiones bolsa_comisiones_id_regla_aplicada_b5dbc9ab_fk_reglas_re; Type: FK CONSTRAINT; Schema: public; Owner: jarddigital_db_user
--

ALTER TABLE ONLY public.bolsa_comisiones
    ADD CONSTRAINT bolsa_comisiones_id_regla_aplicada_b5dbc9ab_fk_reglas_re FOREIGN KEY (id_regla_aplicada) REFERENCES public.reglas_rendimiento_mensual(id) DEFERRABLE INITIALLY DEFERRED;


--
-- Name: bolsa_comisiones bolsa_comisiones_id_usuario_b2595177_fk_usuarios_id; Type: FK CONSTRAINT; Schema: public; Owner: jarddigital_db_user
--

ALTER TABLE ONLY public.bolsa_comisiones
    ADD CONSTRAINT bolsa_comisiones_id_usuario_b2595177_fk_usuarios_id FOREIGN KEY (id_usuario) REFERENCES public.usuarios(id) DEFERRABLE INITIALLY DEFERRED;


--
-- Name: distritos distritos_id_provincia_id_4b37ab0c_fk_provincias_id; Type: FK CONSTRAINT; Schema: public; Owner: jarddigital_db_user
--

ALTER TABLE ONLY public.distritos
    ADD CONSTRAINT distritos_id_provincia_id_4b37ab0c_fk_provincias_id FOREIGN KEY (id_provincia_id) REFERENCES public.provincias(id) DEFERRABLE INITIALLY DEFERRED;


--
-- Name: django_admin_log django_admin_log_content_type_id_c4bce8eb_fk_django_co; Type: FK CONSTRAINT; Schema: public; Owner: jarddigital_db_user
--

ALTER TABLE ONLY public.django_admin_log
    ADD CONSTRAINT django_admin_log_content_type_id_c4bce8eb_fk_django_co FOREIGN KEY (content_type_id) REFERENCES public.django_content_type(id) DEFERRABLE INITIALLY DEFERRED;


--
-- Name: django_admin_log django_admin_log_user_id_c564eba6_fk_usuarios_id; Type: FK CONSTRAINT; Schema: public; Owner: jarddigital_db_user
--

ALTER TABLE ONLY public.django_admin_log
    ADD CONSTRAINT django_admin_log_user_id_c564eba6_fk_usuarios_id FOREIGN KEY (user_id) REFERENCES public.usuarios(id) DEFERRABLE INITIALLY DEFERRED;


--
-- Name: grabadores_audio grabadores_audio_id_usuario_id_3f7c97b7_fk_usuarios_id; Type: FK CONSTRAINT; Schema: public; Owner: jarddigital_db_user
--

ALTER TABLE ONLY public.grabadores_audio
    ADD CONSTRAINT grabadores_audio_id_usuario_id_3f7c97b7_fk_usuarios_id FOREIGN KEY (id_usuario_id) REFERENCES public.usuarios(id) DEFERRABLE INITIALLY DEFERRED;


--
-- Name: historial_agenda_sot historial_agenda_sot_id_sub_estado_motivo_c7d9983a_fk_sub_estad; Type: FK CONSTRAINT; Schema: public; Owner: jarddigital_db_user
--

ALTER TABLE ONLY public.historial_agenda_sot
    ADD CONSTRAINT historial_agenda_sot_id_sub_estado_motivo_c7d9983a_fk_sub_estad FOREIGN KEY (id_sub_estado_motivo) REFERENCES public.sub_estados_sot(id) DEFERRABLE INITIALLY DEFERRED;


--
-- Name: historial_agenda_sot historial_agenda_sot_id_venta_b863e6dd_fk_ventas_id; Type: FK CONSTRAINT; Schema: public; Owner: jarddigital_db_user
--

ALTER TABLE ONLY public.historial_agenda_sot
    ADD CONSTRAINT historial_agenda_sot_id_venta_b863e6dd_fk_ventas_id FOREIGN KEY (id_venta) REFERENCES public.ventas(id) DEFERRABLE INITIALLY DEFERRED;


--
-- Name: historial_agenda_sot historial_agenda_sot_usuario_responsable_5cebfce3_fk_usuarios_; Type: FK CONSTRAINT; Schema: public; Owner: jarddigital_db_user
--

ALTER TABLE ONLY public.historial_agenda_sot
    ADD CONSTRAINT historial_agenda_sot_usuario_responsable_5cebfce3_fk_usuarios_ FOREIGN KEY (usuario_responsable) REFERENCES public.usuarios(id) DEFERRABLE INITIALLY DEFERRED;


--
-- Name: liquidacion_mensual_asesor liquidacion_mensual__id_bolsa_pagada_ab08b163_fk_bolsa_com; Type: FK CONSTRAINT; Schema: public; Owner: jarddigital_db_user
--

ALTER TABLE ONLY public.liquidacion_mensual_asesor
    ADD CONSTRAINT liquidacion_mensual__id_bolsa_pagada_ab08b163_fk_bolsa_com FOREIGN KEY (id_bolsa_pagada) REFERENCES public.bolsa_comisiones(id) DEFERRABLE INITIALLY DEFERRED;


--
-- Name: liquidacion_mensual_asesor liquidacion_mensual_asesor_id_usuario_2d2f0e2f_fk_usuarios_id; Type: FK CONSTRAINT; Schema: public; Owner: jarddigital_db_user
--

ALTER TABLE ONLY public.liquidacion_mensual_asesor
    ADD CONSTRAINT liquidacion_mensual_asesor_id_usuario_2d2f0e2f_fk_usuarios_id FOREIGN KEY (id_usuario) REFERENCES public.usuarios(id) DEFERRABLE INITIALLY DEFERRED;


--
-- Name: modalidades_sede modalidades_sede_id_modalidad_53ef5935_fk_modalidades_id; Type: FK CONSTRAINT; Schema: public; Owner: jarddigital_db_user
--

ALTER TABLE ONLY public.modalidades_sede
    ADD CONSTRAINT modalidades_sede_id_modalidad_53ef5935_fk_modalidades_id FOREIGN KEY (id_modalidad) REFERENCES public.modalidades(id) DEFERRABLE INITIALLY DEFERRED;


--
-- Name: modalidades_sede modalidades_sede_id_sucursal_919c03a4_fk_sucursales_id; Type: FK CONSTRAINT; Schema: public; Owner: jarddigital_db_user
--

ALTER TABLE ONLY public.modalidades_sede
    ADD CONSTRAINT modalidades_sede_id_sucursal_919c03a4_fk_sucursales_id FOREIGN KEY (id_sucursal) REFERENCES public.sucursales(id) DEFERRABLE INITIALLY DEFERRED;


--
-- Name: perfiles_laborales perfiles_laborales_id_usuario_0ff466bb_fk_usuarios_id; Type: FK CONSTRAINT; Schema: public; Owner: jarddigital_db_user
--

ALTER TABLE ONLY public.perfiles_laborales
    ADD CONSTRAINT perfiles_laborales_id_usuario_0ff466bb_fk_usuarios_id FOREIGN KEY (id_usuario) REFERENCES public.usuarios(id) DEFERRABLE INITIALLY DEFERRED;


--
-- Name: permisos_acceso permisos_acceso_id_modalidad_sede_911a416f_fk_modalidad; Type: FK CONSTRAINT; Schema: public; Owner: jarddigital_db_user
--

ALTER TABLE ONLY public.permisos_acceso
    ADD CONSTRAINT permisos_acceso_id_modalidad_sede_911a416f_fk_modalidad FOREIGN KEY (id_modalidad_sede) REFERENCES public.modalidades_sede(id) DEFERRABLE INITIALLY DEFERRED;


--
-- Name: permisos_acceso permisos_acceso_id_usuario_985426a6_fk_usuarios_id; Type: FK CONSTRAINT; Schema: public; Owner: jarddigital_db_user
--

ALTER TABLE ONLY public.permisos_acceso
    ADD CONSTRAINT permisos_acceso_id_usuario_985426a6_fk_usuarios_id FOREIGN KEY (id_usuario) REFERENCES public.usuarios(id) DEFERRABLE INITIALLY DEFERRED;


--
-- Name: provincias provincias_id_departamento_id_eec28920_fk_departamentos_id; Type: FK CONSTRAINT; Schema: public; Owner: jarddigital_db_user
--

ALTER TABLE ONLY public.provincias
    ADD CONSTRAINT provincias_id_departamento_id_eec28920_fk_departamentos_id FOREIGN KEY (id_departamento_id) REFERENCES public.departamentos(id) DEFERRABLE INITIALLY DEFERRED;


--
-- Name: seguimiento seguimiento_id_venta_509454a5_fk_ventas_id; Type: FK CONSTRAINT; Schema: public; Owner: jarddigital_db_user
--

ALTER TABLE ONLY public.seguimiento
    ADD CONSTRAINT seguimiento_id_venta_509454a5_fk_ventas_id FOREIGN KEY (id_venta) REFERENCES public.ventas(id) DEFERRABLE INITIALLY DEFERRED;


--
-- Name: seguimiento_mensual seguimiento_mensual_id_seguimiento_4552e470_fk_seguimiento_id; Type: FK CONSTRAINT; Schema: public; Owner: jarddigital_db_user
--

ALTER TABLE ONLY public.seguimiento_mensual
    ADD CONSTRAINT seguimiento_mensual_id_seguimiento_4552e470_fk_seguimiento_id FOREIGN KEY (id_seguimiento) REFERENCES public.seguimiento(id) DEFERRABLE INITIALLY DEFERRED;


--
-- Name: supervisor_asignacion supervisor_asignacio_id_modalidad_sede_70ee8bd0_fk_modalidad; Type: FK CONSTRAINT; Schema: public; Owner: jarddigital_db_user
--

ALTER TABLE ONLY public.supervisor_asignacion
    ADD CONSTRAINT supervisor_asignacio_id_modalidad_sede_70ee8bd0_fk_modalidad FOREIGN KEY (id_modalidad_sede) REFERENCES public.modalidades_sede(id) DEFERRABLE INITIALLY DEFERRED;


--
-- Name: supervisor_asignacion supervisor_asignacion_id_supervisor_fb0739de_fk_usuarios_id; Type: FK CONSTRAINT; Schema: public; Owner: jarddigital_db_user
--

ALTER TABLE ONLY public.supervisor_asignacion
    ADD CONSTRAINT supervisor_asignacion_id_supervisor_fb0739de_fk_usuarios_id FOREIGN KEY (id_supervisor) REFERENCES public.usuarios(id) DEFERRABLE INITIALLY DEFERRED;


--
-- Name: usuarios_groups usuarios_groups_group_id_18c61092_fk_auth_group_id; Type: FK CONSTRAINT; Schema: public; Owner: jarddigital_db_user
--

ALTER TABLE ONLY public.usuarios_groups
    ADD CONSTRAINT usuarios_groups_group_id_18c61092_fk_auth_group_id FOREIGN KEY (group_id) REFERENCES public.auth_group(id) DEFERRABLE INITIALLY DEFERRED;


--
-- Name: usuarios_groups usuarios_groups_usuario_id_1132ca50_fk_usuarios_id; Type: FK CONSTRAINT; Schema: public; Owner: jarddigital_db_user
--

ALTER TABLE ONLY public.usuarios_groups
    ADD CONSTRAINT usuarios_groups_usuario_id_1132ca50_fk_usuarios_id FOREIGN KEY (usuario_id) REFERENCES public.usuarios(id) DEFERRABLE INITIALLY DEFERRED;


--
-- Name: usuarios usuarios_id_rol_af950121_fk_roles_sistema_id; Type: FK CONSTRAINT; Schema: public; Owner: jarddigital_db_user
--

ALTER TABLE ONLY public.usuarios
    ADD CONSTRAINT usuarios_id_rol_af950121_fk_roles_sistema_id FOREIGN KEY (id_rol) REFERENCES public.roles_sistema(id) DEFERRABLE INITIALLY DEFERRED;


--
-- Name: usuarios_user_permissions usuarios_user_permis_permission_id_af615ca1_fk_auth_perm; Type: FK CONSTRAINT; Schema: public; Owner: jarddigital_db_user
--

ALTER TABLE ONLY public.usuarios_user_permissions
    ADD CONSTRAINT usuarios_user_permis_permission_id_af615ca1_fk_auth_perm FOREIGN KEY (permission_id) REFERENCES public.auth_permission(id) DEFERRABLE INITIALLY DEFERRED;


--
-- Name: usuarios_user_permissions usuarios_user_permissions_usuario_id_232fd58d_fk_usuarios_id; Type: FK CONSTRAINT; Schema: public; Owner: jarddigital_db_user
--

ALTER TABLE ONLY public.usuarios_user_permissions
    ADD CONSTRAINT usuarios_user_permissions_usuario_id_232fd58d_fk_usuarios_id FOREIGN KEY (usuario_id) REFERENCES public.usuarios(id) DEFERRABLE INITIALLY DEFERRED;


--
-- Name: ventas ventas_id_asesor_a6dee3f8_fk_usuarios_id; Type: FK CONSTRAINT; Schema: public; Owner: jarddigital_db_user
--

ALTER TABLE ONLY public.ventas
    ADD CONSTRAINT ventas_id_asesor_a6dee3f8_fk_usuarios_id FOREIGN KEY (id_asesor) REFERENCES public.usuarios(id) DEFERRABLE INITIALLY DEFERRED;


--
-- Name: ventas ventas_id_distrito_instalacion_eb82cf4b_fk_distritos_id; Type: FK CONSTRAINT; Schema: public; Owner: jarddigital_db_user
--

ALTER TABLE ONLY public.ventas
    ADD CONSTRAINT ventas_id_distrito_instalacion_eb82cf4b_fk_distritos_id FOREIGN KEY (id_distrito_instalacion) REFERENCES public.distritos(id) DEFERRABLE INITIALLY DEFERRED;


--
-- Name: ventas ventas_id_distrito_nacimiento_186100e2_fk_distritos_id; Type: FK CONSTRAINT; Schema: public; Owner: jarddigital_db_user
--

ALTER TABLE ONLY public.ventas
    ADD CONSTRAINT ventas_id_distrito_nacimiento_186100e2_fk_distritos_id FOREIGN KEY (id_distrito_nacimiento) REFERENCES public.distritos(id) DEFERRABLE INITIALLY DEFERRED;


--
-- Name: ventas ventas_id_estado_audios_e65ca900_fk_estados_audios_id; Type: FK CONSTRAINT; Schema: public; Owner: jarddigital_db_user
--

ALTER TABLE ONLY public.ventas
    ADD CONSTRAINT ventas_id_estado_audios_e65ca900_fk_estados_audios_id FOREIGN KEY (id_estado_audios) REFERENCES public.estados_audios(id) DEFERRABLE INITIALLY DEFERRED;


--
-- Name: ventas ventas_id_estado_sot_b783ef95_fk_estados_sot_id; Type: FK CONSTRAINT; Schema: public; Owner: jarddigital_db_user
--

ALTER TABLE ONLY public.ventas
    ADD CONSTRAINT ventas_id_estado_sot_b783ef95_fk_estados_sot_id FOREIGN KEY (id_estado_sot) REFERENCES public.estados_sot(id) DEFERRABLE INITIALLY DEFERRED;


--
-- Name: ventas ventas_id_grabador_audios_589b36e6_fk_grabadores_audio_id; Type: FK CONSTRAINT; Schema: public; Owner: jarddigital_db_user
--

ALTER TABLE ONLY public.ventas
    ADD CONSTRAINT ventas_id_grabador_audios_589b36e6_fk_grabadores_audio_id FOREIGN KEY (id_grabador_audios) REFERENCES public.grabadores_audio(id) DEFERRABLE INITIALLY DEFERRED;


--
-- Name: ventas ventas_id_origen_venta_b175b7a4_fk_modalidades_sede_id; Type: FK CONSTRAINT; Schema: public; Owner: jarddigital_db_user
--

ALTER TABLE ONLY public.ventas
    ADD CONSTRAINT ventas_id_origen_venta_b175b7a4_fk_modalidades_sede_id FOREIGN KEY (id_origen_venta) REFERENCES public.modalidades_sede(id) DEFERRABLE INITIALLY DEFERRED;


--
-- Name: ventas ventas_id_producto_54e1cc49_fk_productos_id; Type: FK CONSTRAINT; Schema: public; Owner: jarddigital_db_user
--

ALTER TABLE ONLY public.ventas
    ADD CONSTRAINT ventas_id_producto_54e1cc49_fk_productos_id FOREIGN KEY (id_producto) REFERENCES public.productos(id) DEFERRABLE INITIALLY DEFERRED;


--
-- Name: ventas ventas_id_sub_estado_sot_a4b0b232_fk_sub_estados_sot_id; Type: FK CONSTRAINT; Schema: public; Owner: jarddigital_db_user
--

ALTER TABLE ONLY public.ventas
    ADD CONSTRAINT ventas_id_sub_estado_sot_a4b0b232_fk_sub_estados_sot_id FOREIGN KEY (id_sub_estado_sot) REFERENCES public.sub_estados_sot(id) DEFERRABLE INITIALLY DEFERRED;


--
-- Name: ventas ventas_id_supervisor_vigent_35b03c28_fk_superviso; Type: FK CONSTRAINT; Schema: public; Owner: jarddigital_db_user
--

ALTER TABLE ONLY public.ventas
    ADD CONSTRAINT ventas_id_supervisor_vigent_35b03c28_fk_superviso FOREIGN KEY (id_supervisor_vigente) REFERENCES public.supervisor_asignacion(id) DEFERRABLE INITIALLY DEFERRED;


--
-- Name: ventas ventas_id_tipo_documento_791cd617_fk_tipos_documento_id; Type: FK CONSTRAINT; Schema: public; Owner: jarddigital_db_user
--

ALTER TABLE ONLY public.ventas
    ADD CONSTRAINT ventas_id_tipo_documento_791cd617_fk_tipos_documento_id FOREIGN KEY (id_tipo_documento) REFERENCES public.tipos_documento(id) DEFERRABLE INITIALLY DEFERRED;


--
-- Name: ventas ventas_usuario_creacion_38751943_fk_usuarios_id; Type: FK CONSTRAINT; Schema: public; Owner: jarddigital_db_user
--

ALTER TABLE ONLY public.ventas
    ADD CONSTRAINT ventas_usuario_creacion_38751943_fk_usuarios_id FOREIGN KEY (usuario_creacion) REFERENCES public.usuarios(id) DEFERRABLE INITIALLY DEFERRED;


--
-- Name: ventas ventas_usuario_modificacion_032acd31_fk_usuarios_id; Type: FK CONSTRAINT; Schema: public; Owner: jarddigital_db_user
--

ALTER TABLE ONLY public.ventas
    ADD CONSTRAINT ventas_usuario_modificacion_032acd31_fk_usuarios_id FOREIGN KEY (usuario_modificacion) REFERENCES public.usuarios(id) DEFERRABLE INITIALLY DEFERRED;


--
-- Name: ventas ventas_usuario_revision_audios_37476eb3_fk_usuarios_id; Type: FK CONSTRAINT; Schema: public; Owner: jarddigital_db_user
--

ALTER TABLE ONLY public.ventas
    ADD CONSTRAINT ventas_usuario_revision_audios_37476eb3_fk_usuarios_id FOREIGN KEY (usuario_revision_audios) REFERENCES public.usuarios(id) DEFERRABLE INITIALLY DEFERRED;


--
-- Name: ventas ventas_venta_origen_d0ee3374_fk_ventas_id; Type: FK CONSTRAINT; Schema: public; Owner: jarddigital_db_user
--

ALTER TABLE ONLY public.ventas
    ADD CONSTRAINT ventas_venta_origen_d0ee3374_fk_ventas_id FOREIGN KEY (venta_origen) REFERENCES public.ventas(id) DEFERRABLE INITIALLY DEFERRED;


--
-- Name: DEFAULT PRIVILEGES FOR SEQUENCES; Type: DEFAULT ACL; Schema: -; Owner: postgres
--

ALTER DEFAULT PRIVILEGES FOR ROLE postgres GRANT ALL ON SEQUENCES TO jarddigital_db_user;


--
-- Name: DEFAULT PRIVILEGES FOR TYPES; Type: DEFAULT ACL; Schema: -; Owner: postgres
--

ALTER DEFAULT PRIVILEGES FOR ROLE postgres GRANT ALL ON TYPES TO jarddigital_db_user;


--
-- Name: DEFAULT PRIVILEGES FOR FUNCTIONS; Type: DEFAULT ACL; Schema: -; Owner: postgres
--

ALTER DEFAULT PRIVILEGES FOR ROLE postgres GRANT ALL ON FUNCTIONS TO jarddigital_db_user;


--
-- Name: DEFAULT PRIVILEGES FOR TABLES; Type: DEFAULT ACL; Schema: -; Owner: postgres
--

ALTER DEFAULT PRIVILEGES FOR ROLE postgres GRANT ALL ON TABLES TO jarddigital_db_user;


--
-- PostgreSQL database dump complete
--

\unrestrict vuQUEL0yvSNe1df201WcI3HpdDjlzrpHWzgBvq9izl9hLiHyzBE7kXgwsOnjfpj

